img,shift,rule,t,dino_dev,lpips_recA,hf_ret,real_dino
0,0,linear,0.25,0.0,0.0,0.9999999978306805,1.0016692876815796
0,0,linear,0.5,0.0,0.0,0.9999999978306805,1.0016692876815796
0,0,linear,0.75,0.0,0.0,0.9999999978306805,1.0016692876815796
0,0,gauss,0.25,14.156732559204102,0.07183302193880081,1.0834752447819633,1.0958718061447144
0,0,gauss,0.5,17.362459182739258,0.09696459770202637,1.1344694989646193,1.10867178440094
0,0,gauss,0.75,20.06958770751953,0.10841290652751923,1.1638758956923914,1.1207244396209717
0,0,ot,0.25,10.48117446899414,0.035473670810461044,1.1077611076193765,1.0841869115829468
0,0,ot,0.5,21.22998809814453,0.07799224555492401,1.1928936120703177,1.19296395778656
0,0,ot,0.75,25.377002716064453,0.11116252094507217,1.2201251573395382,1.1822795867919922
0,4,linear,0.25,3.101986885070801,0.013574080541729927,1.0128884494513577,0.9927668571472168
0,4,linear,0.5,4.843535423278809,0.031210338696837425,1.0217379096920836,0.9795659780502319
0,4,linear,0.75,7.800322532653809,0.04797857254743576,1.0215109208849797,0.9525784254074097
0,4,gauss,0.25,14.267948150634766,0.07494817674160004,1.093342437236141,1.0903993844985962
0,4,gauss,0.5,15.503596305847168,0.09894854575395584,1.143074514693907,1.0963759422302246
0,4,gauss,0.75,16.61202621459961,0.10992579907178879,1.1746976565706333,1.102331519126892
0,4,ot,0.25,10.329691886901855,0.04374540224671364,1.138393799902018,1.0843675136566162
0,4,ot,0.5,19.5325927734375,0.08529995381832123,1.2270893368613929,1.18185293674469
0,4,ot,0.75,21.907363891601562,0.1364801973104477,1.2529919211739546,1.189822793006897
0,16,linear,0.25,6.1270928382873535,0.03753860667347908,1.0390657348295376,1.016363263130188
0,16,linear,0.5,9.967562675476074,0.0661398321390152,1.0588385222874288,0.9832621812820435
0,16,linear,0.75,12.375032424926758,0.08871490508317947,1.060144596876182,1.0344816446304321
0,16,gauss,0.25,14.298100471496582,0.07336552441120148,1.0951829149805539,1.0889023542404175
0,16,gauss,0.5,17.8984375,0.09924380481243134,1.1546115715453182,1.1113451719284058
0,16,gauss,0.75,20.386919021606445,0.11198950558900833,1.1924166187866914,1.1260703802108765
0,16,ot,0.25,10.441978454589844,0.03600958734750748,1.1251487993576217,1.077813982963562
0,16,ot,0.5,21.51847267150879,0.08000433444976807,1.2275695626828589,1.18394935131073
0,16,ot,0.75,26.388338088989258,0.11039725691080093,1.268078045970332,1.1490658521652222
0,64,linear,0.25,8.808259963989258,0.04870330169796944,1.0309022191183965,1.0085145235061646
0,64,linear,0.5,11.442636489868164,0.08274081349372864,1.069611471844291,1.0446528196334839
0,64,linear,0.75,10.908032417297363,0.11508530378341675,1.0570311457304944,1.041567325592041
0,64,gauss,0.25,14.270541191101074,0.07256702333688736,1.0885876326769661,1.0926915407180786
0,64,gauss,0.5,17.19287109375,0.09599369019269943,1.1477226455043716,1.1029722690582275
0,64,gauss,0.75,19.75711441040039,0.1095738410949707,1.1888181576635346,1.1185767650604248
0,64,ot,0.25,9.930440902709961,0.034667085856199265,1.1109651991260894,1.074222207069397
0,64,ot,0.5,19.818750381469727,0.08027596026659012,1.2015491846914184,1.211398720741272
0,64,ot,0.75,24.624401092529297,0.11488193273544312,1.2226122719534052,1.196662425994873
1,0,linear,0.25,0.0,0.0,0.9999999964605842,1.084295392036438
1,0,linear,0.5,0.0,0.0,0.9999999964605842,1.084295392036438
1,0,linear,0.75,0.0,0.0,0.9999999964605842,1.084295392036438
1,0,gauss,0.25,9.368762969970703,0.09471756219863892,1.141687771493368,1.1250407695770264
1,0,gauss,0.5,11.156907081604004,0.1255154311656952,1.2254832071245203,1.1252609491348267
1,0,gauss,0.75,14.348923683166504,0.1444508135318756,1.289314861402741,1.1026890277862549
1,0,ot,0.25,9.1759672164917,0.06512165814638138,1.1230873554084349,1.0828644037246704
1,0,ot,0.5,15.761340141296387,0.14257940649986267,1.2793606599628593,1.0885804891586304
1,0,ot,0.75,33.96879959106445,0.21864934265613556,1.404433943699925,1.1424363851547241
1,4,linear,0.25,7.203702449798584,0.04550895467400551,1.0104399462222557,1.1020015478134155
1,4,linear,0.5,6.946934223175049,0.07745720446109772,1.0254223020601991,1.0956246852874756
1,4,linear,0.75,9.681594848632812,0.09315225481987,1.0279924961120404,1.0769789218902588
1,4,gauss,0.25,9.625142097473145,0.09768356382846832,1.1537901302781461,1.1189348697662354
1,4,gauss,0.5,11.053292274475098,0.12557362020015717,1.2494847648096539,1.1286357641220093
1,4,gauss,0.75,14.729031562805176,0.145440474152565,1.3228824438015487,1.1114683151245117
1,4,ot,0.25,8.968033790588379,0.0681353211402893,1.1361789319482063,1.0792633295059204
1,4,ot,0.5,16.137195587158203,0.14784161746501923,1.3141301134536263,1.110849142074585
1,4,ot,0.75,34.85646438598633,0.24777138233184814,1.3459920388788529,1.0985490083694458
1,16,linear,0.25,10.226128578186035,0.08767474442720413,1.00315583105153,1.0370721817016602
1,16,linear,0.5,14.90719223022461,0.14180631935596466,1.006010301265635,1.0791994333267212
1,16,linear,0.75,14.799771308898926,0.17476822435855865,1.0297982562685482,1.0432100296020508
1,16,gauss,0.25,9.431775093078613,0.09654679149389267,1.1529065008119936,1.1250925064086914
1,16,gauss,0.5,11.140655517578125,0.1265922486782074,1.2490099866996918,1.139090657234192
1,16,gauss,0.75,15.22354793548584,0.14832808077335358,1.3256518948739895,1.1304395198822021
1,16,ot,0.25,9.500242233276367,0.07197882235050201,1.1358902255080894,1.0822088718414307
1,16,ot,0.5,16.36111831665039,0.15029969811439514,1.3109372543977622,1.120632529258728
1,16,ot,0.75,34.19181823730469,0.25398197770118713,1.3189723016646486,1.1183067560195923
1,64,linear,0.25,10.818285942077637,0.09036245942115784,1.0885387829135045,1.0801535844802856
1,64,linear,0.5,20.95305824279785,0.16203173995018005,1.1127020457402892,1.0617101192474365
1,64,linear,0.75,16.537179946899414,0.20846951007843018,1.0724408409189383,1.1288912296295166
1,64,gauss,0.25,9.241886138916016,0.09659314900636673,1.148742356078162,1.1268572807312012
1,64,gauss,0.5,11.68362045288086,0.12389356642961502,1.23833860766158,1.1335469484329224
1,64,gauss,0.75,15.239276885986328,0.14282435178756714,1.3084898423321452,1.1157822608947754
1,64,ot,0.25,9.579900741577148,0.07130654901266098,1.130498260912014,1.0850688219070435
1,64,ot,0.5,16.209957122802734,0.14584434032440186,1.2976928332720463,1.123824119567871
1,64,ot,0.75,33.145103454589844,0.25301462411880493,1.272667353988734,1.135414481163025
2,0,linear,0.25,0.0,0.0,0.9999999852772291,0.7906954288482666
2,0,linear,0.5,0.0,0.0,0.9999999852772291,0.7906954288482666
2,0,linear,0.75,0.0,0.0,0.9999999852772291,0.7906954288482666
2,0,gauss,0.25,19.686664581298828,0.12480570375919342,1.315524331643032,0.8388460874557495
2,0,gauss,0.5,20.941543579101562,0.17930948734283447,1.4742047465270685,0.8396570682525635
2,0,gauss,0.75,22.84416961669922,0.21548058092594147,1.630311868845471,0.8497061729431152
2,0,ot,0.25,17.103879928588867,0.07746805995702744,1.3155450636561148,0.8358222246170044
2,0,ot,0.5,25.98822784423828,0.2364715039730072,1.9583409098958104,0.8464176654815674
2,0,ot,0.75,40.97251892089844,0.4222241938114166,3.2393886716348117,0.882585346698761
2,4,linear,0.25,5.195864200592041,0.03657739609479904,0.991835301691175,0.7887129187583923
2,4,linear,0.5,7.8982110023498535,0.06465297937393188,0.9666069647130392,0.787285327911377
2,4,linear,0.75,11.883867263793945,0.09047851711511612,0.9644935060037139,0.7955338954925537
2,4,gauss,0.25,19.388334274291992,0.12490157783031464,1.3177757843865263,0.8372114300727844
2,4,gauss,0.5,20.902692794799805,0.1799328774213791,1.478554520319542,0.8371874690055847
2,4,gauss,0.75,22.814706802368164,0.21694673597812653,1.6385049629679715,0.8423148393630981
2,4,ot,0.25,17.181150436401367,0.07879070192575455,1.321596946691989,0.8365407586097717
2,4,ot,0.5,25.50928497314453,0.23770421743392944,1.9717642850542452,0.8429995775222778
2,4,ot,0.75,41.36918258666992,0.42164847254753113,3.2454977048231517,0.8857321739196777
2,16,linear,0.25,12.202263832092285,0.08159437030553818,1.0130386664151312,0.7914373874664307
2,16,linear,0.5,14.516399383544922,0.1516534388065338,0.9417337045938897,0.8203225135803223
2,16,linear,0.75,18.40387535095215,0.202737495303154,0.9250096613208755,0.8410831093788147
2,16,gauss,0.25,19.40330696105957,0.12525032460689545,1.3287489427395323,0.8380662202835083
2,16,gauss,0.5,21.2714786529541,0.18441124260425568,1.5064734118843977,0.8376783728599548
2,16,gauss,0.75,24.313072204589844,0.22123868763446808,1.689301795509265,0.8428001403808594
2,16,ot,0.25,17.597604751586914,0.07866333425045013,1.327286403425086,0.835277795791626
2,16,ot,0.5,26.346004486083984,0.23990488052368164,1.9828683073840105,0.8473982214927673
2,16,ot,0.75,42.21861267089844,0.4253821074962616,3.2872293823741843,0.874014139175415
2,64,linear,0.25,16.38288688659668,0.10575564205646515,0.9544781885937624,0.8032018542289734
2,64,linear,0.5,27.274425506591797,0.27383309602737427,0.9840683656153723,0.8132036328315735
2,64,linear,0.75,25.33511734008789,0.37580209970474243,1.029521713747709,0.8391516208648682
2,64,gauss,0.25,19.650333404541016,0.12972146272659302,1.3588873663293264,0.8340873718261719
2,64,gauss,0.5,21.62474250793457,0.18944060802459717,1.5715725911229135,0.8296940922737122
2,64,gauss,0.75,24.162437438964844,0.22552816569805145,1.800366041615728,0.8508898615837097
2,64,ot,0.25,18.310396194458008,0.08126413077116013,1.350027447299264,0.8456011414527893
2,64,ot,0.5,26.99948501586914,0.2509424388408661,2.0744382086809456,0.8430260419845581
2,64,ot,0.75,41.54911804199219,0.4205072522163391,3.474244426016637,0.8703892230987549
3,0,linear,0.25,0.0,0.0,0.99999999542365,0.8452320098876953
3,0,linear,0.5,0.0,0.0,0.99999999542365,0.8452320098876953
3,0,linear,0.75,0.0,0.0,0.99999999542365,0.8452320098876953
3,0,gauss,0.25,11.565572738647461,0.08770628273487091,1.0683484721615901,0.8596333861351013
3,0,gauss,0.5,18.266643524169922,0.15198861062526703,1.1454393505476517,0.832618236541748
3,0,gauss,0.75,23.60067367553711,0.20255835354328156,1.246988168343795,0.8509701490402222
3,0,ot,0.25,10.327258110046387,0.047565486282110214,1.311789044353658,0.8391250967979431
3,0,ot,0.5,22.298791885375977,0.12730976939201355,1.8235985229698248,0.883597195148468
3,0,ot,0.75,38.62105178833008,0.24637055397033691,2.491141147485304,0.8958206176757812
3,4,linear,0.25,9.56067943572998,0.05293417349457741,0.9719060772499378,0.8567463755607605
3,4,linear,0.5,11.446186065673828,0.08837884664535522,0.9467823702772739,0.8590246438980103
3,4,linear,0.75,13.213661193847656,0.11114242672920227,0.9308145186792431,0.8966397643089294
3,4,gauss,0.25,12.2026948928833,0.08781478554010391,1.0712822001458011,0.8529701828956604
3,4,gauss,0.5,18.11611557006836,0.1514451503753662,1.1485234439395748,0.8364651799201965
3,4,gauss,0.75,23.49966812133789,0.20505917072296143,1.24867335199703,0.8410427570343018
3,4,ot,0.25,9.795411109924316,0.04504785314202309,1.3070666840434233,0.8474001884460449
3,4,ot,0.5,21.932279586791992,0.12426568567752838,1.7811274214521835,0.8635932803153992
3,4,ot,0.75,38.725040435791016,0.24475228786468506,2.3549224992110984,0.8963481187820435
3,16,linear,0.25,10.54854965209961,0.07953520864248276,0.9914839261057766,0.8297608494758606
3,16,linear,0.5,15.880558013916016,0.21273988485336304,0.903928706429807,0.8627505898475647
3,16,linear,0.75,18.660354614257812,0.27299433946609497,0.9926560943566449,0.920550525188446
3,16,gauss,0.25,12.270658493041992,0.08875450491905212,1.065900073250707,0.8594710826873779
3,16,gauss,0.5,18.30816078186035,0.1551743447780609,1.1384767161448275,0.8333376049995422
3,16,gauss,0.75,23.01466178894043,0.21011865139007568,1.2331134986912178,0.8454298377037048
3,16,ot,0.25,9.663436889648438,0.04363681748509407,1.2981851006278913,0.8528696298599243
3,16,ot,0.5,21.40976333618164,0.12225423753261566,1.756392209594139,0.868545651435852
3,16,ot,0.75,37.42344665527344,0.2503400444984436,2.3476749547523004,0.9041561484336853
3,64,linear,0.25,13.59567642211914,0.09750273078680038,1.0963364185241529,0.8628963828086853
3,64,linear,0.5,27.831796646118164,0.215020090341568,1.162671840007824,0.9253934025764465
3,64,linear,0.75,29.952266693115234,0.3105796277523041,1.1555928684686927,0.9292125701904297
3,64,gauss,0.25,12.806499481201172,0.0917728841304779,1.0620711084989471,0.8692967295646667
3,64,gauss,0.5,19.395090103149414,0.1608496606349945,1.1328940338465217,0.8457779884338379
3,64,gauss,0.75,24.247182846069336,0.22236868739128113,1.2368514258832062,0.8509054780006409
3,64,ot,0.25,9.886714935302734,0.04034869745373726,1.2947830918025196,0.867684006690979
3,64,ot,0.5,20.777177810668945,0.12207791954278946,1.7491799890723911,0.8916962146759033
3,64,ot,0.75,38.457191467285156,0.24000097811222076,2.2479668004867546,0.9241331219673157
4,0,linear,0.25,0.0,0.0,0.9999999984487569,0.8217257261276245
4,0,linear,0.5,0.0,0.0,0.9999999984487569,0.8217257261276245
4,0,linear,0.75,0.0,0.0,0.9999999984487569,0.8217257261276245
4,0,gauss,0.25,21.412071228027344,0.11712664365768433,1.1746931376234562,0.8245123624801636
4,0,gauss,0.5,25.31366539001465,0.13789057731628418,1.177204941228805,0.8623197674751282
4,0,gauss,0.75,27.47439956665039,0.15419861674308777,1.179264331705943,0.87152099609375
4,0,ot,0.25,16.509971618652344,0.09086766839027405,1.2163908712214164,0.8680992722511292
4,0,ot,0.5,26.23301124572754,0.1388208121061325,1.2737424873929157,0.8843744993209839
4,0,ot,0.75,33.33443832397461,0.20916017889976501,1.2543350459898566,0.9152624011039734
4,4,linear,0.25,5.9857258796691895,0.025417113676667213,0.9903953037967498,0.8345728516578674
4,4,linear,0.5,10.103750228881836,0.042848825454711914,1.0031491377771298,0.8358473777770996
4,4,linear,0.75,10.528435707092285,0.05590427294373512,1.0103928331998582,0.8279241919517517
4,4,gauss,0.25,21.275054931640625,0.11753951013088226,1.1730536138978416,0.8301421999931335
4,4,gauss,0.5,25.8408260345459,0.1377330720424652,1.1745971627967482,0.856982946395874
4,4,gauss,0.75,27.59566307067871,0.15556058287620544,1.1758180217677054,0.8585022687911987
4,4,ot,0.25,16.318584442138672,0.09124264121055603,1.2128086431759908,0.8728442192077637
4,4,ot,0.5,25.41992950439453,0.14080142974853516,1.2679402635967567,0.8897048234939575
4,4,ot,0.75,33.190879821777344,0.20760391652584076,1.242069500121081,0.9127667546272278
4,16,linear,0.25,7.652298450469971,0.0494728609919548,0.9801325620910996,0.8278821110725403
4,16,linear,0.5,14.262730598449707,0.08917442709207535,0.9890089391034346,0.8576439619064331
4,16,linear,0.75,18.179580688476562,0.11641891300678253,1.0099608540183744,0.8460372090339661
4,16,gauss,0.25,21.028276443481445,0.11838003247976303,1.1744707682031932,0.820563793182373
4,16,gauss,0.5,24.64715003967285,0.1373489946126938,1.1791966500362414,0.8544101715087891
4,16,gauss,0.75,26.437490463256836,0.15264400839805603,1.1861532531305223,0.8511991500854492
4,16,ot,0.25,17.091754913330078,0.09451883286237717,1.2221294816449595,0.8739620447158813
4,16,ot,0.5,27.291683197021484,0.14483840763568878,1.2819898501989933,0.8921504616737366
4,16,ot,0.75,33.384117126464844,0.22073975205421448,1.2626660862700871,0.903312087059021
4,64,linear,0.25,11.476234436035156,0.06292488425970078,0.9880803502935797,0.8425015807151794
4,64,linear,0.5,18.886890411376953,0.17111124098300934,0.9999610722425487,0.8496717810630798
4,64,linear,0.75,23.01006317138672,0.2681379020214081,1.0418827471028278,0.8677892088890076
4,64,gauss,0.25,21.218421936035156,0.11703145503997803,1.174934554070985,0.8198593854904175
4,64,gauss,0.5,25.006315231323242,0.1359788179397583,1.1800050391594676,0.8535921573638916
4,64,gauss,0.75,26.235422134399414,0.15297135710716248,1.187018136106464,0.846439778804779
4,64,ot,0.25,16.401607513427734,0.09193197637796402,1.213912353683134,0.8672729134559631
4,64,ot,0.5,25.087249755859375,0.13905256986618042,1.2720579350154642,0.8864070773124695
4,64,ot,0.75,33.38542556762695,0.20652556419372559,1.2549535196082096,0.9192212224006653
5,0,linear,0.25,0.0,0.0,0.9999999975965963,0.9140100479125977
5,0,linear,0.5,0.0,0.0,0.9999999975965963,0.9140100479125977
5,0,linear,0.75,0.0,0.0,0.9999999975965963,0.9140100479125977
5,0,gauss,0.25,14.492781639099121,0.08975064009428024,1.1485488985027443,0.9492431879043579
5,0,gauss,0.5,15.052056312561035,0.13257792592048645,1.230392425666914,0.9312559366226196
5,0,gauss,0.75,16.27362632751465,0.15808144211769104,1.2734680492161714,0.9436470866203308
5,0,ot,0.25,6.952275276184082,0.04314875230193138,1.0792087252432176,0.8965456485748291
5,0,ot,0.5,16.053123474121094,0.09274543076753616,1.152798887068022,0.91091388463974
5,0,ot,0.75,20.57550048828125,0.12400327622890472,1.2069228334657995,0.91794353723526
5,4,linear,0.25,3.9942312240600586,0.01031889021396637,1.0182935356360656,0.908787727355957
5,4,linear,0.5,8.530492782592773,0.026203729212284088,1.0182449725241205,0.9361133575439453
5,4,linear,0.75,13.77499771118164,0.05277650058269501,1.001768826578134,0.9444727301597595
5,4,gauss,0.25,14.010210037231445,0.08967858552932739,1.150401244576506,0.9486764669418335
5,4,gauss,0.5,15.445199966430664,0.13306796550750732,1.232923724156792,0.942904531955719
5,4,gauss,0.75,16.09732437133789,0.15932109951972961,1.2773476545191074,0.9405810236930847
5,4,ot,0.25,7.262665271759033,0.038767118006944656,1.0679329150148487,0.8985981345176697
5,4,ot,0.5,14.860330581665039,0.08869566023349762,1.1418243400385333,0.9081962704658508
5,4,ot,0.75,18.34505271911621,0.12207271158695221,1.1937407420260664,0.9180207252502441
5,16,linear,0.25,7.989566802978516,0.027474919334053993,0.9920762597515834,0.9205688238143921
5,16,linear,0.5,12.284402847290039,0.05317516252398491,0.9704866616496152,0.9462147951126099
5,16,linear,0.75,11.992801666259766,0.07670027017593384,0.9496409100337075,0.946918785572052
5,16,gauss,0.25,14.102249145507812,0.09040801972150803,1.1478651470770405,0.9560332894325256
5,16,gauss,0.5,14.863017082214355,0.13532519340515137,1.2303591907348455,0.9390919208526611
5,16,gauss,0.75,15.961895942687988,0.1620451807975769,1.279695587866538,0.9343920946121216
5,16,ot,0.25,7.191475868225098,0.042022593319416046,1.076060073564764,0.8952118158340454
5,16,ot,0.5,16.0556697845459,0.09196920692920685,1.1488347618947392,0.8977695107460022
5,16,ot,0.75,18.34632682800293,0.12598368525505066,1.210521660894363,0.9082199335098267
5,64,linear,0.25,8.460970878601074,0.03152487054467201,1.0384252376015604,0.8960955142974854
5,64,linear,0.5,11.413086891174316,0.07057783007621765,1.032388226794518,0.9071791768074036
5,64,linear,0.75,15.971776008605957,0.11263386905193329,0.988902825128096,0.9511895775794983
5,64,gauss,0.25,13.794987678527832,0.08962170779705048,1.141576582215203,0.9363461136817932
5,64,gauss,0.5,14.545439720153809,0.13268467783927917,1.2186503236114623,0.9237317442893982
5,64,gauss,0.75,16.191171646118164,0.15653154253959656,1.2590691581514795,0.9269586801528931
5,64,ot,0.25,6.642423152923584,0.0346437506377697,1.0539975939509063,0.8928420543670654
5,64,ot,0.5,13.051300048828125,0.08121491223573685,1.094673641079411,0.8980610370635986
5,64,ot,0.75,17.632831573486328,0.11176755279302597,1.0937247980942548,0.9123993515968323
6,0,linear,0.25,0.0,0.0,0.9999999971658439,1.1045886278152466
6,0,linear,0.5,0.0,0.0,0.9999999971658439,1.1045886278152466
6,0,linear,0.75,0.0,0.0,0.9999999971658439,1.1045886278152466
6,0,gauss,0.25,12.715375900268555,0.10589239001274109,1.0403875941928662,1.1177959442138672
6,0,gauss,0.5,17.251407623291016,0.19127686321735382,1.0647488255240158,1.0994551181793213
6,0,gauss,0.75,20.21391487121582,0.2530689835548401,1.0717611470909785,1.0234555006027222
6,0,ot,0.25,9.824312210083008,0.05672276020050049,1.1086552952314592,1.1360598802566528
6,0,ot,0.5,16.07440757751465,0.1570291668176651,1.2450848633759846,1.1024757623672485
6,0,ot,0.75,20.477506637573242,0.28930020332336426,1.3768374670198913,1.0462398529052734
6,4,linear,0.25,8.038348197937012,0.11691129207611084,0.9454379171034281,1.1296401023864746
6,4,linear,0.5,10.043208122253418,0.17370712757110596,0.9289042580320095,1.131478190422058
6,4,linear,0.75,10.184615135192871,0.22322645783424377,0.9151085979718612,1.1140116453170776
6,4,gauss,0.25,13.336047172546387,0.10635796189308167,1.0416493238705056,1.1083765029907227
6,4,gauss,0.5,17.670419692993164,0.19037888944149017,1.061455219482386,1.0890330076217651
6,4,gauss,0.75,20.860950469970703,0.2488567978143692,1.055707077061576,1.0218148231506348
6,4,ot,0.25,11.530891418457031,0.058917827904224396,1.1141324757560405,1.129090428352356
6,4,ot,0.5,14.82607364654541,0.15415164828300476,1.2449365438342832,1.0937350988388062
6,4,ot,0.75,20.455537796020508,0.2798750400543213,1.2954522708416056,1.0395848751068115
6,16,linear,0.25,13.499300956726074,0.14287057518959045,0.9542069299165776,1.0034446716308594
6,16,linear,0.5,29.379919052124023,0.2888754904270172,0.9365966027369206,0.9344619512557983
6,16,linear,0.75,28.63120460510254,0.35227522253990173,0.9859142862479493,0.9266583323478699
6,16,gauss,0.25,12.39458179473877,0.11310677230358124,1.0398819901059504,1.12579345703125
6,16,gauss,0.5,17.77070426940918,0.21263140439987183,1.0624151577463017,1.0667839050292969
6,16,gauss,0.75,21.393173217773438,0.28754162788391113,1.0663471459611538,1.011968970298767
6,16,ot,0.25,10.065786361694336,0.07119867205619812,1.1002102035130843,1.1281126737594604
6,16,ot,0.5,16.98680877685547,0.185649111866951,1.2232363644173139,1.1002001762390137
6,16,ot,0.75,19.33548355102539,0.3068907856941223,1.3717517791352791,1.0860095024108887
6,64,linear,0.25,9.457771301269531,0.11333818733692169,0.9830704533040187,1.0804715156555176
6,64,linear,0.5,11.750067710876465,0.169115349650383,0.9957115690500922,1.0434277057647705
6,64,linear,0.75,11.465023040771484,0.20924361050128937,0.9890828849309697,1.025745153427124
6,64,gauss,0.25,12.824481010437012,0.10842159390449524,1.0436860991715227,1.140645146369934
6,64,gauss,0.5,16.802146911621094,0.1950063556432724,1.0743323288500504,1.1098884344100952
6,64,gauss,0.75,20.353191375732422,0.26371127367019653,1.0893197820385618,1.0487507581710815
6,64,ot,0.25,9.489472389221191,0.05861665681004524,1.1150573612808865,1.1346344947814941
6,64,ot,0.5,16.344345092773438,0.1585831493139267,1.2620649169678424,1.0800708532333374
6,64,ot,0.75,21.353971481323242,0.2965020537376404,1.3621276484176965,1.0639978647232056
7,0,linear,0.25,0.0,0.0,0.9999999973449156,1.0557795763015747
7,0,linear,0.5,0.0,0.0,0.9999999973449156,1.0557795763015747
7,0,linear,0.75,0.0,0.0,0.9999999973449156,1.0557795763015747
7,0,gauss,0.25,9.388127326965332,0.0367194339632988,1.0238423534253185,1.103596806526184
7,0,gauss,0.5,15.77158260345459,0.08096343278884888,1.046123836943645,1.091232180595398
7,0,gauss,0.75,21.843503952026367,0.11946907639503479,1.0895492644916835,1.0768529176712036
7,0,ot,0.25,8.186848640441895,0.02736535668373108,1.048250788909001,1.1082385778427124
7,0,ot,0.5,20.057117462158203,0.08621715754270554,1.1351350358848913,1.0890871286392212
7,0,ot,0.75,29.96097755432129,0.17355237901210785,1.2704004768370287,1.0843026638031006
7,4,linear,0.25,4.415542125701904,0.035375844687223434,0.9791961440721642,1.0639394521713257
7,4,linear,0.5,6.876201152801514,0.060047268867492676,0.9587458332615113,1.0588347911834717
7,4,linear,0.75,9.142803192138672,0.08165282011032104,0.9429665083685268,1.0939441919326782
7,4,gauss,0.25,9.3902006149292,0.037856705486774445,1.0231609849962382,1.0964112281799316
7,4,gauss,0.5,16.037124633789062,0.08304911106824875,1.0462026481102185,1.094307780265808
7,4,gauss,0.75,21.74646759033203,0.12236163020133972,1.0921069875321658,1.070508360862732
7,4,ot,0.25,8.412371635437012,0.02735699526965618,1.0480922961714039,1.1085306406021118
7,4,ot,0.5,20.09477996826172,0.08609934151172638,1.1385195640252994,1.1009936332702637
7,4,ot,0.75,29.942991256713867,0.1747806966304779,1.2752460184107826,1.0903083086013794
7,16,linear,0.25,7.690478324890137,0.064394012093544,0.9654751674483316,1.12044095993042
7,16,linear,0.5,17.573749542236328,0.15745015442371368,0.9184832972298124,1.1139391660690308
7,16,linear,0.75,19.27537727355957,0.22714276611804962,0.9540786454723524,1.1002925634384155
7,16,gauss,0.25,9.486912727355957,0.03857763484120369,1.0233106154339795,1.1040884256362915
7,16,gauss,0.5,16.164676666259766,0.08468905836343765,1.0469271411234178,1.108555793762207
7,16,gauss,0.75,22.746915817260742,0.1250833123922348,1.0915028477161133,1.087506890296936
7,16,ot,0.25,7.914999008178711,0.025846241042017937,1.046096933533369,1.11236572265625
7,16,ot,0.5,20.20065689086914,0.08234645426273346,1.134425972768762,1.1133190393447876
7,16,ot,0.75,29.83670425415039,0.16305884718894958,1.263098416522037,1.0930519104003906
7,64,linear,0.25,14.710034370422363,0.07802539318799973,1.066308674397015,1.1241196393966675
7,64,linear,0.5,24.162822723388672,0.20200605690479279,1.1544887162160848,1.1526821851730347
7,64,linear,0.75,25.91815757751465,0.30135661363601685,1.1140717229583303,1.1438207626342773
7,64,gauss,0.25,9.881721496582031,0.038228802382946014,1.0274626820440287,1.0986202955245972
7,64,gauss,0.5,16.415184020996094,0.08139568567276001,1.0546941556701221,1.0948820114135742
7,64,gauss,0.75,21.800432205200195,0.12171778082847595,1.1023905787271655,1.0746933221817017
7,64,ot,0.25,8.501190185546875,0.02777758240699768,1.0525190940769784,1.1098146438598633
7,64,ot,0.5,19.809907913208008,0.08843141794204712,1.142920882818789,1.0902996063232422
7,64,ot,0.75,29.07449722290039,0.17110952734947205,1.2817750013187235,1.081668734550476
8,0,linear,0.25,0.0,0.0,0.9999999964728824,0.8903363347053528
8,0,linear,0.5,0.0,0.0,0.9999999964728824,0.8903363347053528
8,0,linear,0.75,0.0,0.0,0.9999999964728824,0.8903363347053528
8,0,gauss,0.25,14.601042747497559,0.15040479600429535,1.2348079318828251,0.9028922319412231
8,0,gauss,0.5,20.952041625976562,0.2382114827632904,1.3927904679352423,0.9479754567146301
8,0,gauss,0.75,23.50896453857422,0.29384100437164307,1.4988223243154977,0.9655221700668335
8,0,ot,0.25,9.206132888793945,0.07629697024822235,1.1602102621326857,0.9150448441505432
8,0,ot,0.5,20.0091609954834,0.20502565801143646,1.421193521127025,0.9849557876586914
8,0,ot,0.75,37.82954406738281,0.3562049865722656,1.7492780814031055,0.9134191274642944
8,4,linear,0.25,8.659364700317383,0.08671382069587708,0.9934869909298416,0.921373188495636
8,4,linear,0.5,10.774996757507324,0.1346062421798706,0.9726898373842466,0.9078050255775452
8,4,linear,0.75,10.851163864135742,0.15694653987884521,0.9555750127149953,0.9174056053161621
8,4,gauss,0.25,14.58122730255127,0.1521756798028946,1.233382344710864,0.9020736217498779
8,4,gauss,0.5,21.1016788482666,0.24186594784259796,1.392148417614763,0.9447643160820007
8,4,gauss,0.75,23.582813262939453,0.2961091697216034,1.4979149604703148,0.95782071352005
8,4,ot,0.25,9.117121696472168,0.07554032653570175,1.1579220906565575,0.9096552133560181
8,4,ot,0.5,19.779800415039062,0.20377743244171143,1.4112556165103343,0.9903491735458374
8,4,ot,0.75,37.85676193237305,0.3568881154060364,1.7367621996892058,0.9107406139373779
8,16,linear,0.25,9.605981826782227,0.14206697046756744,1.0733604474489482,0.9055991172790527
8,16,linear,0.5,14.87663745880127,0.25346848368644714,1.0495034637169045,0.8894986510276794
8,16,linear,0.75,17.534770965576172,0.27626487612724304,1.0281375259073746,0.8454602360725403
8,16,gauss,0.25,14.591789245605469,0.14994120597839355,1.2285440519552946,0.9090830683708191
8,16,gauss,0.5,20.454376220703125,0.23757165670394897,1.378092371969026,0.9436123371124268
8,16,gauss,0.75,22.60250473022461,0.29237499833106995,1.4772037920527734,0.9538955688476562
8,16,ot,0.25,8.847760200500488,0.07709150016307831,1.1554986345107408,0.9120630025863647
8,16,ot,0.5,20.042850494384766,0.20384927093982697,1.4071249666423657,0.9854785799980164
8,16,ot,0.75,37.370147705078125,0.3573765754699707,1.736042783776737,0.9353947043418884
8,64,linear,0.25,13.269306182861328,0.15483589470386505,1.130366274790096,0.9265151619911194
8,64,linear,0.5,22.275611877441406,0.26562899351119995,1.2223183292422914,0.8911344408988953
8,64,linear,0.75,26.631067276000977,0.3270532488822937,1.17583590427243,0.8659639954566956
8,64,gauss,0.25,14.235552787780762,0.1503012478351593,1.2340169317745073,0.9020229578018188
8,64,gauss,0.5,20.22061538696289,0.23933303356170654,1.3921843673871277,0.9432549476623535
8,64,gauss,0.75,22.433382034301758,0.2926757335662842,1.4979361939615945,0.9607094526290894
8,64,ot,0.25,8.601790428161621,0.07507036626338959,1.1591315587291564,0.9092845320701599
8,64,ot,0.5,19.376220703125,0.20238880813121796,1.4142127480780688,0.9817125797271729
8,64,ot,0.75,36.80643844604492,0.34880581498146057,1.7278635798659954,0.9461023211479187
9,0,linear,0.25,0.0,0.0,0.9999999905604172,0.7825955748558044
9,0,linear,0.5,0.0,0.0,0.9999999905604172,0.7825955748558044
9,0,linear,0.75,0.0,0.0,0.9999999905604172,0.7825955748558044
9,0,gauss,0.25,19.862979888916016,0.1295028030872345,1.3485339647174206,0.7779039144515991
9,0,gauss,0.5,22.897079467773438,0.16543716192245483,1.4382555456174477,0.7742394804954529
9,0,gauss,0.75,26.909488677978516,0.19113650918006897,1.5271825339741436,0.7844393253326416
9,0,ot,0.25,16.44329261779785,0.08915474265813828,1.2270648318953687,0.8025545477867126
9,0,ot,0.5,26.661605834960938,0.22712008655071259,1.642511122013202,0.8112576007843018
9,0,ot,0.75,36.74551010131836,0.3017702102661133,1.6446218771389287,0.8546351790428162
9,4,linear,0.25,7.936594486236572,0.03869086503982544,0.9845600123341605,0.7740468978881836
9,4,linear,0.5,10.11148738861084,0.0685042291879654,0.9742308015834571,0.7800086736679077
9,4,linear,0.75,11.810492515563965,0.09815088659524918,0.9474961172591033,0.7686916589736938
9,4,gauss,0.25,19.90629768371582,0.131356880068779,1.3417399101174121,0.7842490077018738
9,4,gauss,0.5,22.7364559173584,0.16736307740211487,1.4262127353519394,0.7812185287475586
9,4,gauss,0.75,26.81200408935547,0.19348648190498352,1.5141695865566867,0.7881116271018982
9,4,ot,0.25,17.02083969116211,0.09440711885690689,1.2423290545218926,0.8019490242004395
9,4,ot,0.5,27.166053771972656,0.23475031554698944,1.6949705465193854,0.8165411949157715
9,4,ot,0.75,37.67624282836914,0.30709806084632874,1.7008801263605926,0.8372860550880432
9,16,linear,0.25,10.951065063476562,0.07662446796894073,1.052500417673501,0.7818377017974854
9,16,linear,0.5,17.814640045166016,0.16737240552902222,1.0482989515780796,0.7964385151863098
9,16,linear,0.75,22.918149948120117,0.22053596377372742,0.9863542807856979,0.7945362329483032
9,16,gauss,0.25,19.759695053100586,0.13061051070690155,1.3362091296600234,0.7838549017906189
9,16,gauss,0.5,22.928945541381836,0.1678864061832428,1.4179186745770174,0.7771210074424744
9,16,gauss,0.75,27.207822799682617,0.1954999417066574,1.499243090376709,0.7844983339309692
9,16,ot,0.25,17.012765884399414,0.08942381292581558,1.2230443258472117,0.8010591864585876
9,16,ot,0.5,27.121416091918945,0.22925695776939392,1.653754416609336,0.816048264503479
9,16,ot,0.75,37.00841522216797,0.3058670461177826,1.6968568070975538,0.8339104652404785
9,64,linear,0.25,15.871678352355957,0.11021445691585541,1.1685329424063287,0.7974177598953247
9,64,linear,0.5,25.340299606323242,0.23758435249328613,1.4630761185363046,0.809154748916626
9,64,linear,0.75,24.89182472229004,0.32400426268577576,1.3834473680065473,0.8170016407966614
9,64,gauss,0.25,19.971574783325195,0.13140133023262024,1.365119976356103,0.7801556587219238
9,64,gauss,0.5,23.062347412109375,0.16669094562530518,1.4861323837421136,0.7727295756340027
9,64,gauss,0.75,26.798860549926758,0.19327497482299805,1.612426320746996,0.7771255970001221
9,64,ot,0.25,17.536596298217773,0.09458856284618378,1.267162568229205,0.7977520823478699
9,64,ot,0.5,27.017459869384766,0.2369346022605896,1.753065121755068,0.8083193898200989
9,64,ot,0.75,36.969482421875,0.3071490526199341,1.757892598492036,0.8462549448013306
10,0,linear,0.25,0.0,0.0,0.999999939723578,0.8223733305931091
10,0,linear,0.5,0.0,0.0,0.999999939723578,0.8223733305931091
10,0,linear,0.75,0.0,0.0,0.999999939723578,0.8223733305931091
10,0,gauss,0.25,15.220903396606445,0.08294953405857086,1.3365248541688064,0.8467841148376465
10,0,gauss,0.5,20.773786544799805,0.12922003865242004,1.5903651009417328,0.864423394203186
10,0,gauss,0.75,27.966060638427734,0.17503906786441803,1.9024009010018952,0.9245227575302124
10,0,ot,0.25,12.896871566772461,0.05213233083486557,1.3258796341962225,0.8182252049446106
10,0,ot,0.5,24.075904846191406,0.165659099817276,2.0276151395361364,0.7996536493301392
10,0,ot,0.75,38.44132995605469,0.2977296710014343,2.9401386872483317,0.7944982647895813
10,4,linear,0.25,6.353339672088623,0.02304808609187603,0.9607127177261462,0.8437865972518921
10,4,linear,0.5,8.321569442749023,0.04529012739658356,0.9267424358989582,0.829039454460144
10,4,linear,0.75,11.672783851623535,0.06259141117334366,0.9095448172255359,0.8132984638214111
10,4,gauss,0.25,15.367384910583496,0.08363138884305954,1.3253206240159396,0.8376044034957886
10,4,gauss,0.5,21.371397018432617,0.12910719215869904,1.5721529781532204,0.8624735474586487
10,4,gauss,0.75,28.359540939331055,0.17183126509189606,1.8714863693407549,0.9210031032562256
10,4,ot,0.25,12.539396286010742,0.05320510268211365,1.3102028735067544,0.8104039430618286
10,4,ot,0.5,24.097366333007812,0.16572877764701843,1.981683566771658,0.8121618032455444
10,4,ot,0.75,39.513427734375,0.29971635341644287,2.8523948595572075,0.7916699051856995
10,16,linear,0.25,9.033463478088379,0.05438700318336487,0.9088778559931662,0.8290671110153198
10,16,linear,0.5,16.345417022705078,0.13231605291366577,0.8988732129604501,0.8290560245513916
10,16,linear,0.75,18.80612564086914,0.2014787793159485,0.8719602802831505,0.8198866248130798
10,16,gauss,0.25,15.724479675292969,0.08468291908502579,1.3335457868613914,0.8395907282829285
10,16,gauss,0.5,21.326656341552734,0.1359800547361374,1.5979668085690464,0.8624595999717712
10,16,gauss,0.75,28.811607360839844,0.18461407721042633,1.9312421886403202,0.8949869871139526
10,16,ot,0.25,13.407833099365234,0.05603473633527756,1.3208836842058196,0.818083643913269
10,16,ot,0.5,25.129776000976562,0.17245160043239594,2.0070192239884834,0.8146779537200928
10,16,ot,0.75,40.25069046020508,0.3036288917064667,2.8696726415704013,0.7944750189781189
10,64,linear,0.25,13.799294471740723,0.0744457095861435,0.9264101622238133,0.8289783596992493
10,64,linear,0.5,21.671703338623047,0.20020508766174316,0.9142840536635756,0.8279891014099121
10,64,linear,0.75,25.037805557250977,0.30863484740257263,0.9326995039147294,0.8550808429718018
10,64,gauss,0.25,15.17049789428711,0.08535030484199524,1.3370570309622467,0.8473798632621765
10,64,gauss,0.5,21.01491928100586,0.1347140371799469,1.6096768312228515,0.8655171990394592
10,64,gauss,0.75,28.044023513793945,0.18572521209716797,1.9684126044640127,0.9018060564994812
10,64,ot,0.25,13.801871299743652,0.05832508206367493,1.3402956747984451,0.8215010166168213
10,64,ot,0.5,23.728227615356445,0.1698855310678482,2.031599504524662,0.8175681829452515
10,64,ot,0.75,37.78582763671875,0.2848617434501648,2.608083945594417,0.7945235967636108
11,0,linear,0.25,0.0,0.0,0.9999999649161685,0.7886039018630981
11,0,linear,0.5,0.0,0.0,0.9999999649161685,0.7886039018630981
11,0,linear,0.75,0.0,0.0,0.9999999649161685,0.7886039018630981
11,0,gauss,0.25,31.973724365234375,0.19475053250789642,2.0360619722206175,0.7538703680038452
11,0,gauss,0.5,35.71430969238281,0.2823469340801239,2.574082498462997,0.7797832489013672
11,0,gauss,0.75,37.583343505859375,0.3299505114555359,2.9992259044070173,0.808711588382721
11,0,ot,0.25,26.208114624023438,0.09128072112798691,1.4385363313909745,0.7552228569984436
11,0,ot,0.5,38.435821533203125,0.22793099284172058,2.2990100951848933,0.8073300123214722
11,0,ot,0.75,48.62282943725586,0.38799870014190674,3.348092705964589,0.9170578718185425
11,4,linear,0.25,3.626725196838379,0.009441320784389973,1.0076781137825266,0.7884333729743958
11,4,linear,0.5,5.821023464202881,0.021155770868062973,1.0190362456022972,0.7896410822868347
11,4,linear,0.75,6.382893085479736,0.03588614985346794,1.0300045069072656,0.7941752672195435
11,4,gauss,0.25,31.460134506225586,0.1934707909822464,2.0423354501658095,0.7595483660697937
11,4,gauss,0.5,36.358402252197266,0.2810356616973877,2.5774210343094963,0.7781230211257935
11,4,gauss,0.75,37.63603591918945,0.3291040062904358,3.0030720691772492,0.805491030216217
11,4,ot,0.25,26.051773071289062,0.09175662696361542,1.4449063947570313,0.758548378944397
11,4,ot,0.5,38.510807037353516,0.2271309196949005,2.315331332244054,0.807140052318573
11,4,ot,0.75,48.867916107177734,0.38489341735839844,3.3809241686060094,0.9146914482116699
11,16,linear,0.25,6.2557692527771,0.038096461445093155,0.9942739132704228,0.801146924495697
11,16,linear,0.5,10.646740913391113,0.09056724607944489,0.9877706038467593,0.7828688025474548
11,16,linear,0.75,15.512779235839844,0.13740913569927216,0.9939551421723327,0.7889160513877869
11,16,gauss,0.25,32.49539566040039,0.19342181086540222,2.016691171392807,0.7551341652870178
11,16,gauss,0.5,35.8286018371582,0.27955466508865356,2.5367581800331607,0.7841593027114868
11,16,gauss,0.75,38.23918914794922,0.32716941833496094,2.929610165228876,0.8070255517959595
11,16,ot,0.25,26.617704391479492,0.09228968620300293,1.4419089792738011,0.751598060131073
11,16,ot,0.5,37.69085693359375,0.22483539581298828,2.2659867686763158,0.7947775721549988
11,16,ot,0.75,49.44575119018555,0.3819757103919983,3.2530644146050456,0.9302430748939514
11,64,linear,0.25,22.819793701171875,0.10580216348171234,0.9890814339936614,0.8389531373977661
11,64,linear,0.5,37.789974212646484,0.28997933864593506,0.9966860001916207,0.8260238170623779
11,64,linear,0.75,33.96804428100586,0.40661200881004333,1.0204940450398112,0.8861023783683777
11,64,gauss,0.25,31.394899368286133,0.1925121247768402,2.0016575656818967,0.7665538787841797
11,64,gauss,0.5,35.91053009033203,0.28476443886756897,2.5275131647012623,0.7896595001220703
11,64,gauss,0.75,38.31733322143555,0.3313157558441162,2.9104846835282143,0.8152098059654236
11,64,ot,0.25,25.335834503173828,0.07957448065280914,1.3417914596286777,0.7464574575424194
11,64,ot,0.5,38.634056091308594,0.20239505171775818,1.9971836610247744,0.8158988952636719
11,64,ot,0.75,48.31647872924805,0.3556969463825226,2.6004886127139684,0.9379949569702148
12,0,linear,0.25,0.0,0.0,0.9999999925752203,0.7977172136306763
12,0,linear,0.5,0.0,0.0,0.9999999925752203,0.7977172136306763
12,0,linear,0.75,0.0,0.0,0.9999999925752203,0.7977172136306763
12,0,gauss,0.25,14.556025505065918,0.15966981649398804,1.3083761930157165,0.8174793720245361
12,0,gauss,0.5,18.228412628173828,0.22874657809734344,1.5404237912316978,0.821354866027832
12,0,gauss,0.75,24.669391632080078,0.2944047152996063,1.7700480888711814,0.9100462198257446
12,0,ot,0.25,10.915190696716309,0.0961155816912651,1.2030383495385089,0.8012347221374512
12,0,ot,0.5,22.888349533081055,0.2392796277999878,1.6996802108332802,0.8011568188667297
12,0,ot,0.75,37.892208099365234,0.46231770515441895,2.382540932970218,0.8545875549316406
12,4,linear,0.25,6.594220161437988,0.06733466684818268,0.9790222839322024,0.798793613910675
12,4,linear,0.5,8.821474075317383,0.10851286351680756,0.9551892339533739,0.8094804883003235
12,4,linear,0.75,11.032795906066895,0.13656620681285858,0.9225957692848831,0.8143571019172668
12,4,gauss,0.25,14.54783821105957,0.16094078123569489,1.3016453188353576,0.8197973370552063
12,4,gauss,0.5,17.944904327392578,0.23207148909568787,1.5229711147608844,0.8200607895851135
12,4,gauss,0.75,24.790681838989258,0.2953065037727356,1.7350481405776434,0.9153314828872681
12,4,ot,0.25,10.777362823486328,0.09673381596803665,1.2029717455597364,0.7993732690811157
12,4,ot,0.5,22.795244216918945,0.24212616682052612,1.699942643786184,0.7982518672943115
12,4,ot,0.75,38.21859359741211,0.46656686067581177,2.361560900932592,0.8532543182373047
12,16,linear,0.25,8.874094009399414,0.11207638680934906,1.0027906107755127,0.7930505871772766
12,16,linear,0.5,19.600299835205078,0.21340860426425934,0.9721500145942503,0.8011288642883301
12,16,linear,0.75,21.566980361938477,0.2885556221008301,0.9510050215394319,0.8058517575263977
12,16,gauss,0.25,13.997014999389648,0.1596776247024536,1.2993321029081597,0.8146016597747803
12,16,gauss,0.5,17.75426483154297,0.23035287857055664,1.5125779068507519,0.8230361938476562
12,16,gauss,0.75,24.70878028869629,0.2932341694831848,1.720399248209903,0.9138576984405518
12,16,ot,0.25,11.420812606811523,0.09648384898900986,1.2039131629274678,0.804382860660553
12,16,ot,0.5,22.907691955566406,0.24048449099063873,1.7073515066408238,0.8133633732795715
12,16,ot,0.75,38.35215377807617,0.4754595160484314,2.345872676710054,0.8674682974815369
12,64,linear,0.25,14.718119621276855,0.17142634093761444,1.1833267803191974,0.7986190319061279
12,64,linear,0.5,22.44877815246582,0.3345620632171631,1.364909030625827,0.7987728714942932
12,64,linear,0.75,21.08309555053711,0.4311615824699402,1.2123720895072385,0.8521280884742737
12,64,gauss,0.25,13.968530654907227,0.1588881015777588,1.2938204577079866,0.8165243268013
12,64,gauss,0.5,17.932754516601562,0.2313379943370819,1.4996166840713738,0.8238266110420227
12,64,gauss,0.75,24.560503005981445,0.29470521211624146,1.6957266783125948,0.9087104797363281
12,64,ot,0.25,10.928985595703125,0.09810888767242432,1.2023028291882119,0.7993699312210083
12,64,ot,0.5,22.675172805786133,0.24011826515197754,1.6902221139340852,0.8135815858840942
12,64,ot,0.75,38.03415298461914,0.4702690839767456,2.2593819890200177,0.8814753890037537
13,0,linear,0.25,0.0,0.0,0.9999999984275051,0.8874484300613403
13,0,linear,0.5,0.0,0.0,0.9999999984275051,0.8874484300613403
13,0,linear,0.75,0.0,0.0,0.9999999984275051,0.8874484300613403
13,0,gauss,0.25,12.373496055603027,0.108053058385849,1.08947040695028,0.900966227054596
13,0,gauss,0.5,16.861555099487305,0.18239544332027435,1.1407489036974208,0.8755555152893066
13,0,gauss,0.75,20.853055953979492,0.25077348947525024,1.1709913686213667,0.885338544845581
13,0,ot,0.25,10.546894073486328,0.0626055896282196,1.0939471375605236,0.8699216842651367
13,0,ot,0.5,22.346044540405273,0.2051093727350235,1.2015066757622255,0.9171099662780762
13,0,ot,0.75,39.62213134765625,0.40199407935142517,1.281664082444768,0.9560845494270325
13,4,linear,0.25,7.057199001312256,0.06045978143811226,0.995917956438155,0.8769432306289673
13,4,linear,0.5,10.5546875,0.09010448306798935,0.9856653313672272,0.8801630139350891
13,4,linear,0.75,11.192519187927246,0.11873410642147064,0.9827060571265551,0.8943211436271667
13,4,gauss,0.25,12.343917846679688,0.10786114633083344,1.0897828023844853,0.8997952342033386
13,4,gauss,0.5,16.318605422973633,0.1830981820821762,1.1417375466737172,0.8798278570175171
13,4,gauss,0.75,20.424657821655273,0.24993084371089935,1.171869225098044,0.8894822001457214
13,4,ot,0.25,10.631669044494629,0.06312251091003418,1.0950559398367457,0.8683025240898132
13,4,ot,0.5,23.114946365356445,0.20966292917728424,1.2050308486773516,0.9152553677558899
13,4,ot,0.75,38.37592315673828,0.4202025830745697,1.2841828350710494,0.9453485608100891
13,16,linear,0.25,12.352800369262695,0.0963275283575058,1.0191171368440144,0.9232284426689148
13,16,linear,0.5,17.21320152282715,0.19697463512420654,1.0289507977412555,0.9027424454689026
13,16,linear,0.75,16.98568344116211,0.24751274287700653,1.0163282601129087,0.8963848352432251
13,16,gauss,0.25,12.760498046875,0.10617823898792267,1.0889290340045947,0.9059804677963257
13,16,gauss,0.5,16.696495056152344,0.1773446798324585,1.139282810273527,0.8853112459182739
13,16,gauss,0.75,20.9412899017334,0.2460460066795349,1.168464649114825,0.8979102373123169
13,16,ot,0.25,10.871115684509277,0.06166861951351166,1.0931424826542377,0.8724755048751831
13,16,ot,0.5,22.84246253967285,0.20793700218200684,1.201375644013945,0.9102445244789124
13,16,ot,0.75,39.54404830932617,0.41576045751571655,1.2830670031945979,0.9613680839538574
13,64,linear,0.25,13.401302337646484,0.12390239536762238,1.0572612473380871,0.8996491432189941
13,64,linear,0.5,21.446182250976562,0.2586383521556854,1.0901464670363654,0.8841981887817383
13,64,linear,0.75,23.41048812866211,0.3577429950237274,1.0799130562060653,0.8455663919448853
13,64,gauss,0.25,12.559476852416992,0.10806547850370407,1.092298930626681,0.9057117104530334
13,64,gauss,0.5,16.550384521484375,0.18198047578334808,1.1473337645525317,0.8792246580123901
13,64,gauss,0.75,21.362398147583008,0.24831530451774597,1.181482812644096,0.8947464227676392
13,64,ot,0.25,10.486255645751953,0.06185898929834366,1.0947470123386536,0.87286776304245
13,64,ot,0.5,22.221437454223633,0.20364421606063843,1.2066790556111942,0.9131091833114624
13,64,ot,0.75,37.52956771850586,0.41035598516464233,1.2845877400442767,0.9267416000366211
14,0,linear,0.25,0.0,0.0,0.9999999962254712,0.8968632817268372
14,0,linear,0.5,0.0,0.0,0.9999999962254712,0.8968632817268372
14,0,linear,0.75,0.0,0.0,0.9999999962254712,0.8968632817268372
14,0,gauss,0.25,13.946394920349121,0.10601929575204849,1.2056753044387263,0.8623853325843811
14,0,gauss,0.5,18.94767189025879,0.14646893739700317,1.3120445733748625,0.8577879667282104
14,0,gauss,0.75,22.214496612548828,0.18189768493175507,1.4158985721218662,0.8522937297821045
14,0,ot,0.25,9.505143165588379,0.08292845636606216,1.2983075534751987,0.888974666595459
14,0,ot,0.5,23.052066802978516,0.19097444415092468,1.7497799916203172,0.846418559551239
14,0,ot,0.75,41.06781768798828,0.30391547083854675,2.138210489672663,0.9870213866233826
14,4,linear,0.25,3.898548126220703,0.03973139449954033,0.9981510026611254,0.8876399993896484
14,4,linear,0.5,5.407718658447266,0.060371264815330505,0.985818416943542,0.893470048904419
14,4,linear,0.75,7.889601707458496,0.07535340636968613,0.9772532245132679,0.8791117072105408
14,4,gauss,0.25,14.200213432312012,0.10554847121238708,1.201898349525027,0.863836407661438
14,4,gauss,0.5,19.248104095458984,0.1454472839832306,1.3013542251121604,0.8578987121582031
14,4,gauss,0.75,22.173585891723633,0.18032222986221313,1.3965690131916606,0.8533286452293396
14,4,ot,0.25,9.315220832824707,0.08271043002605438,1.298981366911375,0.8904459476470947
14,4,ot,0.5,23.052331924438477,0.1883629560470581,1.7605946410260869,0.8518586754798889
14,4,ot,0.75,40.657798767089844,0.3047640025615692,2.1358612543135465,0.9648846387863159
14,16,linear,0.25,7.011460781097412,0.07397831231355667,0.9854424762918389,0.8813486099243164
14,16,linear,0.5,12.87174129486084,0.12515591084957123,0.9360313095560807,0.8745260834693909
14,16,linear,0.75,15.642621994018555,0.16937090456485748,0.9551206466844575,0.8530852198600769
14,16,gauss,0.25,13.90613842010498,0.10540839284658432,1.1986703444558255,0.8650458455085754
14,16,gauss,0.5,18.728744506835938,0.145232692360878,1.2924711367268555,0.8619561195373535
14,16,gauss,0.75,21.89403533935547,0.17818138003349304,1.3823791096702862,0.8560153245925903
14,16,ot,0.25,9.402406692504883,0.08289319276809692,1.303145286469556,0.8913215398788452
14,16,ot,0.5,23.492475509643555,0.19636160135269165,1.7786665648617261,0.8571929335594177
14,16,ot,0.75,39.3561897277832,0.3058554530143738,2.113028540453557,0.9452121257781982
14,64,linear,0.25,10.449069023132324,0.09971427172422409,1.0384515705483623,0.8751820921897888
14,64,linear,0.5,21.743629455566406,0.21608752012252808,1.0456464131823924,0.8720793128013611
14,64,linear,0.75,16.7659969329834,0.3166354298591614,1.042587255186263,0.8672940731048584
14,64,gauss,0.25,13.668351173400879,0.10368545353412628,1.1997288727420392,0.8606449961662292
14,64,gauss,0.5,18.86896514892578,0.14149925112724304,1.2992758650041814,0.8623262643814087
14,64,gauss,0.75,21.390522003173828,0.17410260438919067,1.3970940027253227,0.8641132116317749
14,64,ot,0.25,9.084271430969238,0.08263938128948212,1.302496783220882,0.895348310470581
14,64,ot,0.5,22.962919235229492,0.19320696592330933,1.7726827865772576,0.8551061749458313
14,64,ot,0.75,39.198429107666016,0.3047834038734436,2.1372727753481273,0.9585601687431335
15,0,linear,0.25,0.0,0.0,0.9999999942357192,0.8709211349487305
15,0,linear,0.5,0.0,0.0,0.9999999942357192,0.8709211349487305
15,0,linear,0.75,0.0,0.0,0.9999999942357192,0.8709211349487305
15,0,gauss,0.25,7.183719635009766,0.09477473795413971,1.4180187807277504,0.8722066283226013
15,0,gauss,0.5,11.8397216796875,0.17560844123363495,1.705665899130911,0.8564769625663757
15,0,gauss,0.75,16.7688045501709,0.2484901249408722,1.9035617925090165,0.8369759321212769
15,0,ot,0.25,7.728622913360596,0.0538005530834198,1.2348433110475303,0.8605769276618958
15,0,ot,0.5,16.183582305908203,0.19534707069396973,1.561964095350632,0.9000368714332581
15,0,ot,0.75,35.857540130615234,0.4027855694293976,2.002811830074059,0.8739748597145081
15,4,linear,0.25,3.2357592582702637,0.021842461079359055,0.9935573071912487,0.8777374029159546
15,4,linear,0.5,5.002297401428223,0.0426030158996582,0.9881721529489369,0.885838508605957
15,4,linear,0.75,6.771431922912598,0.05720214545726776,0.9783916924185107,0.8891990184783936
15,4,gauss,0.25,7.305416107177734,0.09586018323898315,1.423080456369272,0.8701387047767639
15,4,gauss,0.5,12.063712120056152,0.17772835493087769,1.7183088790054521,0.8480914831161499
15,4,gauss,0.75,17.324920654296875,0.2540038824081421,1.9230282296450496,0.8323386311531067
15,4,ot,0.25,7.979409217834473,0.05418093502521515,1.242114106745803,0.8611535429954529
15,4,ot,0.5,16.807903289794922,0.1989973783493042,1.6049791905417528,0.8940257430076599
15,4,ot,0.75,35.86017990112305,0.4235505163669586,2.0903383022475297,0.8714531660079956
15,16,linear,0.25,5.488286972045898,0.04630381613969803,1.0015227315258972,0.884920060634613
15,16,linear,0.5,10.229994773864746,0.09242701530456543,0.9819070097886494,0.8371200561523438
15,16,linear,0.75,11.506813049316406,0.12974511086940765,0.9831607255765238,0.8836736083030701
15,16,gauss,0.25,7.179311275482178,0.09693517535924911,1.4195701208788054,0.868897557258606
15,16,gauss,0.5,11.915792465209961,0.17826983332633972,1.709656728326322,0.8544315695762634
15,16,gauss,0.75,17.757665634155273,0.2524549663066864,1.9053303597926785,0.8358914256095886
15,16,ot,0.25,7.644909381866455,0.051967281848192215,1.2330232929720801,0.8598085641860962
15,16,ot,0.5,16.266353607177734,0.1957114338874817,1.6020738957480378,0.8939960598945618
15,16,ot,0.75,32.356727600097656,0.42835691571235657,2.0860557754078584,0.8770506381988525
15,64,linear,0.25,11.638319969177246,0.09741606563329697,1.083395113849229,0.8747223019599915
15,64,linear,0.5,26.63349723815918,0.26764115691185,1.1619657124725138,0.9070544838905334
15,64,linear,0.75,18.279695510864258,0.31132420897483826,1.1009981561988726,0.886113703250885
15,64,gauss,0.25,7.044985294342041,0.09705327451229095,1.4286221103488752,0.8708311319351196
15,64,gauss,0.5,11.896617889404297,0.18264171481132507,1.7350077960890524,0.8557286858558655
15,64,gauss,0.75,18.472726821899414,0.2594294548034668,1.954206722312723,0.8277575969696045
15,64,ot,0.25,7.671657085418701,0.051381271332502365,1.2342117289573522,0.8573329448699951
15,64,ot,0.5,16.352977752685547,0.1947377622127533,1.5937441929359726,0.8802449107170105
15,64,ot,0.75,33.676300048828125,0.42027896642684937,2.0578543853167623,0.8717015385627747
16,0,linear,0.25,0.0,0.0,0.9999999739421715,0.8039065599441528
16,0,linear,0.5,0.0,0.0,0.9999999739421715,0.8039065599441528
16,0,linear,0.75,0.0,0.0,0.9999999739421715,0.8039065599441528
16,0,gauss,0.25,17.0240535736084,0.13218748569488525,1.272249772896123,0.8555333614349365
16,0,gauss,0.5,24.259889602661133,0.2067427933216095,1.4768622289390287,0.8589655756950378
16,0,gauss,0.75,26.196855545043945,0.27845776081085205,1.7150000989788279,0.8605462312698364
16,0,ot,0.25,12.786673545837402,0.08086021989583969,1.3629631093690544,0.823226809501648
16,0,ot,0.5,28.379772186279297,0.2508128881454468,2.3362552985213694,0.8200784921646118
16,0,ot,0.75,43.820701599121094,0.4507845342159271,3.7099097341800835,0.8474551439285278
16,4,linear,0.25,5.054664611816406,0.02034800499677658,0.9776527072064795,0.7970967292785645
16,4,linear,0.5,9.726863861083984,0.05112246796488762,0.9566455328959375,0.7869192361831665
16,4,linear,0.75,12.881753921508789,0.07610302418470383,0.9432558691095807,0.7799215912818909
16,4,gauss,0.25,17.643783569335938,0.13301818072795868,1.2614529282822227,0.8534761071205139
16,4,gauss,0.5,24.943370819091797,0.2110062837600708,1.4557658445641104,0.8565186858177185
16,4,gauss,0.75,27.35622787475586,0.2830979824066162,1.6806187925579903,0.8629943132400513
16,4,ot,0.25,12.592477798461914,0.08066321909427643,1.3488386031590551,0.8244563937187195
16,4,ot,0.5,28.42022705078125,0.25287121534347534,2.3268357252821903,0.8237993717193604
16,4,ot,0.75,44.30595397949219,0.4487997889518738,3.726906435585689,0.8628734946250916
16,16,linear,0.25,9.556865692138672,0.06312249600887299,0.9272628051964511,0.7847587466239929
16,16,linear,0.5,15.411063194274902,0.14662384986877441,0.9211228424305569,0.7802330851554871
16,16,linear,0.75,16.61717987060547,0.21885280311107635,0.898230219719168,0.7884478569030762
16,16,gauss,0.25,18.282188415527344,0.13392046093940735,1.2828629554406004,0.8538933396339417
16,16,gauss,0.5,24.641796112060547,0.21379706263542175,1.5112458651112755,0.850557267665863
16,16,gauss,0.75,27.08364486694336,0.29001718759536743,1.7793684123709055,0.8728076219558716
16,16,ot,0.25,11.891129493713379,0.0790281817317009,1.368408126704188,0.8245946764945984
16,16,ot,0.5,29.180387496948242,0.251492977142334,2.403559098689002,0.8205463290214539
16,16,ot,0.75,44.934181213378906,0.42243146896362305,3.827058565746925,0.8459471464157104
16,64,linear,0.25,21.18853187561035,0.11406028270721436,0.9516078337655072,0.8489424586296082
16,64,linear,0.5,32.36823654174805,0.3156569004058838,0.8937868984170024,0.8299276828765869
16,64,linear,0.75,28.702510833740234,0.42301976680755615,0.8948680972168085,0.7902184128761292
16,64,gauss,0.25,16.81509780883789,0.1360183209180832,1.2821021945325308,0.860020101070404
16,64,gauss,0.5,22.888362884521484,0.22121074795722961,1.5054789537897748,0.8707799315452576
16,64,gauss,0.75,25.689035415649414,0.298062264919281,1.771536953008978,0.8754444718360901
16,64,ot,0.25,12.754131317138672,0.08111265301704407,1.3567695623207494,0.8279663324356079
16,64,ot,0.5,28.174325942993164,0.2599364221096039,2.352140514358849,0.8223364949226379
16,64,ot,0.75,44.72383117675781,0.4404756724834442,3.7599120237994113,0.8525364398956299
17,0,linear,0.25,0.0,0.0,0.9999999775784322,0.7728980183601379
17,0,linear,0.5,0.0,0.0,0.9999999775784322,0.7728980183601379
17,0,linear,0.75,0.0,0.0,0.9999999775784322,0.7728980183601379
17,0,gauss,0.25,16.44537353515625,0.1316148042678833,1.2164436032099877,0.7786199450492859
17,0,gauss,0.5,20.58164405822754,0.18548130989074707,1.3593697360415327,0.7662190198898315
17,0,gauss,0.75,22.115020751953125,0.21386799216270447,1.4778525717075488,0.7862938642501831
17,0,ot,0.25,12.379049301147461,0.06389262527227402,1.1314428391746132,0.802592396736145
17,0,ot,0.5,23.088096618652344,0.1736326515674591,1.336526228619755,0.8288183808326721
17,0,ot,0.75,35.49095916748047,0.2755873501300812,1.4105645113248606,0.8355624079704285
17,4,linear,0.25,8.002089500427246,0.04254477843642235,0.9949143618347867,0.78800368309021
17,4,linear,0.5,10.488106727600098,0.09274184703826904,0.9720996711760014,0.776190996170044
17,4,linear,0.75,13.425337791442871,0.128819078207016,0.9450208513359784,0.7947236895561218
17,4,gauss,0.25,17.1287899017334,0.12957966327667236,1.2180492398331866,0.7785196900367737
17,4,gauss,0.5,20.600513458251953,0.18504956364631653,1.364577217458239,0.7688447833061218
17,4,gauss,0.75,22.59661865234375,0.21494802832603455,1.4930309037001868,0.8038783073425293
17,4,ot,0.25,11.422820091247559,0.062282949686050415,1.1444101319406632,0.8040851354598999
17,4,ot,0.5,22.610488891601562,0.17721253633499146,1.3632367785814195,0.8356040716171265
17,4,ot,0.75,34.67960739135742,0.27367570996284485,1.4000975112643632,0.8393368124961853
17,16,linear,0.25,12.529133796691895,0.07758143544197083,1.0062538833625856,0.8054467439651489
17,16,linear,0.5,22.344112396240234,0.24511967599391937,0.8209045473220634,0.8493124842643738
17,16,linear,0.75,24.866634368896484,0.34804219007492065,0.9240094218257257,0.874644935131073
17,16,gauss,0.25,17.083688735961914,0.13185523450374603,1.218885427121063,0.7834000587463379
17,16,gauss,0.5,21.072330474853516,0.18315784633159637,1.3724529640743466,0.778512716293335
17,16,gauss,0.75,22.12946319580078,0.2130659967660904,1.518637896929515,0.7825578451156616
17,16,ot,0.25,10.863492965698242,0.06436765193939209,1.1430792151246587,0.800402045249939
17,16,ot,0.5,22.756399154663086,0.1732858419418335,1.3714244144526395,0.8338645100593567
17,16,ot,0.75,35.763755798339844,0.2752763032913208,1.5291826604866672,0.8455512523651123
17,64,linear,0.25,17.036746978759766,0.09097494184970856,1.0806563431304361,0.8086472749710083
17,64,linear,0.5,29.077526092529297,0.22152355313301086,1.1250055084294992,0.8143758177757263
17,64,linear,0.75,30.45383644104004,0.3235616385936737,1.1813548091071067,0.8163543939590454
17,64,gauss,0.25,17.220483779907227,0.13071183860301971,1.2256542759308637,0.7832627296447754
17,64,gauss,0.5,21.839929580688477,0.18175595998764038,1.3896964138879269,0.7764458656311035
17,64,gauss,0.75,23.48790740966797,0.21320252120494843,1.5349359898632446,0.7935749888420105
17,64,ot,0.25,10.376928329467773,0.06364768743515015,1.1483279588048962,0.7962226271629333
17,64,ot,0.5,22.034446716308594,0.1729336678981781,1.3739028231236878,0.8379977345466614
17,64,ot,0.75,34.949459075927734,0.27246150374412537,1.4787792185731665,0.8466829061508179
18,0,linear,0.25,0.0,0.0,0.9999999635268734,0.8028323650360107
18,0,linear,0.5,0.0,0.0,0.9999999635268734,0.8028323650360107
18,0,linear,0.75,0.0,0.0,0.9999999635268734,0.8028323650360107
18,0,gauss,0.25,15.46027946472168,0.15691542625427246,1.7355669132846085,0.7819010019302368
18,0,gauss,0.5,19.706422805786133,0.23356664180755615,2.240105969882275,0.7873828411102295
18,0,gauss,0.75,22.173091888427734,0.28839996457099915,2.6997076183513533,0.7901330590248108
18,0,ot,0.25,14.270495414733887,0.08403754979372025,1.3997276187142325,0.7807604670524597
18,0,ot,0.5,25.452716827392578,0.2311398684978485,2.0411127824068065,0.7840912938117981
18,0,ot,0.75,40.73853302001953,0.4095643162727356,2.584050631486594,0.8063555359840393
18,4,linear,0.25,6.989593982696533,0.031027279794216156,0.9715908246315955,0.8269494771957397
18,4,linear,0.5,9.214468955993652,0.06331870704889297,0.9701299862357556,0.8272438049316406
18,4,linear,0.75,11.98919677734375,0.09043136984109879,0.972165023865267,0.8212487101554871
18,4,gauss,0.25,15.24052906036377,0.15497809648513794,1.7000961836244521,0.7855422496795654
18,4,gauss,0.5,19.898088455200195,0.22962673008441925,2.151166910871263,0.785314679145813
18,4,gauss,0.75,22.031967163085938,0.28242403268814087,2.538610357441342,0.7873287200927734
18,4,ot,0.25,14.103081703186035,0.08246539533138275,1.364272786193295,0.7811075448989868
18,4,ot,0.5,24.56202507019043,0.22615830600261688,1.9224050394148287,0.7910457849502563
18,4,ot,0.75,40.523983001708984,0.40228989720344543,2.3191238552907727,0.8126345276832581
18,16,linear,0.25,11.516463279724121,0.07983073592185974,1.0046665211890713,0.7934556603431702
18,16,linear,0.5,18.192350387573242,0.1756983995437622,1.013019380864787,0.8120735883712769
18,16,linear,0.75,20.609567642211914,0.25803428888320923,0.9798263579849553,0.8295352458953857
18,16,gauss,0.25,15.126809120178223,0.15352332592010498,1.6911634859861968,0.7854804396629333
18,16,gauss,0.5,19.53842544555664,0.22905561327934265,2.1427165623289692,0.7884942293167114
18,16,gauss,0.75,22.84217643737793,0.2841039299964905,2.530796573832733,0.7880561351776123
18,16,ot,0.25,13.347661972045898,0.07896106690168381,1.334678019632845,0.7889025211334229
18,16,ot,0.5,24.578237533569336,0.22311235964298248,1.900878274817507,0.7956677675247192
18,16,ot,0.75,40.55631637573242,0.38728439807891846,2.3386947282722157,0.822313129901886
18,64,linear,0.25,15.60422420501709,0.13734155893325806,1.217439878844225,0.7892904877662659
18,64,linear,0.5,26.65457534790039,0.35404685139656067,1.385962054880411,0.7908140420913696
18,64,linear,0.75,31.616783142089844,0.48106202483177185,1.1844496463941747,0.8236290216445923
18,64,gauss,0.25,14.95553970336914,0.15563549101352692,1.704620210525618,0.7789218425750732
18,64,gauss,0.5,19.248159408569336,0.23133769631385803,2.164364933247667,0.784199059009552
18,64,gauss,0.75,22.125049591064453,0.2833458483219147,2.5650295006015624,0.7797358632087708
18,64,ot,0.25,13.733548164367676,0.0788118839263916,1.3492616747080144,0.7854650616645813
18,64,ot,0.5,23.63581085205078,0.2205331176519394,1.9443463524887075,0.7919537425041199
18,64,ot,0.75,39.59690856933594,0.38784509897232056,2.4413081803442633,0.8083682060241699
19,0,linear,0.25,0.0,0.0,0.999999964741386,0.7884650230407715
19,0,linear,0.5,0.0,0.0,0.999999964741386,0.7884650230407715
19,0,linear,0.75,0.0,0.0,0.999999964741386,0.7884650230407715
19,0,gauss,0.25,13.191740989685059,0.08703530579805374,1.3095867778296573,0.8065864443778992
19,0,gauss,0.5,17.41097640991211,0.13551749289035797,1.4880113359818459,0.8101601600646973
19,0,gauss,0.75,22.470874786376953,0.18116328120231628,1.6650845800161758,0.8413461446762085
19,0,ot,0.25,12.398667335510254,0.06870174407958984,1.5113865220584857,0.8266547918319702
19,0,ot,0.5,24.543237686157227,0.18407604098320007,2.3943118917001813,0.8746563792228699
19,0,ot,0.75,36.738582611083984,0.30412837862968445,3.4714103820346107,0.9746863842010498
19,4,linear,0.25,4.811269760131836,0.01368948444724083,0.9908528501255546,0.7992997169494629
19,4,linear,0.5,6.608260154724121,0.03248359635472298,0.9890960629631946,0.7852524518966675
19,4,linear,0.75,8.250701904296875,0.04779103398323059,0.993094379196153,0.7766103148460388
19,4,gauss,0.25,12.798515319824219,0.0868038684129715,1.308314141506958,0.8038376569747925
19,4,gauss,0.5,17.522005081176758,0.13463103771209717,1.4789004735721312,0.8012861609458923
19,4,gauss,0.75,22.535261154174805,0.17991112172603607,1.6516426297640945,0.8341593742370605
19,4,ot,0.25,12.453207015991211,0.071073517203331,1.5270809689870015,0.8230739235877991
19,4,ot,0.5,24.209712982177734,0.1859298050403595,2.440565240853658,0.8661098480224609
19,4,ot,0.75,36.155704498291016,0.295772910118103,3.1790176882057892,1.008882761001587
19,16,linear,0.25,9.03308391571045,0.04919666051864624,0.9946299096874852,0.7735732793807983
19,16,linear,0.5,13.004733085632324,0.09659464657306671,1.040389782252626,0.8104196190834045
19,16,linear,0.75,16.691640853881836,0.14367754757404327,1.0800449671957106,0.8200519680976868
19,16,gauss,0.25,12.695724487304688,0.08880122750997543,1.3179213701736114,0.8036345839500427
19,16,gauss,0.5,17.334714889526367,0.1351790875196457,1.493322940920812,0.8232853412628174
19,16,gauss,0.75,22.890737533569336,0.18115657567977905,1.675058665246902,0.8502194285392761
19,16,ot,0.25,12.950027465820312,0.07703578472137451,1.552832382095735,0.8277782201766968
19,16,ot,0.5,25.383867263793945,0.1951351910829544,2.4962092248770973,0.8724751472473145
19,16,ot,0.75,38.466121673583984,0.3036639094352722,3.2507831333681994,1.0658000707626343
19,64,linear,0.25,14.547653198242188,0.09544955939054489,1.155266258985057,0.7955383658409119
19,64,linear,0.5,30.221885681152344,0.25074127316474915,1.2126662420794194,0.8445929884910583
19,64,linear,0.75,28.379798889160156,0.3234221637248993,1.0473305035411062,0.8531051874160767
19,64,gauss,0.25,12.464943885803223,0.08879321813583374,1.3272263657740526,0.8086331486701965
19,64,gauss,0.5,17.146923065185547,0.1369674652814865,1.5141292116089333,0.8330532312393188
19,64,gauss,0.75,23.078718185424805,0.18110212683677673,1.715202860926844,0.8702159523963928
19,64,ot,0.25,13.198262214660645,0.08034518361091614,1.5759752125469384,0.8284822106361389
19,64,ot,0.5,26.249969482421875,0.19979043304920197,2.557800146886556,0.8972151875495911
19,64,ot,0.75,38.528751373291016,0.3039606213569641,3.165309100350748,1.0477172136306763
20,0,linear,0.25,0.0,0.0,0.999999992612007,0.9787748456001282
20,0,linear,0.5,0.0,0.0,0.999999992612007,0.9787748456001282
20,0,linear,0.75,0.0,0.0,0.999999992612007,0.9787748456001282
20,0,gauss,0.25,12.513988494873047,0.10196562856435776,1.2689261671315173,0.9583234786987305
20,0,gauss,0.5,17.269094467163086,0.15351322293281555,1.3923005820842145,0.9412378668785095
20,0,gauss,0.75,25.003583908081055,0.19236893951892853,1.5077127613770094,0.8890820741653442
20,0,ot,0.25,16.90791130065918,0.07525935024023056,1.261947912976326,0.9173867702484131
20,0,ot,0.5,23.149423599243164,0.16960525512695312,1.5847899548067075,0.8753288388252258
20,0,ot,0.75,33.12392807006836,0.29222965240478516,1.909978998393514,0.8451777100563049
20,4,linear,0.25,6.366088390350342,0.037926796823740005,0.9946041674284775,0.9926033616065979
20,4,linear,0.5,8.667612075805664,0.08103692531585693,1.0025397613873122,0.9783915877342224
20,4,linear,0.75,10.224363327026367,0.11471295356750488,1.0042790681441844,0.9690398573875427
20,4,gauss,0.25,11.966118812561035,0.10373236984014511,1.2875033592319785,0.9594448208808899
20,4,gauss,0.5,16.767362594604492,0.15419410169124603,1.4331310806737358,0.9445017576217651
20,4,gauss,0.75,24.252735137939453,0.1911955177783966,1.567585580938932,0.8941289782524109
20,4,ot,0.25,15.17320728302002,0.07711101323366165,1.284355565188099,0.9308745265007019
20,4,ot,0.5,23.59564781188965,0.17273947596549988,1.6518508594421455,0.8774642944335938
20,4,ot,0.75,30.960006713867188,0.29621464014053345,2.033310258194069,0.8592629432678223
20,16,linear,0.25,11.078217506408691,0.08934153616428375,1.0223172612015639,0.9700663685798645
20,16,linear,0.5,19.30479621887207,0.20505717396736145,0.9823619755190072,0.9169090390205383
20,16,linear,0.75,17.691547393798828,0.2904351055622101,0.9740192699463416,0.9369001984596252
20,16,gauss,0.25,13.362915992736816,0.10388515889644623,1.286148045257432,0.9521158933639526
20,16,gauss,0.5,18.014732360839844,0.15816166996955872,1.430839454023248,0.9366113543510437
20,16,gauss,0.75,24.404294967651367,0.203451007604599,1.5637923311373754,0.8994383811950684
20,16,ot,0.25,16.61576271057129,0.07963147759437561,1.2913428466965444,0.9257351160049438
20,16,ot,0.5,23.972131729125977,0.1737426072359085,1.670767898365726,0.8923689723014832
20,16,ot,0.75,35.92088317871094,0.2980429232120514,2.0799123180239087,0.8509074449539185
20,64,linear,0.25,17.178300857543945,0.14125071465969086,1.151445072598397,0.9261581897735596
20,64,linear,0.5,32.62886047363281,0.28180763125419617,1.2164256126674309,0.8622403144836426
20,64,linear,0.75,29.55760955810547,0.4097115695476532,1.1336731864620173,0.9069530963897705
20,64,gauss,0.25,12.042845726013184,0.10470561683177948,1.2871720994034177,0.9592297077178955
20,64,gauss,0.5,17.568185806274414,0.15957793593406677,1.4261588814506052,0.9477401375770569
20,64,gauss,0.75,24.05222511291504,0.19941934943199158,1.5600314476999253,0.9009435772895813
20,64,ot,0.25,20.672260284423828,0.08034858107566833,1.3013817038739404,0.9077975153923035
20,64,ot,0.5,24.150096893310547,0.1775856465101242,1.650361236065524,0.8594602346420288
20,64,ot,0.75,33.199466705322266,0.3053830862045288,1.9737508639335462,0.8391793966293335
21,0,linear,0.25,0.0,0.0,0.9999999956278469,1.0768579244613647
21,0,linear,0.5,0.0,0.0,0.9999999956278469,1.0768579244613647
21,0,linear,0.75,0.0,0.0,0.9999999956278469,1.0768579244613647
21,0,gauss,0.25,6.610237121582031,0.05479895696043968,1.192802309596051,1.1025201082229614
21,0,gauss,0.5,10.513860702514648,0.11059272289276123,1.3615057757654634,1.1332004070281982
21,0,gauss,0.75,14.527304649353027,0.15241007506847382,1.5163776029027276,1.1869733333587646
21,0,ot,0.25,6.613825798034668,0.020338285714387894,1.0876262407773039,1.1535524129867554
21,0,ot,0.5,13.274553298950195,0.07914067804813385,1.28275812892627,1.2473359107971191
21,0,ot,0.75,22.04688835144043,0.1761498749256134,1.5806328578126814,1.1748883724212646
21,4,linear,0.25,4.047975540161133,0.029361708089709282,0.9965753776002786,1.0800968408584595
21,4,linear,0.5,4.721970081329346,0.05469158664345741,0.9923481747828002,1.1224071979522705
21,4,linear,0.75,5.811256408691406,0.0703229159116745,0.9787889937092039,1.1261510848999023
21,4,gauss,0.25,6.681575298309326,0.05506393685936928,1.1924637893778212,1.0993549823760986
21,4,gauss,0.5,10.587882041931152,0.11191625893115997,1.3596690625259846,1.1244252920150757
21,4,gauss,0.75,14.581236839294434,0.153898686170578,1.514166145957464,1.1778544187545776
21,4,ot,0.25,6.519034385681152,0.020318228751420975,1.08739404561607,1.151759386062622
21,4,ot,0.5,13.12448787689209,0.07905473560094833,1.281906486067783,1.2400109767913818
21,4,ot,0.75,21.50666618347168,0.17463737726211548,1.5770420417333995,1.1826927661895752
21,16,linear,0.25,5.3518805503845215,0.05733909830451012,1.0386997103680706,1.0798072814941406
21,16,linear,0.5,11.61507797241211,0.13758012652397156,1.0403066390021423,1.057173490524292
21,16,linear,0.75,16.334959030151367,0.17718584835529327,1.029312159027628,1.1262127161026
21,16,gauss,0.25,6.552829742431641,0.05502406507730484,1.1929980206690998,1.1003952026367188
21,16,gauss,0.5,10.676973342895508,0.11176349967718124,1.3614407559083055,1.1398875713348389
21,16,gauss,0.75,14.666569709777832,0.15509426593780518,1.517045131416196,1.167701005935669
21,16,ot,0.25,6.356693744659424,0.01990290731191635,1.0858323963414422,1.149845838546753
21,16,ot,0.5,13.122964859008789,0.07933269441127777,1.2809525574620633,1.2309997081756592
21,16,ot,0.75,21.648603439331055,0.17723925411701202,1.5753061809376887,1.168055534362793
21,64,linear,0.25,9.021567344665527,0.06631240993738174,1.0508992728053628,1.1336634159088135
21,64,linear,0.5,18.0469970703125,0.15021435916423798,1.1210433201489864,1.1622145175933838
21,64,linear,0.75,15.111781120300293,0.20194661617279053,1.0937981757953512,1.0671781301498413
21,64,gauss,0.25,6.893862247467041,0.05511920526623726,1.1948472427388135,1.1093751192092896
21,64,gauss,0.5,10.938667297363281,0.11154092848300934,1.3681340224864518,1.1415210962295532
21,64,gauss,0.75,15.08823299407959,0.15329468250274658,1.5263256410479102,1.191526174545288
21,64,ot,0.25,6.691935062408447,0.019822964444756508,1.0874876663923587,1.1632843017578125
21,64,ot,0.5,13.180755615234375,0.07642585784196854,1.2887611947361475,1.2552446126937866
21,64,ot,0.75,21.364517211914062,0.16871477663516998,1.5920012996910906,1.19321870803833
22,0,linear,0.25,0.0,0.0,0.9999999972457706,0.8598460555076599
22,0,linear,0.5,0.0,0.0,0.9999999972457706,0.8598460555076599
22,0,linear,0.75,0.0,0.0,0.9999999972457706,0.8598460555076599
22,0,gauss,0.25,11.127796173095703,0.09547606110572815,1.1666673885148733,0.8619934320449829
22,0,gauss,0.5,18.073604583740234,0.13446998596191406,1.214123263947203,0.8480270504951477
22,0,gauss,0.75,29.560680389404297,0.1736902892589569,1.2463686903279239,0.8510079383850098
22,0,ot,0.25,15.15311336517334,0.05708647519350052,1.1000093954087036,0.867522656917572
22,0,ot,0.5,32.83240509033203,0.1271694302558899,1.2339701391169844,0.8687872290611267
22,0,ot,0.75,43.906463623046875,0.18637025356292725,1.3707528768049548,0.8652573823928833
22,4,linear,0.25,6.54905891418457,0.05026137828826904,0.9869019395573758,0.842393696308136
22,4,linear,0.5,6.572707653045654,0.09432841837406158,0.9598405932748298,0.8620713949203491
22,4,linear,0.75,7.75717306137085,0.11810417473316193,0.941770638572539,0.8621956706047058
22,4,gauss,0.25,11.97628402709961,0.09535952657461166,1.1709760594858407,0.8598598837852478
22,4,gauss,0.5,19.623695373535156,0.1366417407989502,1.2253794739651427,0.839016854763031
22,4,gauss,0.75,31.555376052856445,0.1755438596010208,1.2603401871651807,0.8701772093772888
22,4,ot,0.25,15.37529182434082,0.056208640336990356,1.0999003078578307,0.863084614276886
22,4,ot,0.5,33.183406829833984,0.12573537230491638,1.2350503439096754,0.8775550723075867
22,4,ot,0.75,43.53218460083008,0.18578040599822998,1.3668613487486116,0.8757284879684448
22,16,linear,0.25,7.2666425704956055,0.10072586685419083,1.0277828480972948,0.853108286857605
22,16,linear,0.5,11.476083755493164,0.17177818715572357,1.0430015053920094,0.8623012900352478
22,16,linear,0.75,16.738306045532227,0.19516786932945251,1.065389324297546,0.8323867917060852
22,16,gauss,0.25,12.534276962280273,0.09588146209716797,1.1711451492938152,0.8589598536491394
22,16,gauss,0.5,17.806514739990234,0.13500989973545074,1.2246799674876874,0.8433074355125427
22,16,gauss,0.75,28.739585876464844,0.17476090788841248,1.2656962299564167,0.8564622402191162
22,16,ot,0.25,14.884204864501953,0.05802632123231888,1.102500433026377,0.8668645024299622
22,16,ot,0.5,32.09729766845703,0.12627825140953064,1.2450336195868055,0.8753533363342285
22,16,ot,0.75,43.17105484008789,0.19044089317321777,1.3533174192947233,0.8664125800132751
22,64,linear,0.25,18.736297607421875,0.10122349858283997,1.0393660745205595,0.8473622798919678
22,64,linear,0.5,32.7996940612793,0.17477142810821533,1.1067747114587323,0.8900720477104187
22,64,linear,0.75,34.093753814697266,0.23378628492355347,1.074156302511295,0.863219141960144
22,64,gauss,0.25,11.871182441711426,0.09680427610874176,1.1726260805149193,0.8581697344779968
22,64,gauss,0.5,19.02719497680664,0.137599378824234,1.2308173529401412,0.8396747708320618
22,64,gauss,0.75,30.425613403320312,0.17665177583694458,1.2804817382624514,0.8796582818031311
22,64,ot,0.25,15.024205207824707,0.05702071264386177,1.1010089131716667,0.8637473583221436
22,64,ot,0.5,32.803043365478516,0.12515516579151154,1.2381857286111349,0.8773617148399353
22,64,ot,0.75,43.60261154174805,0.1818196028470993,1.3554667477519127,0.88260418176651
23,0,linear,0.25,0.0,0.0,0.9999999965613874,0.9054366946220398
23,0,linear,0.5,0.0,0.0,0.9999999965613874,0.9054366946220398
23,0,linear,0.75,0.0,0.0,0.9999999965613874,0.9054366946220398
23,0,gauss,0.25,9.758380889892578,0.1068541556596756,1.2404824200839604,0.8997207283973694
23,0,gauss,0.5,13.449905395507812,0.16528287529945374,1.3770565238152315,0.8982381224632263
23,0,gauss,0.75,23.067623138427734,0.22371414303779602,1.4825876953540191,0.851757824420929
23,0,ot,0.25,8.135300636291504,0.08070194721221924,1.1664242835909147,0.897791862487793
23,0,ot,0.5,22.58056640625,0.211274653673172,1.429786600735768,0.8543459177017212
23,0,ot,0.75,54.391845703125,0.3384900689125061,1.7309374040909449,0.7446135878562927
23,4,linear,0.25,4.116837024688721,0.047243744134902954,0.9879711562438738,0.9232056736946106
23,4,linear,0.5,5.266594409942627,0.0873284637928009,0.9773375626137826,0.9193114638328552
23,4,linear,0.75,5.428874492645264,0.10700685530900955,0.9596744466536336,0.9038691520690918
23,4,gauss,0.25,9.620698928833008,0.10717691481113434,1.235701586557583,0.9040005207061768
23,4,gauss,0.5,13.40439224243164,0.16488730907440186,1.366220944785147,0.9035140872001648
23,4,gauss,0.75,22.14443588256836,0.22144991159439087,1.4633087986725637,0.8579456806182861
23,4,ot,0.25,8.270121574401855,0.0803426206111908,1.1600671236197388,0.8947091698646545
23,4,ot,0.5,22.299062728881836,0.21043312549591064,1.4222038987054748,0.8528286218643188
23,4,ot,0.75,55.46146011352539,0.34935662150382996,1.7248596008931745,0.7312780618667603
23,16,linear,0.25,7.526350021362305,0.10360768437385559,1.0426090780105168,0.9091231822967529
23,16,linear,0.5,17.639827728271484,0.17500989139080048,1.0484891999111858,0.8569536805152893
23,16,linear,0.75,13.249699592590332,0.21242395043373108,1.0194334310323863,0.8757360577583313
23,16,gauss,0.25,9.437771797180176,0.10660776495933533,1.2378741337315349,0.90056312084198
23,16,gauss,0.5,13.545865058898926,0.16610032320022583,1.3713914021018716,0.9073231220245361
23,16,gauss,0.75,23.62995147705078,0.22337988018989563,1.4733983332014045,0.8573032021522522
23,16,ot,0.25,8.292774200439453,0.07911035418510437,1.1677981122425183,0.9037688374519348
23,16,ot,0.5,22.747060775756836,0.2133779227733612,1.430841925773379,0.858903706073761
23,16,ot,0.75,55.92695999145508,0.34563079476356506,1.7387034404087005,0.7306135892868042
23,64,linear,0.25,17.1337890625,0.1303420513868332,1.1190709534899879,0.8607080578804016
23,64,linear,0.5,31.302820205688477,0.2896549701690674,1.218977277421046,0.8636537790298462
23,64,linear,0.75,25.592737197875977,0.3407154083251953,1.1233750563817793,0.8550642132759094
23,64,gauss,0.25,9.652016639709473,0.10626821219921112,1.2388903119285586,0.9034225940704346
23,64,gauss,0.5,12.99844741821289,0.1665271669626236,1.3730411032531111,0.8981325030326843
23,64,gauss,0.75,22.326454162597656,0.22422650456428528,1.4742363010429802,0.8515006303787231
23,64,ot,0.25,8.123437881469727,0.07814022898674011,1.153702995101024,0.8908053040504456
23,64,ot,0.5,21.867835998535156,0.20582574605941772,1.4091321332658242,0.8655043244361877
23,64,ot,0.75,52.81269073486328,0.34339040517807007,1.6846846945866334,0.7416602969169617
24,0,linear,0.25,0.0,0.0,0.9999999939833254,0.8926035761833191
24,0,linear,0.5,0.0,0.0,0.9999999939833254,0.8926035761833191
24,0,linear,0.75,0.0,0.0,0.9999999939833254,0.8926035761833191
24,0,gauss,0.25,18.961467742919922,0.13126760721206665,1.3074188990133333,0.8990747332572937
24,0,gauss,0.5,22.507986068725586,0.19950838387012482,1.5128695360477213,0.8849776983261108
24,0,gauss,0.75,25.32032012939453,0.2285086065530777,1.6560887195133869,0.9080509543418884
24,0,ot,0.25,18.415939331054688,0.0691080316901207,1.163984094218394,0.9172282218933105
24,0,ot,0.5,35.28745651245117,0.14942817389965057,1.3819667684277817,0.9249978065490723
24,0,ot,0.75,47.30146026611328,0.22007885575294495,1.5713700682042222,0.9819592237472534
24,4,linear,0.25,7.330448627471924,0.020696692168712616,1.0077828032771252,0.9060344696044922
24,4,linear,0.5,10.413516998291016,0.0449802465736866,0.9989465425825081,0.9193243384361267
24,4,linear,0.75,13.625496864318848,0.06517504155635834,1.0074709816624832,0.9241787195205688
24,4,gauss,0.25,18.996387481689453,0.1317785233259201,1.3115422422792895,0.8935154676437378
24,4,gauss,0.5,22.35291862487793,0.19908452033996582,1.5245435706775443,0.9046107530593872
24,4,gauss,0.75,25.289493560791016,0.23101094365119934,1.679617713447658,0.9293968081474304
24,4,ot,0.25,18.962024688720703,0.06804943084716797,1.1592567422641564,0.9159910678863525
24,4,ot,0.5,35.80027770996094,0.14517658948898315,1.3697442218260267,0.8979656100273132
24,4,ot,0.75,47.61528396606445,0.21046707034111023,1.53736411905321,1.010062336921692
24,16,linear,0.25,14.60658073425293,0.0463891327381134,1.0230307726465888,0.9337168335914612
24,16,linear,0.5,21.493759155273438,0.09203258156776428,1.0294329778449685,0.9438779950141907
24,16,linear,0.75,25.604698181152344,0.12557552754878998,1.0024623805980868,0.9375214576721191
24,16,gauss,0.25,19.030162811279297,0.13141115009784698,1.314895714295985,0.8986130952835083
24,16,gauss,0.5,22.38599967956543,0.19822445511817932,1.5298875727368733,0.8868542909622192
24,16,gauss,0.75,24.56711196899414,0.22894912958145142,1.688321463404368,0.9075247645378113
24,16,ot,0.25,19.023147583007812,0.0689510926604271,1.1731181006238294,0.9144618511199951
24,16,ot,0.5,32.724388122558594,0.14949823915958405,1.372841727566183,0.9164960384368896
24,16,ot,0.75,47.2155647277832,0.2319088876247406,1.4920118258996078,0.9712556004524231
24,64,linear,0.25,17.966447830200195,0.07481997460126877,1.0977011113898472,0.925746738910675
24,64,linear,0.5,28.505224227905273,0.15496569871902466,1.152553025826547,1.0493444204330444
24,64,linear,0.75,38.4256477355957,0.22656212747097015,1.0637951280526146,1.0125677585601807
24,64,gauss,0.25,18.72022819519043,0.131574809551239,1.307005228820706,0.8984118700027466
24,64,gauss,0.5,22.095478057861328,0.19813139736652374,1.5062298335931064,0.895150363445282
24,64,gauss,0.75,25.34238624572754,0.2272505909204483,1.6487839530169621,0.9112637042999268
24,64,ot,0.25,18.562578201293945,0.0660792738199234,1.146917374626209,0.8988999724388123
24,64,ot,0.5,36.45064163208008,0.14356981217861176,1.3419376772718072,0.9044114947319031
24,64,ot,0.75,48.41981887817383,0.2137216329574585,1.481872154442005,1.010063648223877
25,0,linear,0.25,0.0,0.0,0.9999999983888445,0.8445672392845154
25,0,linear,0.5,0.0,0.0,0.9999999983888445,0.8445672392845154
25,0,linear,0.75,0.0,0.0,0.9999999983888445,0.8445672392845154
25,0,gauss,0.25,11.898348808288574,0.07426337897777557,1.136996492122837,0.8650673031806946
25,0,gauss,0.5,15.49706745147705,0.09706974029541016,1.1778544182363602,0.8437567353248596
25,0,gauss,0.75,19.33533477783203,0.10824653506278992,1.2005364924257207,0.8354010581970215
25,0,ot,0.25,11.864830017089844,0.048298418521881104,1.167057308405129,0.9003322124481201
25,0,ot,0.5,18.2000732421875,0.10658720135688782,1.3184238918015467,0.9020311832427979
25,0,ot,0.75,28.321786880493164,0.1596849113702774,1.4154886914940437,0.96014004945755
25,4,linear,0.25,5.594644546508789,0.033627476543188095,0.9993000185471638,0.8858615756034851
25,4,linear,0.5,8.16943359375,0.04683202877640724,0.9985351208329387,0.8953998684883118
25,4,linear,0.75,8.758434295654297,0.06146852672100067,0.9983137662527392,0.8807228803634644
25,4,gauss,0.25,11.960763931274414,0.07386317849159241,1.1378482991190926,0.8673039078712463
25,4,gauss,0.5,15.254603385925293,0.09731687605381012,1.178985967485163,0.8437961339950562
25,4,gauss,0.75,19.194150924682617,0.10934731364250183,1.202284953528407,0.8365718722343445
25,4,ot,0.25,12.12449836730957,0.04859350621700287,1.169330106170674,0.9021049737930298
25,4,ot,0.5,17.895864486694336,0.10720208287239075,1.3215936317705896,0.8911618590354919
25,4,ot,0.75,26.3668155670166,0.15970011055469513,1.4193777138082901,0.9210617542266846
25,16,linear,0.25,9.004748344421387,0.05307359620928764,0.9936707939128326,0.8799262642860413
25,16,linear,0.5,10.738946914672852,0.08302699774503708,0.9750328342923922,0.8730571269989014
25,16,linear,0.75,14.563058853149414,0.11197167634963989,0.9626947892794339,0.9179854989051819
25,16,gauss,0.25,12.357721328735352,0.07617924362421036,1.1387840383943482,0.8699443936347961
25,16,gauss,0.5,17.820749282836914,0.09858068823814392,1.1808374713056602,0.8332293033599854
25,16,gauss,0.75,21.750940322875977,0.11136213690042496,1.202633454947732,0.8283607959747314
25,16,ot,0.25,10.928010940551758,0.050238918513059616,1.1713074123773148,0.8822723627090454
25,16,ot,0.5,17.30060577392578,0.11257989704608917,1.3266833466298402,0.866443395614624
25,16,ot,0.75,26.459598541259766,0.16783490777015686,1.4243757177677185,0.8998198509216309
25,64,linear,0.25,13.469450950622559,0.06118375062942505,1.1022624533085505,0.8375837206840515
25,64,linear,0.5,20.596288681030273,0.1422179639339447,1.1671578542816883,0.9326792359352112
25,64,linear,0.75,29.562685012817383,0.22061267495155334,1.1218676508169603,0.8859846591949463
25,64,gauss,0.25,12.249298095703125,0.07598590850830078,1.1363031385137088,0.8586183786392212
25,64,gauss,0.5,17.636714935302734,0.09854015707969666,1.1766888735335919,0.8254089951515198
25,64,gauss,0.75,21.153398513793945,0.11048808693885803,1.1962975282068118,0.8370936512947083
25,64,ot,0.25,12.259736061096191,0.05006954073905945,1.17025153662491,0.9025947451591492
25,64,ot,0.5,19.392723083496094,0.11249186843633652,1.324741188265435,0.8998355269432068
25,64,ot,0.75,29.138383865356445,0.16789497435092926,1.4230450934452699,0.9486902356147766
26,0,linear,0.25,0.0,0.0,0.9999999958101451,0.8177095055580139
26,0,linear,0.5,0.0,0.0,0.9999999958101451,0.8177095055580139
26,0,linear,0.75,0.0,0.0,0.9999999958101451,0.8177095055580139
26,0,gauss,0.25,12.147494316101074,0.12907610833644867,1.2394338709597121,0.8316017985343933
26,0,gauss,0.5,20.521421432495117,0.22472192347049713,1.4483543975992108,0.833016574382782
26,0,gauss,0.75,25.294851303100586,0.29570645093917847,1.5860976309255852,0.8440048098564148
26,0,ot,0.25,9.427688598632812,0.05922498181462288,1.1990646132345801,0.8187838196754456
26,0,ot,0.5,20.301002502441406,0.19820576906204224,1.6703582812940605,0.8306061029434204
26,0,ot,0.75,37.66205978393555,0.4146084189414978,2.244906930037844,0.8581806421279907
26,4,linear,0.25,7.627547740936279,0.05943559482693672,0.9841759864964058,0.8490333557128906
26,4,linear,0.5,8.749326705932617,0.0977979451417923,0.9633497264686245,0.8478355407714844
26,4,linear,0.75,10.049225807189941,0.12276791781187057,0.9296681797023676,0.8335132002830505
26,4,gauss,0.25,12.396666526794434,0.1288425177335739,1.240279972502088,0.8288307785987854
26,4,gauss,0.5,20.571950912475586,0.22494326531887054,1.451406906203833,0.8310011625289917
26,4,gauss,0.75,25.212081909179688,0.29538294672966003,1.5933836440598286,0.8370376825332642
26,4,ot,0.25,9.49999713897705,0.05960427597165108,1.1974232311840294,0.8206852674484253
26,4,ot,0.5,20.867006301879883,0.19679392874240875,1.6589265454165436,0.8278864026069641
26,4,ot,0.75,37.80342102050781,0.4215555191040039,2.2646966657292524,0.8646315336227417
26,16,linear,0.25,11.712843894958496,0.09594446420669556,1.0732397240665132,0.8374635577201843
26,16,linear,0.5,22.152538299560547,0.23451638221740723,1.1795899180082563,0.819978654384613
26,16,linear,0.75,23.411680221557617,0.338016152381897,1.1288885067819594,0.804954469203949
26,16,gauss,0.25,12.40658950805664,0.1287176012992859,1.2513106342718554,0.8354043960571289
26,16,gauss,0.5,20.7153263092041,0.22283586859703064,1.4720909422562947,0.831319272518158
26,16,gauss,0.75,25.758291244506836,0.2921851575374603,1.6281992990401688,0.8514532446861267
26,16,ot,0.25,9.641918182373047,0.06192174553871155,1.2189929517465372,0.8194808959960938
26,16,ot,0.5,20.659154891967773,0.20284032821655273,1.7172812048178347,0.8258836269378662
26,16,ot,0.75,37.113311767578125,0.4017590582370758,2.1535784098932322,0.8487834334373474
26,64,linear,0.25,13.770495414733887,0.13839636743068695,1.1142860128664331,0.8359692096710205
26,64,linear,0.5,25.334245681762695,0.34811848402023315,1.2286889058146433,0.8437548875808716
26,64,linear,0.75,26.078779220581055,0.48164451122283936,1.1880607979570812,0.8083250522613525
26,64,gauss,0.25,11.921646118164062,0.12676693499088287,1.2456163059606147,0.8341379165649414
26,64,gauss,0.5,18.79353141784668,0.21886083483695984,1.4638272173338573,0.8244901895523071
26,64,gauss,0.75,22.848487854003906,0.28771689534187317,1.6111166887086643,0.8259316086769104
26,64,ot,0.25,9.444507598876953,0.05737486854195595,1.2018881150167824,0.8238484263420105
26,64,ot,0.5,20.131929397583008,0.1954856961965561,1.6709490289913715,0.8310787081718445
26,64,ot,0.75,38.3701057434082,0.4211151897907257,2.3103099798999516,0.8657073974609375
27,0,linear,0.25,0.0,0.0,0.9999999977912745,1.0743166208267212
27,0,linear,0.5,0.0,0.0,0.9999999977912745,1.0743166208267212
27,0,linear,0.75,0.0,0.0,0.9999999977912745,1.0743166208267212
27,0,gauss,0.25,9.616117477416992,0.06843548268079758,1.1107034169394556,1.1959761381149292
27,0,gauss,0.5,14.782474517822266,0.10563632845878601,1.1834242769397565,1.235577940940857
27,0,gauss,0.75,18.027503967285156,0.14062534272670746,1.244120856965389,1.2265241146087646
27,0,ot,0.25,4.982297420501709,0.03274158760905266,1.0937288224565755,1.1412646770477295
27,0,ot,0.5,12.713465690612793,0.13274212181568146,1.2544910825950448,1.2471027374267578
27,0,ot,0.75,22.954469680786133,0.2828642725944519,1.4446828453160658,1.2787874937057495
27,4,linear,0.25,3.28360652923584,0.04429004713892937,0.9840236416935472,1.1035066843032837
27,4,linear,0.5,4.383109092712402,0.06918597966432571,0.9634372212829828,1.0633739233016968
27,4,linear,0.75,4.647172451019287,0.09781771898269653,0.9506240268971006,1.0742303133010864
27,4,gauss,0.25,9.7322416305542,0.06833875179290771,1.113828663365455,1.204285740852356
27,4,gauss,0.5,14.860220909118652,0.10580171644687653,1.1891498800533309,1.2468072175979614
27,4,gauss,0.75,18.26514434814453,0.1401386857032776,1.2509386309517925,1.2468947172164917
27,4,ot,0.25,5.305838584899902,0.03449352830648422,1.1004901184651048,1.146643877029419
27,4,ot,0.5,13.297186851501465,0.13680580258369446,1.2726033989538879,1.2528666257858276
27,4,ot,0.75,22.469669342041016,0.2782742381095886,1.4589350432850556,1.2444316148757935
27,16,linear,0.25,5.317636966705322,0.07361326366662979,0.9888353284378857,1.0866540670394897
27,16,linear,0.5,10.381770133972168,0.15216980874538422,0.9054898286068991,1.0748649835586548
27,16,linear,0.75,12.869402885437012,0.2506335973739624,0.9364808353749168,1.1080164909362793
27,16,gauss,0.25,9.874165534973145,0.06712136417627335,1.1135960372887566,1.2053762674331665
27,16,gauss,0.5,15.033174514770508,0.10303609818220139,1.1877979631424,1.257851243019104
27,16,gauss,0.75,18.45890998840332,0.1360040009021759,1.2501329311275742,1.257993221282959
27,16,ot,0.25,5.26560115814209,0.0335562527179718,1.1026819642777534,1.149189829826355
27,16,ot,0.5,13.772539138793945,0.1348891258239746,1.2716168116201148,1.2545703649520874
27,16,ot,0.75,22.20873260498047,0.27469077706336975,1.4546886629206506,1.2744442224502563
27,64,linear,0.25,6.8553147315979,0.07545852661132812,0.9741045158102447,1.1083012819290161
27,64,linear,0.5,16.256711959838867,0.2299257218837738,0.9579838051606783,1.150016188621521
27,64,linear,0.75,15.88870906829834,0.32386913895606995,0.963244090295707,1.1281096935272217
27,64,gauss,0.25,9.392790794372559,0.0669303834438324,1.1159342782328645,1.2022546529769897
27,64,gauss,0.5,15.094535827636719,0.10252559930086136,1.1915913348311293,1.258363962173462
27,64,gauss,0.75,18.402040481567383,0.1347595900297165,1.2533529657681874,1.2611969709396362
27,64,ot,0.25,5.258532524108887,0.03441252559423447,1.1022702279705243,1.1475191116333008
27,64,ot,0.5,13.395981788635254,0.13574931025505066,1.271265700275149,1.2499192953109741
27,64,ot,0.75,21.90247344970703,0.27117249369621277,1.451937698292078,1.246598243713379
28,0,linear,0.25,0.0,0.0,0.999999967852947,0.776490330696106
28,0,linear,0.5,0.0,0.0,0.999999967852947,0.776490330696106
28,0,linear,0.75,0.0,0.0,0.999999967852947,0.776490330696106
28,0,gauss,0.25,15.339380264282227,0.1180424839258194,1.13655432390927,0.7402843832969666
28,0,gauss,0.5,20.22964859008789,0.19057075679302216,1.267997207219269,0.7557224035263062
28,0,gauss,0.75,27.364782333374023,0.25692617893218994,1.416789901084623,0.7721264362335205
28,0,ot,0.25,12.827475547790527,0.08223001658916473,1.2106444519250181,0.7629539370536804
28,0,ot,0.5,28.640073776245117,0.2332567721605301,1.599065962904517,0.7405532002449036
28,0,ot,0.75,40.36299514770508,0.4387902617454529,2.2049960759309015,0.7881184816360474
28,4,linear,0.25,4.973212718963623,0.017206938937306404,1.0003769033402496,0.7792036533355713
28,4,linear,0.5,7.390024662017822,0.0381857268512249,0.9856894728598653,0.7767753601074219
28,4,linear,0.75,9.404763221740723,0.058600619435310364,0.9767897236179587,0.7707997560501099
28,4,gauss,0.25,15.44005298614502,0.11815881729125977,1.1407504931037415,0.7391975522041321
28,4,gauss,0.5,20.683231353759766,0.19064754247665405,1.2735977679815242,0.7567010521888733
28,4,gauss,0.75,27.753393173217773,0.25900620222091675,1.4285965145309136,0.7690331935882568
28,4,ot,0.25,12.933690071105957,0.08255532383918762,1.2147597850737617,0.7637630701065063
28,4,ot,0.5,28.785179138183594,0.23409497737884521,1.6115610599462018,0.7408353090286255
28,4,ot,0.75,40.8061408996582,0.4343554973602295,2.2220030218952647,0.7871317863464355
28,16,linear,0.25,9.698149681091309,0.05120140686631203,0.9823763925560592,0.7664103507995605
28,16,linear,0.5,16.163423538208008,0.11516045033931732,0.9710698847793401,0.747864842414856
28,16,linear,0.75,21.79520606994629,0.17885199189186096,0.9957794879662044,0.7719770669937134
28,16,gauss,0.25,15.713157653808594,0.11798794567584991,1.1345349796084285,0.7395644783973694
28,16,gauss,0.5,20.748043060302734,0.1931966245174408,1.266895202341061,0.7640793919563293
28,16,gauss,0.75,27.30939292907715,0.26087599992752075,1.4282463447565297,0.7768735885620117
28,16,ot,0.25,12.9841947555542,0.08274006843566895,1.213101747958049,0.7598284482955933
28,16,ot,0.5,28.94337272644043,0.2296953648328781,1.6144919953286472,0.7368219494819641
28,16,ot,0.75,39.4085693359375,0.40770888328552246,1.9145394693765774,0.7818827033042908
28,64,linear,0.25,19.366897583007812,0.12271623313426971,0.9901895855862748,0.7403482794761658
28,64,linear,0.5,31.26752471923828,0.30670368671417236,1.0168611694207899,0.7858182191848755
28,64,linear,0.75,29.03390121459961,0.418355256319046,1.0195333096998003,0.762875497341156
28,64,gauss,0.25,14.897496223449707,0.11263708770275116,1.1190472722753355,0.7414067387580872
28,64,gauss,0.5,20.657127380371094,0.1853763610124588,1.234457792939691,0.7491348385810852
28,64,gauss,0.75,25.644508361816406,0.2535962462425232,1.3562337629945471,0.7669487595558167
28,64,ot,0.25,12.668424606323242,0.08145764470100403,1.188626389668139,0.7621327638626099
28,64,ot,0.5,29.061126708984375,0.22964519262313843,1.5002494657072347,0.7287318110466003
28,64,ot,0.75,39.87704849243164,0.4367258846759796,1.8771226793154585,0.7865747213363647
29,0,linear,0.25,0.0,0.0,0.9999999964239807,0.8043690323829651
29,0,linear,0.5,0.0,0.0,0.9999999964239807,0.8043690323829651
29,0,linear,0.75,0.0,0.0,0.9999999964239807,0.8043690323829651
29,0,gauss,0.25,8.159039497375488,0.07538854330778122,1.0476536701679575,0.7954435348510742
29,0,gauss,0.5,14.069840431213379,0.12750060856342316,1.105561010542644,0.8035228252410889
29,0,gauss,0.75,16.647050857543945,0.16433461010456085,1.1589946010958538,0.812536358833313
29,0,ot,0.25,9.215120315551758,0.047811783850193024,1.120037872279735,0.7883618474006653
29,0,ot,0.5,17.39147186279297,0.129013329744339,1.2660772741775703,0.787541389465332
29,0,ot,0.75,30.258869171142578,0.2256985306739807,1.4421615008567552,0.8144870400428772
29,4,linear,0.25,4.534931182861328,0.03472359851002693,0.9932608099462759,0.7967205047607422
29,4,linear,0.5,5.846459865570068,0.06446970999240875,0.9794288255299185,0.8049289584159851
29,4,linear,0.75,7.799975872039795,0.0828300267457962,0.9796393085423873,0.8093693256378174
29,4,gauss,0.25,8.153434753417969,0.07580002397298813,1.0474360467191162,0.797051191329956
29,4,gauss,0.5,13.703634262084961,0.12900929152965546,1.1030465112028012,0.8034772276878357
29,4,gauss,0.75,16.654644012451172,0.16704300045967102,1.1556232493913277,0.8160374164581299
29,4,ot,0.25,8.91054630279541,0.04853322356939316,1.1226867610265265,0.7900465726852417
29,4,ot,0.5,17.535276412963867,0.1341623067855835,1.2671503645332913,0.7893522381782532
29,4,ot,0.75,29.4821834564209,0.22688108682632446,1.4440525441849816,0.8199216723442078
29,16,linear,0.25,7.490600109100342,0.06420022249221802,1.0087464981117364,0.7944345474243164
29,16,linear,0.5,11.948058128356934,0.11338049173355103,1.017439926108247,0.8279956579208374
29,16,linear,0.75,12.394732475280762,0.13979482650756836,1.006104430080286,0.8203387260437012
29,16,gauss,0.25,8.150040626525879,0.07449035346508026,1.0442569539282578,0.7957891225814819
29,16,gauss,0.5,13.622404098510742,0.1269032210111618,1.0956885579552766,0.8065483570098877
29,16,gauss,0.75,16.40865707397461,0.16393890976905823,1.144636995303549,0.8217448592185974
29,16,ot,0.25,9.13709831237793,0.0484200082719326,1.121367485476475,0.7895904779434204
29,16,ot,0.5,18.490524291992188,0.1329900622367859,1.263854786713254,0.7913677096366882
29,16,ot,0.75,29.672067642211914,0.232232928276062,1.4296043507670573,0.8127627968788147
29,64,linear,0.25,9.624968528747559,0.08101849257946014,1.0436406383530137,0.7952049374580383
29,64,linear,0.5,19.702180862426758,0.17800608277320862,1.1236834380556953,0.7945467829704285
29,64,linear,0.75,17.453807830810547,0.24078409373760223,1.113813223515549,0.8075093030929565
29,64,gauss,0.25,8.334306716918945,0.07439737766981125,1.046165581913222,0.7973648309707642
29,64,gauss,0.5,13.927045822143555,0.1278391182422638,1.0984633102148404,0.8038833737373352
29,64,gauss,0.75,16.792285919189453,0.16526633501052856,1.149817328604858,0.819306492805481
29,64,ot,0.25,9.478638648986816,0.050083186477422714,1.124799797324359,0.788303017616272
29,64,ot,0.5,18.06264305114746,0.13172025978565216,1.2706616474759804,0.7981560230255127
29,64,ot,0.75,29.529830932617188,0.22537851333618164,1.4480172981241541,0.8235350847244263
30,0,linear,0.25,0.0,0.0,0.9999999976988447,0.9233415126800537
30,0,linear,0.5,0.0,0.0,0.9999999976988447,0.9233415126800537
30,0,linear,0.75,0.0,0.0,0.9999999976988447,0.9233415126800537
30,0,gauss,0.25,14.171953201293945,0.11701035499572754,1.1289062324003873,0.9446979761123657
30,0,gauss,0.5,19.10430145263672,0.20225583016872406,1.2194822748101688,0.9529708027839661
30,0,gauss,0.75,22.045217514038086,0.24797552824020386,1.265401641356629,0.9501922130584717
30,0,ot,0.25,7.818364143371582,0.05970698595046997,0.8897229768382704,0.955926775932312
30,0,ot,0.5,12.615693092346191,0.16963151097297668,0.7804193086208522,1.0033529996871948
30,0,ot,0.75,17.318496704101562,0.24959824979305267,0.7167806445914451,1.0159494876861572
30,4,linear,0.25,0.0,0.0,0.9999999976988447,0.9233415126800537
30,4,linear,0.5,0.0,0.0,0.9999999976988447,0.9233415126800537
30,4,linear,0.75,0.0,0.0,0.9999999976988447,0.9233415126800537
30,4,gauss,0.25,14.171953201293945,0.11701035499572754,1.1289062324003873,0.9446979761123657
30,4,gauss,0.5,19.10430145263672,0.20225583016872406,1.2194822748101688,0.9529708027839661
30,4,gauss,0.75,22.045217514038086,0.24797552824020386,1.265401641356629,0.9501922130584717
30,4,ot,0.25,7.818364143371582,0.05970698595046997,0.8897229768382704,0.955926775932312
30,4,ot,0.5,12.615693092346191,0.16963151097297668,0.7804193086208522,1.0033529996871948
30,4,ot,0.75,17.318496704101562,0.24959824979305267,0.7167806445914451,1.0159494876861572
30,16,linear,0.25,0.0,0.0,0.9999999976988447,0.9233415126800537
30,16,linear,0.5,0.0,0.0,0.9999999976988447,0.9233415126800537
30,16,linear,0.75,0.0,0.0,0.9999999976988447,0.9233415126800537
30,16,gauss,0.25,14.171953201293945,0.11701035499572754,1.1289062324003873,0.9446979761123657
30,16,gauss,0.5,19.10430145263672,0.20225583016872406,1.2194822748101688,0.9529708027839661
30,16,gauss,0.75,22.045217514038086,0.24797552824020386,1.265401641356629,0.9501922130584717
30,16,ot,0.25,7.818364143371582,0.05970698595046997,0.8897229768382704,0.955926775932312
30,16,ot,0.5,12.615693092346191,0.16963151097297668,0.7804193086208522,1.0033529996871948
30,16,ot,0.75,17.318496704101562,0.24959824979305267,0.7167806445914451,1.0159494876861572
30,64,linear,0.25,0.0,0.0,0.9999999976988447,0.9233415126800537
30,64,linear,0.5,0.0,0.0,0.9999999976988447,0.9233415126800537
30,64,linear,0.75,0.0,0.0,0.9999999976988447,0.9233415126800537
30,64,gauss,0.25,14.171953201293945,0.11701035499572754,1.1289062324003873,0.9446979761123657
30,64,gauss,0.5,19.10430145263672,0.20225583016872406,1.2194822748101688,0.9529708027839661
30,64,gauss,0.75,22.045217514038086,0.24797552824020386,1.265401641356629,0.9501922130584717
30,64,ot,0.25,7.818364143371582,0.05970698595046997,0.8897229768382704,0.955926775932312
30,64,ot,0.5,12.615693092346191,0.16963151097297668,0.7804193086208522,1.0033529996871948
30,64,ot,0.75,17.318496704101562,0.24959824979305267,0.7167806445914451,1.0159494876861572
31,0,linear,0.25,0.0,0.0,0.99999990219713,0.8539720177650452
31,0,linear,0.5,0.0,0.0,0.99999990219713,0.8539720177650452
31,0,linear,0.75,0.0,0.0,0.99999990219713,0.8539720177650452
31,0,gauss,0.25,12.875570297241211,0.12816764414310455,1.676223795475466,0.8190600275993347
31,0,gauss,0.5,15.792620658874512,0.19967474043369293,2.1920705281206434,0.8181861639022827
31,0,gauss,0.75,19.94371223449707,0.2619897723197937,2.6965172987523944,0.8149452805519104
31,0,ot,0.25,10.725920677185059,0.08666722476482391,1.1480963900821968,0.8551638722419739
31,0,ot,0.5,19.790565490722656,0.23137132823467255,1.5525827200444462,0.8155094981193542
31,0,ot,0.75,37.77888870239258,0.3826114237308502,1.8642222453860013,0.8750801086425781
31,4,linear,0.25,3.9542086124420166,0.009631255641579628,0.98337734101176,0.8560262322425842
31,4,linear,0.5,6.020880222320557,0.024366654455661774,0.974757688695814,0.8371961712837219
31,4,linear,0.75,8.928023338317871,0.04073352739214897,1.0039314481109136,0.8328229784965515
31,4,gauss,0.25,12.527925491333008,0.1292889267206192,1.6565464824120855,0.8179501891136169
31,4,gauss,0.5,15.641046524047852,0.19975894689559937,2.139555429371333,0.8160833716392517
31,4,gauss,0.75,19.647119522094727,0.25893262028694153,2.600685514145587,0.8101787567138672
31,4,ot,0.25,11.151384353637695,0.08769450336694717,1.1440797698250293,0.847507894039154
31,4,ot,0.5,19.14459228515625,0.23081675171852112,1.5428345119313642,0.8220138549804688
31,4,ot,0.75,37.60776901245117,0.38534873723983765,1.8629051415259057,0.8907700777053833
31,16,linear,0.25,8.88682746887207,0.04794446378946304,1.007415215146673,0.8354066014289856
31,16,linear,0.5,18.023691177368164,0.1092292070388794,0.9690019630443998,0.8354766368865967
31,16,linear,0.75,26.352441787719727,0.16404452919960022,0.9284727826800225,0.7798855900764465
31,16,gauss,0.25,11.750082015991211,0.13093608617782593,1.7268592431005072,0.8253535032272339
31,16,gauss,0.5,15.618985176086426,0.1985519826412201,2.2516795883382787,0.8123241066932678
31,16,gauss,0.75,20.087425231933594,0.25917336344718933,2.7800322494608714,0.8108069896697998
31,16,ot,0.25,10.971198081970215,0.08695940673351288,1.2007205187983494,0.8578241467475891
31,16,ot,0.5,18.780122756958008,0.23042309284210205,1.6667280778119127,0.8228490352630615
31,16,ot,0.75,40.89286804199219,0.378326952457428,1.877284891622262,0.8570127487182617
31,64,linear,0.25,19.14845085144043,0.09952861070632935,1.3368674316207636,0.8104850649833679
31,64,linear,0.5,25.4146728515625,0.2969703674316406,1.8591185134711408,0.8087377548217773
31,64,linear,0.75,31.085874557495117,0.4169015884399414,1.611964793898364,0.839093804359436
31,64,gauss,0.25,12.500845909118652,0.12909851968288422,1.6865427485945894,0.8201597332954407
31,64,gauss,0.5,15.50273609161377,0.19566769897937775,2.153588506072701,0.8185298442840576
31,64,gauss,0.75,20.0018310546875,0.2548733353614807,2.6219865266149194,0.8072887659072876
31,64,ot,0.25,11.360377311706543,0.08919993042945862,1.1782511459408118,0.8525458574295044
31,64,ot,0.5,19.4028377532959,0.23199859261512756,1.6211444430699025,0.8201577067375183
31,64,ot,0.75,40.032135009765625,0.37370768189430237,1.9339285553482461,0.8565977811813354
32,0,linear,0.25,0.0,0.0,0.9999999796113598,0.8105564117431641
32,0,linear,0.5,0.0,0.0,0.9999999796113598,0.8105564117431641
32,0,linear,0.75,0.0,0.0,0.9999999796113598,0.8105564117431641
32,0,gauss,0.25,14.019743919372559,0.13526663184165955,1.255467798480801,0.7979927062988281
32,0,gauss,0.5,18.421314239501953,0.1829020231962204,1.3944834004665383,0.8068034648895264
32,0,gauss,0.75,24.858272552490234,0.21807031333446503,1.5538788733591984,0.8753781318664551
32,0,ot,0.25,12.551071166992188,0.09900648891925812,1.4218245710468407,0.7883520722389221
32,0,ot,0.5,26.518604278564453,0.28347837924957275,2.2137329439158266,0.7949861288070679
32,0,ot,0.75,45.51272201538086,0.4672204554080963,3.339408338398254,0.7867214679718018
32,4,linear,0.25,4.890064716339111,0.03282972425222397,0.9879663463851099,0.7982547879219055
32,4,linear,0.5,9.122807502746582,0.06595618277788162,0.9607039396916982,0.8086220026016235
32,4,linear,0.75,12.217966079711914,0.08831225335597992,0.9438061617399333,0.8267375826835632
32,4,gauss,0.25,13.907367706298828,0.1365707963705063,1.250772194801583,0.7998510599136353
32,4,gauss,0.5,18.42776107788086,0.18433023989200592,1.3876017001696883,0.8121674060821533
32,4,gauss,0.75,24.988574981689453,0.2206614911556244,1.5440451603064282,0.8719967007637024
32,4,ot,0.25,12.81620979309082,0.10024719685316086,1.4193384576951509,0.7870317101478577
32,4,ot,0.5,27.32223892211914,0.2835957705974579,2.2054913703008583,0.7932125926017761
32,4,ot,0.75,47.080135345458984,0.4662609100341797,3.347862278288773,0.783012866973877
32,16,linear,0.25,11.513949394226074,0.08244210481643677,0.9407727267209981,0.7951942682266235
32,16,linear,0.5,19.52802085876465,0.170660600066185,0.9150315187996639,0.8250665068626404
32,16,linear,0.75,23.06121063232422,0.229888454079628,0.9540990902798203,0.8567548394203186
32,16,gauss,0.25,14.299942970275879,0.137455016374588,1.2540978992870129,0.7947613000869751
32,16,gauss,0.5,18.754364013671875,0.18629935383796692,1.3939511176127977,0.8068161606788635
32,16,gauss,0.75,24.866165161132812,0.2251950204372406,1.5605741835129148,0.8629398345947266
32,16,ot,0.25,12.7700777053833,0.10238748043775558,1.422837488303902,0.7863133549690247
32,16,ot,0.5,26.983118057250977,0.2857705354690552,2.222272407563953,0.7925547957420349
32,16,ot,0.75,46.43052673339844,0.4710633158683777,3.4020910245289238,0.7867516875267029
32,64,linear,0.25,11.491719245910645,0.11494161188602448,1.0599211446238355,0.7895508408546448
32,64,linear,0.5,27.36316680908203,0.2764118015766144,1.2934424735593484,0.8355101346969604
32,64,linear,0.75,30.060773849487305,0.4061129689216614,1.202216423211246,0.8560324311256409
32,64,gauss,0.25,13.845695495605469,0.1370496153831482,1.2511213535171433,0.7959654927253723
32,64,gauss,0.5,18.130672454833984,0.18503029644489288,1.398154390033747,0.8047443628311157
32,64,gauss,0.75,25.09395980834961,0.22463296353816986,1.5736485330151286,0.8555690050125122
32,64,ot,0.25,12.615392684936523,0.0995822623372078,1.4151342738309591,0.7936442494392395
32,64,ot,0.5,25.890884399414062,0.2742345929145813,2.1936000741276778,0.7942848205566406
32,64,ot,0.75,46.30476760864258,0.4459500312805176,3.487372642048093,0.7955347895622253
33,0,linear,0.25,0.0,0.0,0.9999999660753472,0.7811288237571716
33,0,linear,0.5,0.0,0.0,0.9999999660753472,0.7811288237571716
33,0,linear,0.75,0.0,0.0,0.9999999660753472,0.7811288237571716
33,0,gauss,0.25,9.175702095031738,0.09546944499015808,1.6184074776493107,0.7593681216239929
33,0,gauss,0.5,14.092449188232422,0.14889906346797943,1.9143023368122,0.7445938587188721
33,0,gauss,0.75,17.84477996826172,0.18647515773773193,2.1604295805473748,0.7489708662033081
33,0,ot,0.25,10.539191246032715,0.05837608128786087,1.3570476250122732,0.7844981551170349
33,0,ot,0.5,22.946430206298828,0.14994320273399353,1.9292464220469316,0.8428385257720947
33,0,ot,0.75,42.633453369140625,0.25054895877838135,2.32685175050531,0.8516672253608704
33,4,linear,0.25,4.997259140014648,0.037039730697870255,0.9838092134230018,0.7868748903274536
33,4,linear,0.5,5.544549942016602,0.06218966841697693,0.9900544933435478,0.7817358374595642
33,4,linear,0.75,7.328242301940918,0.08848755061626434,0.9701016220819225,0.7703820466995239
33,4,gauss,0.25,9.36662483215332,0.09603659808635712,1.6261580599786154,0.7598794102668762
33,4,gauss,0.5,14.920732498168945,0.1498546451330185,1.932358635724884,0.7415934205055237
33,4,gauss,0.75,18.46717643737793,0.18739667534828186,2.1847788043313314,0.7463811635971069
33,4,ot,0.25,10.683464050292969,0.05779188126325607,1.3576422390525058,0.7856731414794922
33,4,ot,0.5,22.488527297973633,0.1494646668434143,1.9288571741736233,0.8312467932701111
33,4,ot,0.75,41.01667785644531,0.25006720423698425,2.288580343533236,0.830028772354126
33,16,linear,0.25,8.740622520446777,0.07043834775686264,1.0624108705827557,0.7651023864746094
33,16,linear,0.5,12.159010887145996,0.15649397671222687,1.0484476141612535,0.7561789155006409
33,16,linear,0.75,16.324201583862305,0.2296929657459259,1.0137848382847798,0.7780298590660095
33,16,gauss,0.25,9.581833839416504,0.09706670045852661,1.622959908458504,0.7594695687294006
33,16,gauss,0.5,15.850112915039062,0.15448208153247833,1.9364200834211542,0.7435176968574524
33,16,gauss,0.75,19.5227108001709,0.19505912065505981,2.208118763986638,0.7455029487609863
33,16,ot,0.25,10.677021026611328,0.05865110456943512,1.3566612838600967,0.78687584400177
33,16,ot,0.5,23.841157913208008,0.151657834649086,1.9553779714014299,0.8390076160430908
33,16,ot,0.75,42.83378601074219,0.2507546842098236,2.270059980272894,0.851676881313324
33,64,linear,0.25,14.969712257385254,0.08657585084438324,1.1095110006656907,0.7503851056098938
33,64,linear,0.5,25.747652053833008,0.22622302174568176,1.2810840068484413,0.7759431004524231
33,64,linear,0.75,20.50383186340332,0.3292837142944336,1.2682896314594811,0.7548359632492065
33,64,gauss,0.25,9.179247856140137,0.09678049385547638,1.6369835741278769,0.7589365243911743
33,64,gauss,0.5,14.999552726745605,0.1522279530763626,1.9417505044602459,0.7423336505889893
33,64,gauss,0.75,19.288677215576172,0.18581067025661469,2.184594543487408,0.7682066559791565
33,64,ot,0.25,10.205626487731934,0.05757477134466171,1.348008859704841,0.7831888198852539
33,64,ot,0.5,23.223957061767578,0.14940479397773743,1.9100208629641668,0.8318842649459839
33,64,ot,0.75,40.92616653442383,0.24528147280216217,2.2388794563123744,0.8558149337768555
34,0,linear,0.25,0.0,0.0,0.9999999945555402,1.0338836908340454
34,0,linear,0.5,0.0,0.0,0.9999999945555402,1.0338836908340454
34,0,linear,0.75,0.0,0.0,0.9999999945555402,1.0338836908340454
34,0,gauss,0.25,8.13577938079834,0.11125321686267853,1.1035220942406347,1.0975195169448853
34,0,gauss,0.5,9.977807998657227,0.18022897839546204,1.191224245371242,1.0693271160125732
34,0,gauss,0.75,12.342958450317383,0.22080683708190918,1.268304287330009,1.0416101217269897
34,0,ot,0.25,9.496016502380371,0.03424306958913803,1.4958812057012039,1.1728427410125732
34,0,ot,0.5,18.898006439208984,0.08973611891269684,2.2718380078683174,1.2913219928741455
34,0,ot,0.75,29.566137313842773,0.16120736300945282,3.2254080865386454,1.2083534002304077
34,4,linear,0.25,5.108346939086914,0.045179180800914764,0.970713886549076,1.1129034757614136
34,4,linear,0.5,7.785618782043457,0.06657654792070389,0.9536202973810598,1.1215064525604248
34,4,linear,0.75,7.128674507141113,0.0796256959438324,0.9466945773826447,1.1026208400726318
34,4,gauss,0.25,8.647466659545898,0.11254921555519104,1.109134988427971,1.1092629432678223
34,4,gauss,0.5,10.160660743713379,0.18386664986610413,1.2041335369226351,1.077598214149475
34,4,gauss,0.75,12.231701850891113,0.22573691606521606,1.285720038857177,1.0571836233139038
34,4,ot,0.25,9.022649765014648,0.035797376185655594,1.5046064430222943,1.1663053035736084
34,4,ot,0.5,19.310771942138672,0.09417308866977692,2.2964433912937543,1.2910653352737427
34,4,ot,0.75,30.390592575073242,0.16855302453041077,3.2583840122878898,1.2449438571929932
34,16,linear,0.25,10.117866516113281,0.07272900640964508,0.9947624020739293,1.1662936210632324
34,16,linear,0.5,9.315338134765625,0.09501802176237106,0.9833922856113869,1.066497564315796
34,16,linear,0.75,9.516369819641113,0.10977698862552643,0.9914901541278135,1.0810927152633667
34,16,gauss,0.25,7.6708760261535645,0.11139991879463196,1.1165224122757773,1.0829737186431885
34,16,gauss,0.5,9.254364013671875,0.182596355676651,1.221457288420773,1.072029948234558
34,16,gauss,0.75,12.196956634521484,0.22570088505744934,1.3144593389309587,1.0624568462371826
34,16,ot,0.25,9.433774948120117,0.035564541816711426,1.4873574922532267,1.170027256011963
34,16,ot,0.5,17.294658660888672,0.08865568041801453,2.2233731389600373,1.286989688873291
34,16,ot,0.75,27.583446502685547,0.14849133789539337,3.1037107077498587,1.2810579538345337
34,64,linear,0.25,12.873111724853516,0.07189221680164337,1.1447362412842792,1.2158063650131226
34,64,linear,0.5,11.011597633361816,0.1140870526432991,1.2454469044561418,1.0860795974731445
34,64,linear,0.75,13.568718910217285,0.13637715578079224,1.1815112652340667,1.1312412023544312
34,64,gauss,0.25,8.154481887817383,0.11474481970071793,1.1458526543349683,1.102998971939087
34,64,gauss,0.5,9.807979583740234,0.1895417869091034,1.2865438204222304,1.0949242115020752
34,64,gauss,0.75,12.620512008666992,0.2407146394252777,1.4182709872083001,1.0660663843154907
34,64,ot,0.25,9.807233810424805,0.03765884414315224,1.517030341122465,1.175630807876587
34,64,ot,0.5,19.75226593017578,0.09645748138427734,2.3281423501497605,1.2989498376846313
34,64,ot,0.75,29.004384994506836,0.16730020940303802,3.3030311233777456,1.2878886461257935
35,0,linear,0.25,0.0,0.0,0.9999999829782488,0.8245983719825745
35,0,linear,0.5,0.0,0.0,0.9999999829782488,0.8245983719825745
35,0,linear,0.75,0.0,0.0,0.9999999829782488,0.8245983719825745
35,0,gauss,0.25,33.9169807434082,0.16911685466766357,1.6121026656038875,0.8415004014968872
35,0,gauss,0.5,38.88688659667969,0.21660955250263214,1.778437362464269,0.851829469203949
35,0,gauss,0.75,44.16990661621094,0.23700742423534393,1.831473786151939,0.8947513699531555
35,0,ot,0.25,22.621530532836914,0.09693720936775208,1.5500111561399315,0.8824593424797058
35,0,ot,0.5,33.77131271362305,0.16546793282032013,1.987131344755941,0.8822707533836365
35,0,ot,0.75,42.88600158691406,0.20190703868865967,2.4940356806220714,0.9285640120506287
35,4,linear,0.25,10.733879089355469,0.0340723879635334,0.9965099702964895,0.8057044148445129
35,4,linear,0.5,12.143370628356934,0.058110713958740234,1.0511487256541943,0.8184615969657898
35,4,linear,0.75,18.826282501220703,0.07557520270347595,1.0914262291104464,0.82830810546875
35,4,gauss,0.25,34.725589752197266,0.169840469956398,1.5182569741089853,0.8447971940040588
35,4,gauss,0.5,41.9613151550293,0.22940991818904877,1.645344849335298,0.8720917105674744
35,4,gauss,0.75,46.96263122558594,0.25848764181137085,1.608894070783999,0.8894340991973877
35,4,ot,0.25,20.23697853088379,0.0763479471206665,1.389489976534241,0.864728569984436
35,4,ot,0.5,30.223512649536133,0.14053663611412048,1.758862778090146,0.9114980101585388
35,4,ot,0.75,40.732818603515625,0.18413034081459045,2.2286732213997733,0.9095548987388611
35,16,linear,0.25,10.464021682739258,0.04007987678050995,1.0059381661897757,0.8342573642730713
35,16,linear,0.5,10.92173957824707,0.06647108495235443,1.0174552460861603,0.8513954877853394
35,16,linear,0.75,12.487687110900879,0.07439274340867996,1.0132513527624583,0.8366539478302002
35,16,gauss,0.25,34.697425842285156,0.16499310731887817,1.4820718875002818,0.8439444899559021
35,16,gauss,0.5,40.8575553894043,0.22118498384952545,1.5734404930654582,0.8437966108322144
35,16,gauss,0.75,46.1728401184082,0.24597309529781342,1.5305083529779846,0.8898984789848328
35,16,ot,0.25,23.587017059326172,0.08467628061771393,1.4124404338534475,0.8859360814094543
35,16,ot,0.5,31.310739517211914,0.14555171132087708,1.7877968208716906,0.910948634147644
35,16,ot,0.75,38.629730224609375,0.1990947425365448,2.0190342889103547,0.9138582348823547
35,64,linear,0.25,10.61480712890625,0.04520444944500923,1.0487892036532447,0.8550891876220703
35,64,linear,0.5,16.85140609741211,0.07517150044441223,0.982395513870116,0.8783019781112671
35,64,linear,0.75,21.652074813842773,0.09123117476701736,0.9876394104278297,0.8835564255714417
35,64,gauss,0.25,35.377349853515625,0.16286510229110718,1.4408735300129147,0.8630867600440979
35,64,gauss,0.5,42.31492614746094,0.22532695531845093,1.5221241552094935,0.8647176027297974
35,64,gauss,0.75,43.11558532714844,0.2595862150192261,1.458016177064264,0.8856307864189148
35,64,ot,0.25,21.08418846130371,0.07435634732246399,1.2959125134205272,0.8822217583656311
35,64,ot,0.5,30.1235408782959,0.13512897491455078,1.5988947957415445,0.9132533073425293
35,64,ot,0.75,36.23583221435547,0.17792749404907227,1.7920849239566734,0.8925991654396057
36,0,linear,0.25,0.0,0.0,0.999999986271959,0.8769911527633667
36,0,linear,0.5,0.0,0.0,0.999999986271959,0.8769911527633667
36,0,linear,0.75,0.0,0.0,0.999999986271959,0.8769911527633667
36,0,gauss,0.25,9.80980396270752,0.09296056628227234,1.2330961895087464,0.926132082939148
36,0,gauss,0.5,17.512388229370117,0.14265477657318115,1.4502550352959485,0.9785650372505188
36,0,gauss,0.75,22.885448455810547,0.19232259690761566,1.6745536674798973,1.024712085723877
36,0,ot,0.25,11.067137718200684,0.06602495908737183,1.4097486505478,0.9015377163887024
36,0,ot,0.5,20.93550682067871,0.19619321823120117,2.200872986527925,0.9152186512947083
36,0,ot,0.75,30.891700744628906,0.35442718863487244,3.1099176889239786,0.9185472726821899
36,4,linear,0.25,3.870938301086426,0.06342727690935135,0.9687505204845037,0.8778459429740906
36,4,linear,0.5,7.732856750488281,0.09281560033559799,0.9572880974184735,0.9009987115859985
36,4,linear,0.75,10.05882740020752,0.12750591337680817,0.9344388375932279,0.9014848470687866
36,4,gauss,0.25,10.170949935913086,0.09369110316038132,1.2500447055904962,0.9271751642227173
36,4,gauss,0.5,18.28421974182129,0.1438978761434555,1.4884524066796305,0.9884881377220154
36,4,gauss,0.75,22.582345962524414,0.1947418600320816,1.7392550347038465,1.022105097770691
36,4,ot,0.25,10.89793872833252,0.06686552613973618,1.4177048508836465,0.9026622772216797
36,4,ot,0.5,20.426759719848633,0.19695889949798584,2.2157910027952172,0.9140123724937439
36,4,ot,0.75,30.272327423095703,0.352198988199234,3.0964080940976033,0.9237052202224731
36,16,linear,0.25,8.689560890197754,0.08835670351982117,0.9761683090218761,0.8951570391654968
36,16,linear,0.5,23.229511260986328,0.2113899439573288,0.8882357614454203,0.938670814037323
36,16,linear,0.75,21.29222869873047,0.28091180324554443,0.9213275283943712,0.9744124412536621
36,16,gauss,0.25,10.51459789276123,0.09262911230325699,1.2495957904340558,0.9294052124023438
36,16,gauss,0.5,18.5831298828125,0.14192938804626465,1.4861265168055238,0.9989354014396667
36,16,gauss,0.75,23.762914657592773,0.19216784834861755,1.7357338788196777,1.070731282234192
36,16,ot,0.25,11.199230194091797,0.07065311819314957,1.4302663949957255,0.9002332091331482
36,16,ot,0.5,20.565092086791992,0.19752876460552216,2.2446230364289996,0.9324871301651001
36,16,ot,0.75,29.98796272277832,0.3500507175922394,3.225824329753214,0.9171074032783508
36,64,linear,0.25,13.240837097167969,0.11283032596111298,1.3437406323501608,0.9088388085365295
36,64,linear,0.5,24.459827423095703,0.2511260211467743,1.6886143570574463,0.9246473908424377
36,64,linear,0.75,28.88595962524414,0.32948175072669983,1.4711975563774342,0.9160023331642151
36,64,gauss,0.25,9.766242027282715,0.0949520617723465,1.248428754221938,0.9230294227600098
36,64,gauss,0.5,18.754077911376953,0.15121911466121674,1.4917669531730475,0.9854130744934082
36,64,gauss,0.75,22.488386154174805,0.19887129962444305,1.7604660457114332,1.0196651220321655
36,64,ot,0.25,11.192044258117676,0.06632530689239502,1.4208002073154888,0.9012161493301392
36,64,ot,0.5,21.251611709594727,0.19935981929302216,2.2277841665189753,0.9176772832870483
36,64,ot,0.75,32.13460922241211,0.3535296618938446,3.223634270211245,0.9071936011314392
37,0,linear,0.25,0.0,0.0,0.9999999885205267,0.9316420555114746
37,0,linear,0.5,0.0,0.0,0.9999999885205267,0.9316420555114746
37,0,linear,0.75,0.0,0.0,0.9999999885205267,0.9316420555114746
37,0,gauss,0.25,14.44768238067627,0.06348405033349991,1.0367954792965421,0.9807153940200806
37,0,gauss,0.5,16.918258666992188,0.1304921805858612,1.090460487914179,0.9869859218597412
37,0,gauss,0.75,18.848331451416016,0.17677682638168335,1.1380314881980598,1.0065665245056152
37,0,ot,0.25,9.747608184814453,0.026228204369544983,0.9762444662023498,0.9533585906028748
37,0,ot,0.5,16.791366577148438,0.10145515203475952,1.0592867157634385,0.9487102627754211
37,0,ot,0.75,24.1950740814209,0.20642930269241333,1.1346453198082584,0.9262158274650574
37,4,linear,0.25,13.285187721252441,0.08152659982442856,1.1357278570846525,0.9411094188690186
37,4,linear,0.5,16.467527389526367,0.13446670770645142,1.143894654459525,0.9238598942756653
37,4,linear,0.75,19.086164474487305,0.1392982304096222,1.0176124945362839,1.001128911972046
37,4,gauss,0.25,14.089722633361816,0.06471621990203857,1.0915941713777646,0.9851888418197632
37,4,gauss,0.5,16.85944938659668,0.13726657629013062,1.2011170600066916,0.9794286489486694
37,4,gauss,0.75,18.79751205444336,0.18676616251468658,1.2908716906998556,0.9745316505432129
37,4,ot,0.25,9.26275634765625,0.029126320034265518,1.01283468799967,0.9615791440010071
37,4,ot,0.5,17.51957893371582,0.10936249792575836,1.0776709476103488,0.9647200107574463
37,4,ot,0.75,27.446887969970703,0.20605289936065674,1.1068578015760604,0.9228259921073914
37,16,linear,0.25,12.710653305053711,0.10272565484046936,1.1755502955377526,0.9278009533882141
37,16,linear,0.5,32.54566955566406,0.20102299749851227,1.6996281699414855,0.8348775506019592
37,16,linear,0.75,29.699825286865234,0.2764352858066559,1.3309549918133807,0.8745236396789551
37,16,gauss,0.25,14.022841453552246,0.06438444554805756,1.0667074459294947,0.985076367855072
37,16,gauss,0.5,16.685321807861328,0.12943126261234283,1.1618101888050811,0.9711617827415466
37,16,gauss,0.75,17.643394470214844,0.17545463144779205,1.2517690621320468,0.9717152118682861
37,16,ot,0.25,9.656116485595703,0.032493893057107925,0.9889491619949862,0.9636675715446472
37,16,ot,0.5,16.5979061126709,0.11258669197559357,1.0778107015733436,0.9671142101287842
37,16,ot,0.75,25.960153579711914,0.20838026702404022,1.07102305514908,0.9501717686653137
37,64,linear,0.25,11.318379402160645,0.07813416421413422,1.0365853351796028,0.9506651759147644
37,64,linear,0.5,15.532944679260254,0.18928305804729462,1.3692951316540778,0.9397582411766052
37,64,linear,0.75,20.83767318725586,0.27711859345436096,1.3248414829266486,0.9095824360847473
37,64,gauss,0.25,13.928728103637695,0.06803077459335327,1.0883354408122365,0.9794957637786865
37,64,gauss,0.5,15.80000114440918,0.14365336298942566,1.176557310935735,0.9860040545463562
37,64,gauss,0.75,18.186962127685547,0.18929056823253632,1.248276239402065,0.984258770942688
37,64,ot,0.25,10.283824920654297,0.03909337893128395,1.0338228423700704,0.9601132869720459
37,64,ot,0.5,18.252891540527344,0.12044540047645569,1.1983497775876564,0.9477958679199219
37,64,ot,0.75,23.201433181762695,0.22082552313804626,1.2915708881585362,0.9150580167770386
38,0,linear,0.25,0.0,0.0,0.9999999912956901,0.8588498830795288
38,0,linear,0.5,0.0,0.0,0.9999999912956901,0.8588498830795288
38,0,linear,0.75,0.0,0.0,0.9999999912956901,0.8588498830795288
38,0,gauss,0.25,16.274938583374023,0.13487544655799866,1.8292407351539755,0.8717570304870605
38,0,gauss,0.5,20.180675506591797,0.19229038059711456,2.1674489162159287,0.8543688654899597
38,0,gauss,0.75,23.099178314208984,0.22331975400447845,2.2054695344630812,0.86290043592453
38,0,ot,0.25,15.140274047851562,0.054162316024303436,1.104943761610772,0.8366751074790955
38,0,ot,0.5,22.53837013244629,0.12350308150053024,1.3562876583843635,0.8563896417617798
38,0,ot,0.75,30.859336853027344,0.19653202593326569,1.3710854952543146,0.9170989394187927
38,4,linear,0.25,4.618535995483398,0.020534943789243698,0.9964382456465276,0.856977105140686
38,4,linear,0.5,8.375903129577637,0.05287514254450798,1.0279823377743584,0.856124997138977
38,4,linear,0.75,9.965302467346191,0.07681180536746979,1.0416606966050195,0.8729044198989868
38,4,gauss,0.25,15.891535758972168,0.1341453194618225,1.8201938584026753,0.8723921775817871
38,4,gauss,0.5,19.86485481262207,0.1928645223379135,2.1600038878929952,0.8568825125694275
38,4,gauss,0.75,22.780420303344727,0.22684812545776367,2.211955010180909,0.8679601550102234
38,4,ot,0.25,14.890872955322266,0.05322583019733429,1.0964769226061646,0.8370576500892639
38,4,ot,0.5,21.78495216369629,0.12009438127279282,1.3284623189925402,0.8578754663467407
38,4,ot,0.75,31.64059066772461,0.18954779207706451,1.3086272849109262,0.9314351081848145
38,16,linear,0.25,12.222766876220703,0.05353487282991409,0.9857073527762238,0.8344523906707764
38,16,linear,0.5,12.700122833251953,0.10325847566127777,1.0285347484995742,0.8590151071548462
38,16,linear,0.75,11.964262962341309,0.14694634079933167,1.0311409623777426,0.8573485016822815
38,16,gauss,0.25,16.131467819213867,0.13680097460746765,1.832233532776334,0.8733558058738708
38,16,gauss,0.5,19.682537078857422,0.19412511587142944,2.146116186279874,0.8563946485519409
38,16,gauss,0.75,23.410140991210938,0.22500178217887878,2.162527544967548,0.8672084808349609
38,16,ot,0.25,15.868785858154297,0.06172139197587967,1.1436047301162924,0.8412256836891174
38,16,ot,0.5,21.11577606201172,0.13030022382736206,1.3264355591915966,0.862302839756012
38,16,ot,0.75,30.990293502807617,0.21275143325328827,1.2658797222003417,0.9364004135131836
38,64,linear,0.25,9.652124404907227,0.06468198448419571,1.0565807798023985,0.8736890554428101
38,64,linear,0.5,15.448272705078125,0.1581156849861145,1.0962503291483219,0.8536879420280457
38,64,linear,0.75,15.291417121887207,0.20918883383274078,1.1117773637400767,0.8867013454437256
38,64,gauss,0.25,15.648232460021973,0.13726505637168884,1.8428314138601367,0.8725647330284119
38,64,gauss,0.5,19.594701766967773,0.1968936175107956,2.168608602596336,0.8604472279548645
38,64,gauss,0.75,23.258052825927734,0.23009972274303436,2.210551349962951,0.8693666458129883
38,64,ot,0.25,15.32746410369873,0.055539894849061966,1.1181409173912924,0.8366173505783081
38,64,ot,0.5,21.33729362487793,0.12208478152751923,1.359641034033512,0.8549636006355286
38,64,ot,0.75,29.09711265563965,0.19844646751880646,1.3427823251248312,0.9036422967910767
39,0,linear,0.25,0.0,0.0,0.999999984936791,0.8215916156768799
39,0,linear,0.5,0.0,0.0,0.999999984936791,0.8215916156768799
39,0,linear,0.75,0.0,0.0,0.999999984936791,0.8215916156768799
39,0,gauss,0.25,15.734341621398926,0.16000723838806152,1.4226919841484047,0.8320676684379578
39,0,gauss,0.5,18.812536239624023,0.21385906636714935,1.652624617079544,0.8260482549667358
39,0,gauss,0.75,21.407119750976562,0.23499728739261627,1.8190136063704387,0.841996431350708
39,0,ot,0.25,12.83315372467041,0.056693196296691895,1.245787862025445,0.8396447896957397
39,0,ot,0.5,22.42667007446289,0.18069541454315186,1.5695394341156357,0.8697805404663086
39,0,ot,0.75,37.366634368896484,0.31025463342666626,1.83313108658858,0.8509872555732727
39,4,linear,0.25,6.021618843078613,0.03536923974752426,1.0215907254855268,0.8198310136795044
39,4,linear,0.5,8.437552452087402,0.06837209314107895,1.0447903903325608,0.8128100633621216
39,4,linear,0.75,10.629405975341797,0.09083276242017746,1.0631497024967465,0.8314348459243774
39,4,gauss,0.25,16.065935134887695,0.16263411939144135,1.445826668026639,0.8317490220069885
39,4,gauss,0.5,19.053651809692383,0.21751445531845093,1.6692144043126977,0.8276979923248291
39,4,gauss,0.75,22.234582901000977,0.24040743708610535,1.8436527287404902,0.8440907597541809
39,4,ot,0.25,13.182801246643066,0.05861213803291321,1.2579378442055371,0.8338786959648132
39,4,ot,0.5,22.985363006591797,0.17855308949947357,1.6150906443257307,0.8732938170433044
39,4,ot,0.75,38.41214370727539,0.30319833755493164,1.8266194099206405,0.8498019576072693
39,16,linear,0.25,11.22521686553955,0.05972700193524361,1.0049261933038054,0.8383132219314575
39,16,linear,0.5,16.58802604675293,0.15424078702926636,1.1013916198985556,0.8645371198654175
39,16,linear,0.75,22.494037628173828,0.19417595863342285,1.0884379611768817,0.8286502957344055
39,16,gauss,0.25,16.459144592285156,0.16172173619270325,1.4263332752238997,0.8295131325721741
39,16,gauss,0.5,19.094697952270508,0.21195350587368011,1.622885554840402,0.8236700892448425
39,16,gauss,0.75,21.689586639404297,0.23262165486812592,1.7715796315099352,0.8480249047279358
39,16,ot,0.25,12.853246688842773,0.06061689555644989,1.245965970483969,0.8393976092338562
39,16,ot,0.5,22.127212524414062,0.1786843240261078,1.5786135382095485,0.8717640042304993
39,16,ot,0.75,37.31261444091797,0.30727821588516235,1.7933728343517883,0.8687108755111694
39,64,linear,0.25,10.595247268676758,0.07747782766819,1.1348356074261625,0.8214836120605469
39,64,linear,0.5,23.730255126953125,0.20805904269218445,1.189030969931427,0.8554254770278931
39,64,linear,0.75,24.379714965820312,0.2889772653579712,1.12920358677455,0.8670756220817566
39,64,gauss,0.25,16.0875301361084,0.16290852427482605,1.4399258573572793,0.8325024247169495
39,64,gauss,0.5,18.449661254882812,0.21230699121952057,1.632612947741541,0.8199350833892822
39,64,gauss,0.75,21.282304763793945,0.23418159782886505,1.7773083941220063,0.8437700867652893
39,64,ot,0.25,12.796886444091797,0.058168381452560425,1.2556779879227147,0.8401495814323425
39,64,ot,0.5,22.325462341308594,0.17601509392261505,1.565794442841227,0.8773687481880188
39,64,ot,0.75,36.174034118652344,0.30405688285827637,1.653043345913037,0.8696936964988708
