k,method,real_inc,real_dino,place
0,exact,0.9770829,0.91712314,0.46075615
1,exact,0.9203828,0.73733795,0.5203138
2,exact,0.853201,0.7442558,0.4455965
3,exact,0.9743729,0.9644589,0.39380538
4,exact,1.0363326,0.843491,0.46385938
5,exact,0.98942804,0.9072066,0.4466758
6,exact,0.9205371,0.90182143,0.46683744
7,exact,0.96084124,0.8416189,0.50273216
8,exact,0.91343546,0.873619,0.5101961
9,exact,1.0803515,0.86000645,0.4322681
10,exact,1.011432,0.8523476,0.40400422
11,exact,1.2092913,0.88708746,0.47009274
12,exact,0.9466041,0.87118506,0.58346456
13,exact,0.8250995,0.8437405,0.50904703
14,exact,1.1713899,0.8556722,0.5137337
15,exact,1.0141268,0.79889435,0.41994652
16,exact,0.88318986,0.9043808,0.3888414
17,exact,0.928439,0.88786745,0.47089106
18,exact,1.0405924,0.9635494,0.40804815
19,exact,0.89708143,0.8538014,0.52748376
20,exact,1.0632172,0.900378,0.39634508
21,exact,0.8885151,0.9346686,0.4901984
22,exact,1.0222037,0.88391966,0.53888863
23,exact,0.9131029,0.8581689,0.3839392
24,exact,1.0452765,0.90201974,0.44900185
25,exact,1.2181023,0.8539183,0.47788963
26,exact,0.930243,0.79859483,0.51727617
27,exact,0.9862087,0.9393976,0.42066437
28,exact,0.9145199,0.78570294,0.46003735
29,exact,1.0139825,0.81972075,0.43062723
30,exact,1.0987451,0.8653757,0.5441931
31,exact,0.8977756,0.82294184,0.39835784
32,exact,0.83423007,0.86126065,0.47056618
33,exact,0.94092774,0.92666703,0.5277066
34,exact,0.91138154,0.7851525,0.42739132
35,exact,1.1288333,0.8945419,0.43532315
36,exact,0.904709,0.90565515,0.49019006
37,exact,0.84140295,0.8989288,0.49560434
38,exact,1.1038424,0.8553139,0.4173941
39,exact,0.72211176,0.8171463,0.5531671
40,exact,0.71875364,0.8839468,0.44245982
41,exact,0.92725307,0.87043613,0.5905498
42,exact,0.8909375,0.838024,0.46521705
43,exact,0.7759174,0.82191306,0.3751736
44,exact,1.016613,0.79223007,0.43046287
45,exact,1.0858403,0.859726,0.50245184
46,exact,1.2418532,0.7961905,0.4176828
47,exact,0.900467,0.92543936,0.4605684
48,exact,0.94823027,0.79265726,0.49511623
49,exact,0.98889595,0.82933635,0.4168209
50,exact,0.9796465,0.75974196,0.45415598
51,exact,0.99034405,0.84043986,0.43467253
52,exact,1.0467552,0.860957,0.38920608
53,exact,0.991147,0.977405,0.42380872
54,exact,1.0051596,0.8471248,0.44418412
55,exact,0.8312297,0.8054848,0.4514021
56,exact,1.0770447,0.85569304,0.4617821
57,exact,0.9111279,0.7735778,0.4556336
58,exact,0.9450725,0.7888799,0.5249066
59,exact,0.9438506,0.8113472,0.4702952
60,exact,0.98428077,0.9404351,0.38320965
61,exact,0.8640054,0.84907025,0.46637774
62,exact,0.8140771,0.7839721,0.45434618
63,exact,0.9452857,0.9446301,0.32409102
64,exact,0.86762613,0.7451496,0.4417558
65,exact,1.193194,0.8745362,0.4224276
66,exact,1.0560764,0.90601826,0.5374121
67,exact,0.8459787,0.88266563,0.4793183
68,exact,0.8404199,0.9742057,0.4120159
69,exact,0.98210037,0.8047179,0.4717324
70,exact,0.8675074,0.9497512,0.5318155
71,exact,1.0025154,0.92510396,0.42716327
72,exact,0.9792708,0.8294737,0.44875917
73,exact,1.0286219,0.85107565,0.42506993
74,exact,0.8929155,0.8797038,0.42539075
75,exact,1.0645626,1.0056572,0.43931395
76,exact,1.0362744,0.88398176,0.5061774
77,exact,0.941301,0.95403,0.3524546
78,exact,0.8915553,0.87818974,0.58076406
79,exact,1.0865922,0.87289643,0.54411936
80,exact,1.2879584,0.95834225,0.30899048
81,exact,0.9773482,0.9937959,0.38495305
82,exact,1.0455621,0.78081554,0.42041945
83,exact,0.96082145,0.8523278,0.45212856
84,exact,0.9192182,0.7863788,0.5217767
85,exact,0.9138517,0.7704263,0.5031077
86,exact,0.7595138,0.8960806,0.5189204
87,exact,0.93534815,0.94592583,0.43462595
88,exact,0.9539964,0.90672773,0.4692082
89,exact,0.8419107,0.86379784,0.5069369
90,exact,1.0265331,0.863902,0.51205105
91,exact,0.98645884,0.8221306,0.4872458
92,exact,0.93191713,0.8133152,0.48371834
93,exact,0.8300343,0.841111,0.44960427
94,exact,0.78528523,0.81488025,0.42980146
95,exact,0.9260842,0.76823336,0.5281955
96,exact,1.0462964,0.88292575,0.4314792
97,exact,1.1311008,0.8974152,0.5374855
98,exact,0.8480979,0.8301329,0.45307437
99,exact,1.2064337,0.9402823,0.50507295
100,exact,1.0464044,0.762781,0.42482534
101,exact,0.87416357,0.8344496,0.46456277
102,exact,0.8677657,0.76220036,0.40842336
103,exact,1.0456187,0.87225175,0.4293526
104,exact,0.88471544,0.8119025,0.47272745
105,exact,1.0036778,0.8573736,0.49741238
106,exact,0.966104,0.854052,0.37502554
107,exact,0.8205691,0.86469865,0.45756006
108,exact,0.7352372,0.8866058,0.4507964
109,exact,0.8424578,0.76720834,0.49369743
110,exact,0.8490616,0.86210394,0.48478684
111,exact,0.82651883,0.8119601,0.5656373
112,exact,0.99120057,0.9367672,0.46196726
113,exact,0.78892225,0.7938543,0.47587466
114,exact,0.9443924,0.77906686,0.41554043
115,exact,1.1235845,0.8993225,0.5969683
116,exact,0.9270202,0.7746601,0.46160057
117,exact,0.9201097,0.81400687,0.5214627
118,exact,0.8988627,0.8882972,0.50048155
119,exact,0.88860506,0.75608426,0.46792126
120,exact,1.0452698,0.8701764,0.5159229
121,exact,0.8789579,0.7903249,0.47064105
122,exact,0.9203397,0.88579464,0.44883943
123,exact,1.086969,0.9678322,0.41743743
124,exact,0.83567375,0.7643888,0.4674662
125,exact,0.9540387,0.9421729,0.4134737
126,exact,0.8095902,0.78420585,0.4829345
127,exact,0.8914057,0.7476265,0.524706
128,exact,1.0526664,0.87040234,0.44648284
129,exact,1.0453558,0.9850868,0.43725508
130,exact,0.9481641,0.92501444,0.46069267
131,exact,0.94565004,0.76409316,0.4393826
132,exact,1.042198,0.8661859,0.38663614
133,exact,1.1714834,0.99985236,0.46765158
134,exact,0.85577154,0.830356,0.4637852
135,exact,1.0325501,0.835984,0.4275977
136,exact,0.9924697,0.91259265,0.48736432
137,exact,0.8346225,0.8671505,0.45828855
138,exact,1.0016556,0.94953877,0.42078578
139,exact,0.9825937,0.8340059,0.48593944
140,exact,0.98497266,0.91592467,0.5483297
141,exact,0.8989215,0.85000634,0.5162468
142,exact,0.8898674,1.0878768,0.32377216
143,exact,0.95229244,0.9856606,0.39092118
144,exact,0.93682337,0.9077973,0.38925752
145,exact,0.9801973,0.96407914,0.36793086
146,exact,0.90426856,1.1082451,0.44451308
147,exact,0.94552386,0.91495246,0.36813745
148,exact,0.95609707,0.8859316,0.4607279
149,exact,1.0290881,0.9158997,0.4345937
150,exact,1.076139,0.9577099,0.45557702
151,exact,1.0193858,0.81949973,0.46409705
152,exact,0.86079305,0.85042584,0.46811333
153,exact,1.0704943,0.8248955,0.5295496
154,exact,0.9706244,1.0174989,0.38393602
155,exact,0.7983192,0.89559865,0.48244342
156,exact,0.8741453,0.84211224,0.48296353
157,exact,0.997874,0.8268386,0.4923713
158,exact,0.97170967,0.8897559,0.5237334
159,exact,0.99615645,0.89334756,0.47772563
160,exact,1.0571336,0.8184955,0.56344664
161,exact,1.2748041,0.842402,0.41120014
162,exact,0.9457051,0.83697474,0.48745233
163,exact,1.1111864,0.9971407,0.529731
164,exact,1.0915105,0.7838504,0.4933621
165,exact,0.8754596,0.9161822,0.42483222
166,exact,0.94624454,0.7737629,0.41314706
167,exact,0.83001393,0.80727714,0.4855921
168,exact,0.71471936,0.84026235,0.48194635
169,exact,0.9923374,0.85849816,0.5100981
170,exact,0.93607724,0.9159165,0.52102506
171,exact,0.90533274,0.89898896,0.49577326
172,exact,1.2073547,0.8166593,0.3410767
173,exact,0.9535608,0.82826066,0.5260851
174,exact,0.97272456,0.89435184,0.46067002
175,exact,0.98356295,0.7523932,0.50429654
176,exact,0.8996861,0.89298874,0.472803
177,exact,0.99041986,0.8989154,0.45187056
178,exact,1.063399,0.8894933,0.46286324
179,exact,1.0879142,0.84561425,0.48848352
180,exact,0.93245745,0.8564867,0.40741456
181,exact,1.0104889,0.88688684,0.47413388
182,exact,1.0696816,0.9327256,0.53459823
183,exact,1.1186794,0.82610315,0.41640526
184,exact,0.9091924,0.94080716,0.55831677
185,exact,1.0730228,0.8426482,0.40822613
186,exact,0.92285997,0.90370476,0.541962
187,exact,1.0305794,0.90506655,0.47671688
188,exact,1.1512343,1.0487981,0.44718248
189,exact,1.064985,0.8216638,0.5446856
190,exact,1.0617001,0.7745406,0.47080755
191,exact,0.87477493,0.873257,0.54483914
192,exact,0.94504535,0.89456445,0.56948084
193,exact,0.7924339,0.82973796,0.38599908
194,exact,0.8892753,1.0181991,0.34538296
195,exact,0.9993666,0.88710207,0.47843772
196,exact,1.0687032,0.7475475,0.4772278
197,exact,0.7805232,0.83445764,0.44121614
198,exact,0.86956376,0.7449064,0.5188124
199,exact,0.7644815,0.833665,0.5007088
200,exact,0.9198312,1.0622616,0.5424458
201,exact,1.0295672,0.9052086,0.5329739
202,exact,0.9719971,0.8799884,0.4376501
203,exact,0.7738599,0.7958275,0.52372867
204,exact,0.92771596,0.8690971,0.38465846
205,exact,1.0546861,0.90118134,0.5264231
206,exact,0.9532409,0.8213093,0.4770238
207,exact,0.7872729,0.8106674,0.44056645
208,exact,0.96237695,0.7961032,0.5558088
209,exact,1.0496448,0.8837536,0.49088448
210,exact,1.0266238,0.83386856,0.43105498
211,exact,1.0595006,0.90482235,0.4856204
212,exact,0.9609818,0.8968341,0.50463897
213,exact,0.87407935,0.8640115,0.46474463
214,exact,0.9232382,0.88496614,0.4945853
215,exact,0.8064516,0.8620107,0.43643886
216,exact,0.84169436,0.771814,0.462799
217,exact,0.92646533,0.80954045,0.3794296
218,exact,1.1132221,0.9872685,0.38546863
219,exact,0.95363593,0.93196106,0.50803703
220,exact,1.0447751,0.84670705,0.49716085
221,exact,0.9722117,0.93017846,0.5375969
222,exact,0.8026112,0.93474257,0.43466932
223,exact,0.9539157,0.8375945,0.4897319
224,exact,0.90099245,0.7549849,0.46406946
225,exact,1.0185729,0.83685195,0.44052133
226,exact,0.9677047,1.0722357,0.33016604
227,exact,0.88210124,0.91481227,0.5659499
228,exact,0.9276751,0.8694836,0.452261
229,exact,0.95342857,0.8383209,0.46383005
230,exact,0.9008827,0.86913264,0.42186514
231,exact,0.8227458,0.8886216,0.5030377
232,exact,0.9520835,0.8430322,0.5002962
233,exact,0.80210847,0.8413936,0.45865163
234,exact,0.9559879,0.8775126,0.54350567
235,exact,1.065801,0.98652434,0.40309644
236,exact,1.068822,0.86014473,0.48327726
237,exact,1.0883627,0.9068556,0.50724846
238,exact,0.9235037,0.85543084,0.4696953
239,exact,1.0096114,0.80545676,0.4161416
240,exact,0.91191757,0.93168694,0.41677544
241,exact,0.9513031,0.92085123,0.4633662
242,exact,1.0425861,0.8374244,0.49783555
243,exact,0.81362325,0.85003066,0.41094047
244,exact,0.8436105,0.9096151,0.6476986
245,exact,1.0937479,0.89061016,0.4569161
246,exact,0.89012593,0.84078723,0.5293534
247,exact,1.174847,0.9565887,0.45264116
248,exact,0.9775544,0.8325553,0.44732392
249,exact,0.80359775,0.82227147,0.4991869
250,exact,0.8936197,0.8660824,0.57194996
251,exact,0.9523841,0.85605687,0.49829048
252,exact,1.1686314,0.88453174,0.39802295
253,exact,1.0337332,0.7739744,0.4536609
254,exact,0.8164635,0.8226429,0.5687032
255,exact,0.96906555,0.83540785,0.5291325
256,exact,0.9053692,0.89323854,0.42710188
257,exact,1.0303975,0.83854824,0.42729956
258,exact,0.7820124,0.93251026,0.39305833
259,exact,0.9229016,0.85275245,0.45255443
260,exact,0.93507874,0.7414586,0.4683265
261,exact,0.9649053,0.8544474,0.5250514
262,exact,1.1098857,0.8793115,0.52278197
263,exact,0.91217256,0.9206521,0.5217123
264,exact,1.1131395,0.909054,0.52141976
265,exact,0.8178367,0.83130985,0.5144891
266,exact,1.0801239,0.79517365,0.42604113
267,exact,1.037771,0.8828181,0.38706696
268,exact,0.8535838,0.8264754,0.50930214
269,exact,0.9775474,0.87251425,0.52641994
270,exact,0.93444246,0.91954607,0.513302
271,exact,0.9280477,0.8542331,0.49836752
272,exact,1.0233723,0.78038156,0.39261246
273,exact,0.83953243,0.91541904,0.3925415
274,exact,0.93864995,0.94263214,0.4524439
275,exact,1.0301408,0.889801,0.4329299
276,exact,0.9499979,0.88263535,0.45681098
277,exact,1.0561013,0.8624689,0.49523604
278,exact,0.9706506,0.8209986,0.4657802
279,exact,0.8554778,0.7953609,0.4856205
280,exact,0.9399681,0.8153632,0.4081137
281,exact,0.87095284,0.93414944,0.4143271
282,exact,0.8677544,0.8410563,0.48841843
283,exact,0.8961427,0.943272,0.3829576
284,exact,1.0814354,0.82227355,0.50395
285,exact,1.0689863,0.9852998,0.5706459
286,exact,0.91110194,0.9072953,0.4203169
287,exact,1.142049,0.9889565,0.52277386
288,exact,0.9964038,0.89726406,0.44073394
289,exact,0.999523,1.008448,0.28658327
290,exact,1.0605997,0.80838406,0.43907952
291,exact,0.9653233,0.770246,0.51402265
292,exact,1.002432,0.97055644,0.45366788
293,exact,1.0255338,0.8516322,0.4843343
294,exact,0.91834897,0.8874575,0.5441122
295,exact,1.0975764,0.95873594,0.42564812
296,exact,0.9666724,0.8013199,0.47025356
297,exact,0.81039166,0.8269629,0.48974302
298,exact,1.0276495,1.0247713,0.3966492
299,exact,0.9224827,0.90706336,0.40304425
300,exact,0.9927471,0.78873783,0.51388496
301,exact,0.79012895,0.8004095,0.5039964
302,exact,0.9774013,0.8408716,0.397872
303,exact,1.0087143,0.84449315,0.5112971
304,exact,0.9902355,0.87121946,0.39447004
305,exact,0.85865057,0.8459862,0.5229135
306,exact,1.1123376,0.9750432,0.5007012
307,exact,0.767778,0.7556491,0.39756185
308,exact,0.8640826,0.7709567,0.4647995
309,exact,0.91410345,0.77419657,0.461047
310,exact,1.0086292,0.81277007,0.49711123
311,exact,1.000704,0.8962064,0.51715547
312,exact,0.9902213,0.9046471,0.43862486
313,exact,1.1114876,0.9041026,0.4964426
314,exact,0.9810913,0.8864774,0.4459943
315,exact,1.065878,0.9874328,0.526642
316,exact,0.8838142,1.0049318,0.40360126
317,exact,0.92956096,0.7973907,0.5445978
318,exact,0.97909164,0.8809986,0.41688848
319,exact,0.96429294,0.9454834,0.41984004
320,exact,0.96011275,0.83738935,0.51259506
321,exact,1.0155233,0.9185642,0.38956487
322,exact,0.8601646,0.91415685,0.42193228
323,exact,0.8059853,0.8282365,0.46927777
324,exact,0.7613191,0.83558214,0.53985065
325,exact,0.9394921,0.7969154,0.42142838
326,exact,0.8578101,0.86811364,0.43983367
327,exact,0.95669293,0.89299625,0.4798609
328,exact,0.984496,0.8407127,0.40494874
329,exact,0.91840255,0.837278,0.44055438
330,exact,1.1085052,0.86365294,0.53647286
331,exact,0.9991137,0.85070914,0.5181349
332,exact,1.0430087,0.95528597,0.3057299
333,exact,0.9727776,0.83741766,0.47392404
334,exact,0.9725475,0.85268295,0.49033892
335,exact,0.95677507,0.80764586,0.5396029
336,exact,0.8637099,0.8190254,0.5198569
337,exact,0.93186337,0.86574435,0.51081795
338,exact,0.91157895,0.83911014,0.495812
339,exact,0.96745276,0.8721327,0.52475095
340,exact,1.0460736,0.88634974,0.41115496
341,exact,0.91556126,0.8133705,0.47052804
342,exact,0.9756089,0.8438233,0.5573061
343,exact,0.9611707,0.8424344,0.48720986
344,exact,1.0865861,0.89399326,0.5074884
345,exact,0.9896255,0.7561006,0.45441434
346,exact,0.9594041,0.8069973,0.51457995
347,exact,0.92416626,0.8496059,0.46783885
348,exact,1.0086702,0.8267621,0.55087477
349,exact,0.9641787,0.8946656,0.44688338
350,exact,0.86738026,0.7988229,0.5366727
351,exact,1.0417671,0.95811,0.52489424
352,exact,0.9378982,0.78144926,0.5145208
353,exact,0.8309496,0.839218,0.37517363
354,exact,0.99658424,0.8042526,0.46351194
355,exact,0.92470306,0.9354783,0.3576354
356,exact,1.0942165,0.88687056,0.44547093
357,exact,1.0782039,0.8494864,0.39650413
358,exact,0.8939484,0.99125534,0.33320272
359,exact,1.0053391,0.8595539,0.49538362
360,exact,1.1071837,0.88497955,0.47404575
361,exact,0.82939494,0.88033783,0.45443434
362,exact,0.89495474,0.8348263,0.4760592
363,exact,0.7760538,0.8720102,0.49836907
364,exact,1.0152564,0.9076596,0.44308984
365,exact,0.785852,0.8848822,0.43637165
366,exact,0.84693265,0.8466168,0.4692531
367,exact,0.9256331,0.76563805,0.4094546
368,exact,0.87330014,0.8884744,0.3628729
369,exact,0.9299328,0.8438607,0.5094013
370,exact,0.7810979,0.90286326,0.46804875
371,exact,0.86622465,0.8636473,0.49893183
372,exact,0.9511958,0.90180576,0.4143153
373,exact,0.8532139,0.8625886,0.49335217
374,exact,1.0742679,0.9240259,0.43987054
375,exact,0.95805496,0.8360817,0.5332598
376,exact,0.9780679,0.882872,0.5188372
377,exact,0.8879445,0.80194277,0.48223266
378,exact,0.9032768,0.87983567,0.56471044
379,exact,0.9298072,0.9321656,0.44751227
380,exact,0.9727036,0.8110347,0.4674549
381,exact,1.0717012,0.85196316,0.47010624
382,exact,0.95943993,1.2296255,0.32287592
383,exact,1.0424751,0.83534664,0.53272235
384,exact,0.9788248,0.8215217,0.45305386
385,exact,0.9150334,0.83934003,0.48474777
386,exact,1.0593418,0.78879935,0.48588187
387,exact,0.99567556,0.8375632,0.45546103
388,exact,1.0952287,0.7609429,0.37927216
389,exact,0.85790545,0.8143898,0.48141587
390,exact,1.0345172,1.027463,0.41391003
391,exact,1.0916476,0.89783984,0.45722544
392,exact,0.83854944,0.85198665,0.4986354
393,exact,1.0224653,0.80553746,0.45777315
394,exact,0.98732597,0.84610194,0.5596827
395,exact,0.9504256,0.80337113,0.5121728
396,exact,0.9736553,0.8025912,0.35352919
397,exact,1.0461675,0.9596928,0.40319481
398,exact,0.79266894,0.8621909,0.46312612
399,exact,0.9156304,0.9144808,0.46426964
400,exact,0.9547765,0.7981211,0.43664837
401,exact,0.9250418,0.90838015,0.38030362
402,exact,0.9517992,0.89604115,0.57643515
403,exact,1.0603524,0.9480185,0.48291418
404,exact,0.8736127,0.83552396,0.51161844
405,exact,1.168343,0.9245995,0.4286159
406,exact,0.8678017,0.8031426,0.49010876
407,exact,0.87171227,0.85188544,0.42348114
408,exact,0.92860657,0.84695864,0.39716485
409,exact,0.7841987,0.83617365,0.49548185
410,exact,0.96718776,0.8515884,0.4152991
411,exact,0.9722237,0.9115543,0.38696355
412,exact,1.1231024,0.94459206,0.4561821
413,exact,0.84182,0.9574101,0.4231931
414,exact,0.7613194,0.8824354,0.4487137
415,exact,0.85917187,0.75170803,0.39873776
416,exact,0.8472728,1.0133878,0.33609104
417,exact,0.82015574,0.8044626,0.4298784
418,exact,1.0064408,0.78710926,0.4864006
419,exact,0.9254967,0.8175613,0.48458964
420,exact,1.0466212,1.1207426,0.4284098
421,exact,1.2569343,1.6197813,0.37283805
422,exact,1.0493666,0.92729247,0.47581849
423,exact,0.983792,0.8659864,0.5271392
424,exact,0.9639904,0.91930395,0.58848625
425,exact,0.9520518,0.8827,0.5376356
426,exact,0.85195655,0.84691304,0.46774125
427,exact,0.99412686,0.83573425,0.52100027
428,exact,0.9660883,0.9469297,0.42741242
429,exact,0.8624703,0.86788005,0.5338391
430,exact,1.2379488,0.91809785,0.41167766
431,exact,1.032284,0.9826898,0.39295137
432,exact,0.8781958,0.96448207,0.36600557
433,exact,0.9208144,0.8926405,0.47955748
434,exact,0.9853122,0.9206473,0.42388955
435,exact,1.0554196,0.84871286,0.5293795
436,exact,0.93127966,0.8588632,0.3940048
437,exact,0.9558341,0.9121772,0.45234814
438,exact,0.89701456,0.87093294,0.4823869
439,exact,0.8808623,0.8884455,0.45434654
440,exact,1.0148246,0.8258621,0.4256105
441,exact,1.0051647,0.8735612,0.37670672
442,exact,0.8959129,0.81493556,0.5213944
443,exact,0.7932624,0.94478655,0.5677496
444,exact,0.88750523,0.89009005,0.52847844
445,exact,0.82465136,0.81796926,0.42318428
446,exact,0.8619759,0.9266461,0.44621277
447,exact,0.93904936,0.8377426,0.40739894
448,exact,0.93622863,0.79953635,0.5030875
449,exact,0.8498645,0.8403594,0.54151684
450,exact,1.0016135,0.83822364,0.47474647
451,exact,1.0263976,0.837244,0.42887592
452,exact,0.94980526,0.85337013,0.49951816
453,exact,1.1525158,0.83366406,0.44466656
454,exact,0.9183293,0.90524375,0.47135273
455,exact,0.9051081,0.8608292,0.4667088
456,exact,0.9340242,0.8721433,0.42191133
457,exact,0.8628902,0.8975691,0.47007698
458,exact,1.0020877,0.81054837,0.39098155
459,exact,0.76994795,0.8591184,0.38895544
460,exact,0.9271136,0.8856117,0.52069044
461,exact,0.890474,0.8934696,0.53070736
462,exact,0.9480807,0.8815082,0.48307243
463,exact,1.0352108,0.7820213,0.49543756
464,exact,0.78570867,0.80277276,0.46160805
465,exact,0.8992619,0.7537594,0.52046657
466,exact,0.89341927,0.82743794,0.5024251
467,exact,0.9624305,0.9349179,0.41884598
468,exact,1.1920928,0.9085372,0.41761726
469,exact,1.0680188,0.80249906,0.5173749
470,exact,1.0246156,0.9243581,0.48965493
471,exact,1.0036463,0.9115012,0.4795417
472,exact,1.0434078,0.90198356,0.4618715
473,exact,0.7617031,0.88450867,0.43515396
474,exact,1.1231871,0.9330448,0.49044427
475,exact,0.9544407,0.8467102,0.44483054
476,exact,0.95625246,0.8360363,0.41429204
477,exact,0.79566115,0.82222635,0.48105478
478,exact,0.95685434,0.81127954,0.41454682
479,exact,0.9522605,0.86144483,0.49180195
480,exact,0.84150803,0.90593547,0.53047293
481,exact,0.9555882,0.81404,0.47562116
482,exact,1.0605755,0.9565059,0.3946899
483,exact,0.9335026,0.8858565,0.42629287
484,exact,0.9306812,0.82312894,0.4498957
485,exact,1.0091536,0.88490236,0.54073685
486,exact,0.9295686,0.8506958,0.5073058
487,exact,1.0334381,0.7272375,0.41767094
488,exact,0.9794566,0.8285872,0.48989788
489,exact,1.0142097,0.832203,0.51801836
490,exact,1.0520837,0.9031926,0.50434625
491,exact,0.9534989,0.8181765,0.54041606
492,exact,1.1940179,0.8731608,0.4001906
493,exact,0.9659357,0.8437081,0.4934733
494,exact,0.9809993,0.8697134,0.38314095
495,exact,0.9238197,0.78623587,0.4079851
496,exact,0.9649559,0.96313596,0.43434316
497,exact,0.7329431,0.8828163,0.5393744
498,exact,0.86538875,0.8623522,0.39159897
499,exact,1.0092678,0.93504727,0.44678077
500,exact,0.93314785,0.8594003,0.45651254
501,exact,1.0349127,0.92140114,0.4575835
502,exact,1.0212669,0.7997906,0.49377927
503,exact,0.92722213,0.82201713,0.5560097
504,exact,0.8861574,0.9856166,0.37422115
505,exact,0.8535132,0.86052686,0.45168865
506,exact,0.99056524,0.82377577,0.4856599
507,exact,0.9886711,0.9781636,0.4891477
508,exact,0.9507962,1.003498,0.4190188
509,exact,1.0430508,0.9001354,0.41050196
510,exact,1.1010934,0.94922274,0.46586177
511,exact,0.97590786,0.7673816,0.5208807
512,exact,0.90519625,1.0075432,0.37024707
513,exact,0.9565236,0.83529395,0.38201797
514,exact,0.9066217,0.95540375,0.45317835
515,exact,0.9222588,0.9030787,0.4861069
516,exact,0.9150681,0.85776085,0.46841216
517,exact,0.856368,0.8562877,0.50408036
518,exact,1.2111776,0.86181474,0.4807564
519,exact,0.9873367,0.84160775,0.49074173
520,exact,1.035883,0.8730735,0.42485663
521,exact,1.0570046,0.87255746,0.4221821
522,exact,1.066774,0.8192854,0.47792625
523,exact,1.0598564,0.92181593,0.38799256
524,exact,0.775818,0.85953516,0.4699435
525,exact,1.0804994,0.95476013,0.3905805
526,exact,0.94495636,0.8258415,0.44607463
527,exact,0.9605435,0.80530214,0.40236387
528,exact,0.97587067,0.8590483,0.47955057
529,exact,1.0289608,0.8365669,0.44509834
530,exact,0.968571,0.87823135,0.3854948
531,exact,1.0738033,0.87813765,0.5434877
532,exact,0.8800495,0.8161195,0.42848623
533,exact,0.9428764,0.9148609,0.43067956
534,exact,0.91869634,0.84811616,0.4373701
535,exact,0.9498946,0.80093825,0.49116138
536,exact,0.9613556,0.8580721,0.4992767
537,exact,0.85235244,0.79667777,0.4880464
538,exact,0.8651222,0.80097085,0.46681622
539,exact,0.8164694,0.8505589,0.5067839
540,exact,0.74498916,0.8602703,0.57188195
541,exact,0.90045696,0.79933065,0.36281806
542,exact,0.92137814,0.80792207,0.47700796
543,exact,0.854338,0.78156,0.5207124
544,exact,0.91230637,0.79739,0.3891725
545,exact,0.9838338,0.7565752,0.5263656
546,exact,0.9302618,0.80156714,0.497799
547,exact,0.75885993,0.84639424,0.4363356
548,exact,1.1243703,0.90343285,0.6084198
549,exact,0.9054721,0.93400425,0.4823793
550,exact,1.0662773,0.8360381,0.44408584
551,exact,1.1459726,0.9463718,0.4670379
552,exact,0.9018515,0.8922893,0.41540095
553,exact,0.8877503,0.8132135,0.35340747
554,exact,0.91950154,0.8805971,0.5626975
555,exact,0.8935746,0.87992257,0.51946026
556,exact,0.9105182,0.8370444,0.4760005
557,exact,0.8053066,0.94314444,0.54843974
558,exact,1.0867852,0.91400176,0.41100577
559,exact,0.9794003,0.8240752,0.43192187
560,exact,1.0220267,0.85233665,0.47845387
561,exact,0.7995825,0.8440694,0.4588172
562,exact,0.8559309,0.8848373,0.45235583
563,exact,0.9817701,0.80266964,0.5682182
564,exact,0.8892209,0.8459783,0.45345896
565,exact,1.0004773,0.8107356,0.46876705
566,exact,1.0693866,0.97937673,0.40464044
567,exact,0.99915564,0.9155909,0.42466807
568,exact,1.1007391,1.025355,0.41088942
569,exact,0.9576971,0.9320982,0.38572362
570,exact,0.8870738,0.8678314,0.47967136
571,exact,0.91998863,0.7621568,0.45196298
572,exact,1.0138218,0.90253794,0.47287858
573,exact,0.94569474,0.85535747,0.5199721
574,exact,0.849918,0.87328094,0.4368848
575,exact,0.99864614,0.8577189,0.5026388
576,exact,0.99852395,0.8680071,0.45459494
577,exact,0.8877387,0.75232315,0.43527225
578,exact,0.8226941,0.9316326,0.47763604
579,exact,0.99254185,0.80349016,0.4583764
580,exact,0.7088845,0.78207743,0.51263225
581,exact,1.1109449,0.7840211,0.39025635
582,exact,0.9972191,0.8677968,0.3963853
583,exact,0.8289004,0.9372148,0.38801467
584,exact,0.9433754,0.8025402,0.46330142
585,exact,0.9171161,0.9507394,0.5117333
586,exact,0.94880974,0.9105556,0.5707969
587,exact,0.7647039,0.82641345,0.45565373
588,exact,0.9518684,0.87699246,0.52766395
589,exact,1.1388808,0.9628177,0.50046015
590,exact,1.0781288,0.89609826,0.4809388
591,exact,0.8646835,0.84216905,0.48951676
592,exact,1.0506032,0.9057342,0.47809312
593,exact,0.9366822,0.90584815,0.463566
594,exact,0.9518457,0.7969049,0.4725885
595,exact,1.0831187,0.89747703,0.378552
596,exact,0.9907319,0.95113057,0.40370154
597,exact,0.7273576,0.8113821,0.50944513
598,exact,1.0125036,0.7838586,0.38171235
599,exact,1.0408812,0.83945906,0.40612286
600,exact,0.8935713,0.85248303,0.5304972
601,exact,0.8587019,0.7971046,0.44932687
602,exact,0.8490103,0.83393353,0.46560925
603,exact,0.8193482,0.894099,0.43466628
604,exact,0.9590834,0.8880223,0.49275857
605,exact,1.165128,0.95008016,0.47012752
606,exact,0.8175829,0.83081317,0.39449546
607,exact,0.83391863,0.83979714,0.42803153
608,exact,1.1794374,0.89720404,0.5098705
609,exact,1.207468,0.8703267,0.53418
610,exact,0.90024394,0.95605654,0.42327857
611,exact,0.81704473,0.84882486,0.42256358
612,exact,0.8430012,0.85761845,0.45999452
613,exact,0.93599415,0.8852551,0.44634563
614,exact,0.9949992,0.82247335,0.49869597
615,exact,1.0082382,0.9420897,0.44523832
616,exact,0.8528731,0.88476944,0.4953074
617,exact,0.96871984,0.83073014,0.41739082
618,exact,0.89102685,0.83320415,0.50425667
619,exact,0.9444103,0.8448742,0.48467654
620,exact,1.0321938,0.8391727,0.3931807
621,exact,0.9303516,0.80136657,0.49682373
622,exact,0.8959962,0.9944096,0.5531177
623,exact,0.9237454,0.7938268,0.41967303
624,exact,1.1227884,0.8145891,0.47566092
625,exact,0.94103223,0.9398439,0.4288044
626,exact,0.9680596,0.81316096,0.3340431
627,exact,0.9859808,0.84356105,0.50935984
628,exact,0.9189596,1.0064099,0.5415085
629,exact,0.888266,0.9454304,0.55411416
630,exact,0.9339967,0.96352583,0.36878228
631,exact,1.0997959,0.9502337,0.66635966
632,exact,0.8414454,0.76983386,0.4330684
633,exact,0.9036405,0.78290045,0.39855304
634,exact,0.9042131,0.8254952,0.48187745
635,exact,0.9545261,0.8364114,0.41739538
636,exact,0.9015004,0.8717341,0.45208043
637,exact,0.9226103,0.83940303,0.45888206
638,exact,0.8520313,0.8700155,0.39753073
639,exact,0.8011949,0.80479676,0.53379613
640,exact,0.9937443,0.9254869,0.5114394
641,exact,0.8385476,0.85252076,0.46200728
642,exact,0.8761635,0.81957716,0.38378963
643,exact,0.97040874,0.9236116,0.44501218
644,exact,1.0778396,0.96605057,0.6041402
645,exact,0.92611474,0.9252976,0.48330417
646,exact,0.870846,0.84130734,0.46402955
647,exact,0.9091065,0.8225303,0.44512317
648,exact,0.98253685,0.8555099,0.50984484
649,exact,1.2967373,0.9214021,0.37813398
650,exact,0.9307586,0.96184695,0.440822
651,exact,0.9969364,0.7878421,0.3723298
652,exact,0.88706964,0.8619425,0.51325274
653,exact,1.086739,0.83978826,0.48047596
654,exact,1.1184648,0.8901488,0.5176605
655,exact,0.8352823,0.8089162,0.46327367
656,exact,0.9416584,0.8851074,0.4972263
657,exact,0.9107805,0.803206,0.40457568
658,exact,0.86073077,0.7687262,0.43816346
659,exact,0.82576996,0.847984,0.49288526
660,exact,0.9418637,0.9239636,0.4799674
661,exact,0.91361,0.86434555,0.50223595
662,exact,0.9910657,0.87660223,0.5270054
663,exact,0.83467346,0.8637217,0.40083826
664,exact,0.92659974,0.8662328,0.51952183
665,exact,0.94827056,0.8966475,0.5522569
666,exact,1.0150311,0.88720745,0.42572692
667,exact,0.99904066,0.8050745,0.45564184
668,exact,0.943072,0.8288847,0.36168143
669,exact,0.9296506,0.86430126,0.4501383
670,exact,0.8323209,1.0208428,0.41792318
671,exact,1.0883863,0.8850821,0.47199073
672,exact,1.1526715,0.8650887,0.51962864
673,exact,1.0977808,0.86159694,0.37342054
674,exact,1.0085579,0.8766235,0.53860646
675,exact,0.94206923,0.8929685,0.4741629
676,exact,0.94472414,0.80858195,0.44943422
677,exact,0.9250954,0.77308714,0.47407335
678,exact,0.98199576,0.8728793,0.51337683
679,exact,0.86783814,0.78615046,0.42609096
680,exact,1.118353,1.0435613,0.43616787
681,exact,0.8881039,0.87914807,0.426115
682,exact,1.1200879,0.78960687,0.50345135
683,exact,1.0899835,0.88986427,0.63193905
684,exact,0.99795127,0.9659329,0.2828709
685,exact,1.0013463,0.8651145,0.43298435
686,exact,0.9525849,0.86948764,0.37985936
687,exact,0.8917704,0.8661159,0.46507445
688,exact,0.82973266,0.8806886,0.42837554
689,exact,0.9407137,0.89034605,0.45398533
690,exact,1.0005624,0.9170547,0.45438457
691,exact,1.0553358,0.95023197,0.5025888
692,exact,1.0834961,0.8145436,0.46493718
693,exact,0.92438394,0.80870813,0.37213174
694,exact,1.073002,0.9290128,0.5522785
695,exact,0.96056354,0.8041082,0.44295308
696,exact,0.90402716,0.82043374,0.45483696
697,exact,0.8869032,0.8340856,0.44168288
698,exact,0.8375816,0.8287082,0.5101416
699,exact,1.0195286,0.9423695,0.4640956
700,exact,0.9280525,0.8906729,0.47666168
701,exact,0.9731908,0.94280547,0.48127833
702,exact,0.8577232,0.7962168,0.47408003
703,exact,0.8503878,0.9539524,0.46301827
704,exact,0.85592026,0.8809259,0.47340086
705,exact,0.86966676,0.9892667,0.38941547
706,exact,0.9389733,0.8558072,0.38247818
707,exact,0.993886,0.7756368,0.48005155
708,exact,0.844458,1.1107727,0.3913169
709,exact,0.92126846,1.0872821,0.37661257
710,exact,1.0132233,0.9263156,0.53046435
711,exact,1.0245619,0.92905354,0.3303283
712,exact,0.9877085,0.974902,0.39006767
713,exact,0.9100555,0.8345523,0.42464128
714,exact,0.97316796,0.8878349,0.5267444
715,exact,1.1017495,0.8465761,0.480961
716,exact,0.9314404,0.91631,0.50690526
717,exact,0.9129946,0.8246483,0.46450338
718,exact,0.8666598,0.8498499,0.40018293
719,exact,0.93424475,1.0123357,0.32724866
720,exact,1.0234145,0.8158742,0.5424153
721,exact,1.1336392,0.9741422,0.36802983
722,exact,0.91989017,0.8305321,0.42251313
723,exact,1.1590427,0.93504655,0.4227266
724,exact,1.0665723,0.8871466,0.4949065
725,exact,0.94367534,0.9021211,0.46643677
726,exact,1.0009551,0.8409134,0.5007887
727,exact,0.90851057,0.9436539,0.35599226
728,exact,0.99866873,0.83967626,0.5432744
729,exact,0.9329968,0.83393574,0.5107736
730,exact,1.0340457,0.95989174,0.48615962
731,exact,1.1235988,0.95806915,0.4773991
732,exact,1.0257272,0.81503576,0.4286394
733,exact,0.9755885,0.8655,0.40118837
734,exact,0.9341958,0.8591794,0.45330808
735,exact,1.0946963,0.9126566,0.49561352
736,exact,0.88182956,0.91960484,0.4570199
737,exact,1.3219901,0.93645996,0.3815638
738,exact,1.025414,0.77417815,0.4362805
739,exact,0.9858615,0.9556867,0.43305907
740,exact,1.0012188,0.9144176,0.38144797
741,exact,0.9938707,0.8618393,0.47846866
742,exact,1.1669309,0.8763082,0.56256133
743,exact,0.95776224,0.89507943,0.4695903
744,exact,0.88540506,0.81269044,0.4297555
745,exact,0.8272354,0.83934134,0.4213145
746,exact,0.8598953,0.90509063,0.40446448
747,exact,0.9638623,0.8060234,0.5329523
748,exact,0.9499657,0.8977764,0.48162445
749,exact,1.0201648,1.0337203,0.5866514
750,exact,0.83124703,0.84486705,0.5100995
751,exact,0.9747056,0.8902446,0.43519425
752,exact,0.9166923,0.84679496,0.43566343
753,exact,0.7958801,0.78574216,0.51380616
754,exact,0.8813854,0.8121369,0.417531
755,exact,0.9409754,0.9501303,0.41645738
756,exact,1.0017653,0.77939314,0.51340944
757,exact,1.0593685,0.91273254,0.46787208
758,exact,0.8881518,0.84719825,0.47998852
759,exact,0.934701,0.84793943,0.45375615
760,exact,0.9921201,0.93993413,0.3015158
761,exact,0.99303585,0.866306,0.39931768
762,exact,0.89874744,0.78738296,0.39035988
763,exact,1.0192846,0.8155722,0.43668047
764,exact,1.0255678,0.9449582,0.35911742
765,exact,0.8954441,0.8203488,0.5041428
766,exact,0.9406914,0.80979544,0.4520443
767,exact,1.076519,0.92726797,0.4295024
768,exact,1.0110754,1.0297755,0.4679256
769,exact,0.8529788,0.8579325,0.45335665
770,exact,0.82432073,0.8076913,0.47593734
771,exact,0.8669341,0.8404222,0.49461284
772,exact,0.9479173,0.88480335,0.5103507
773,exact,1.2113318,0.91264033,0.4896542
774,exact,0.9477024,0.89840925,0.35154098
775,exact,0.98644304,1.0850049,0.28209934
776,exact,0.955755,0.9169072,0.44130212
777,exact,1.1213871,0.93751436,0.5081994
778,exact,0.8905961,0.8564441,0.50721735
779,exact,0.6709097,0.83516645,0.57833916
780,exact,0.9271761,1.1045146,0.511909
781,exact,0.87500376,0.8519309,0.50496554
782,exact,0.75204223,0.925051,0.5385074
783,exact,1.002237,1.0521268,0.3928781
784,exact,0.90508014,0.8224987,0.5147389
785,exact,1.1301478,0.91835916,0.444807
786,exact,1.0133275,1.0946969,0.40075222
787,exact,0.893728,0.84065014,0.45779178
788,exact,0.96114063,0.87065375,0.44282335
789,exact,0.9433342,0.88839364,0.4583537
790,exact,0.91108346,0.86280024,0.40804663
791,exact,0.96481633,0.7900285,0.38570148
792,exact,0.8300295,0.88628143,0.4666368
793,exact,0.93423665,0.9536572,0.41372952
794,exact,0.9986647,0.81101215,0.48034352
795,exact,1.1039786,0.84278095,0.516575
796,exact,0.9707315,0.8773927,0.48439163
797,exact,1.0461972,0.9410012,0.491372
798,exact,1.0189792,0.81414586,0.4546772
799,exact,0.9018119,0.84779716,0.46460298
800,exact,0.88449377,0.9141368,0.47134164
801,exact,1.026276,1.0527666,0.3496567
802,exact,0.88673705,0.8602513,0.44869813
803,exact,0.9905134,0.7855125,0.44629693
804,exact,0.9300903,0.88109607,0.4725583
805,exact,0.91600496,0.7606082,0.39321277
806,exact,0.85919815,0.83030856,0.43014002
807,exact,0.97658944,0.8932785,0.5545607
808,exact,1.0809294,0.880095,0.588139
809,exact,0.92743766,0.87311965,0.4541963
810,exact,0.8054881,0.88169545,0.63689256
811,exact,0.8422704,0.8579719,0.559667
812,exact,1.056668,0.8266999,0.49805972
813,exact,0.925479,0.8177964,0.45602468
814,exact,0.8832561,0.85194194,0.49430504
815,exact,0.7687647,0.798213,0.49561068
816,exact,0.8684748,0.76491094,0.47233438
817,exact,1.1038245,0.8861923,0.43156445
818,exact,0.95131505,0.849824,0.48564938
819,exact,1.055748,0.868174,0.5198139
820,exact,0.82546675,0.8812633,0.42171043
821,exact,1.0227985,0.9301128,0.38651195
822,exact,0.9411508,0.8661707,0.356791
823,exact,0.900277,0.8895764,0.44451663
824,exact,0.94473225,0.85147244,0.4995364
825,exact,0.9217732,0.8744687,0.4831518
826,exact,0.92805076,0.84494364,0.3928135
827,exact,0.9583646,0.97022885,0.480365
828,exact,1.4542081,1.0925833,0.38155112
829,exact,0.8534159,0.8259906,0.47999159
830,exact,0.9040049,0.78146917,0.4472224
831,exact,1.0556668,0.8328515,0.5112001
832,exact,0.9625291,0.8549021,0.5848936
833,exact,0.9632712,0.8722598,0.50000685
834,exact,1.1189371,0.9023356,0.43751833
835,exact,0.88308644,0.8978843,0.4985301
836,exact,0.89855564,0.8179051,0.39300624
837,exact,0.8456922,0.8998452,0.50831795
838,exact,0.93512297,0.9053129,0.41777074
839,exact,0.8476401,0.86488795,0.55498356
840,exact,1.1214309,0.93777514,0.53699374
841,exact,1.1787429,0.9092112,0.47363472
842,exact,1.0007452,1.0795007,0.49844882
843,exact,1.056536,0.902765,0.5092634
844,exact,1.0488261,0.93085444,0.46778214
845,exact,0.98358333,0.93390286,0.43915847
846,exact,1.0159104,0.9295925,0.4026633
847,exact,0.88084036,0.93655765,0.3895843
848,exact,0.9297558,0.8788523,0.40152332
849,exact,0.8963471,0.8459883,0.44370574
850,exact,1.1654865,0.7707445,0.44017574
851,exact,0.81254536,0.9293766,0.4875957
852,exact,0.9225163,0.79569536,0.39015564
853,exact,0.9073145,0.93010837,0.4672569
854,exact,0.89729416,0.8880936,0.4122491
855,exact,0.9657497,0.77781665,0.48508158
856,exact,0.767771,1.0029044,0.40647703
857,exact,1.1271092,0.9295892,0.4371871
858,exact,0.8787112,0.88840497,0.40263996
859,exact,1.046756,0.8514765,0.5031369
860,exact,1.1123499,0.8608733,0.4694608
861,exact,0.98644185,0.8616378,0.4830501
862,exact,1.0011643,0.9340167,0.4673309
863,exact,0.930574,0.8653663,0.50245
864,exact,0.85770166,0.83106935,0.5511347
865,exact,1.0105532,0.8489749,0.51290876
866,exact,0.9860056,0.83771676,0.44981682
867,exact,0.87795424,0.8845006,0.46383232
868,exact,0.8902951,0.83858865,0.52940136
869,exact,0.8890814,0.801463,0.5170218
870,exact,1.0471036,0.9903385,0.324402
871,exact,1.1893615,0.92226654,0.40394914
872,exact,0.92280644,0.92982566,0.38070273
873,exact,0.9485058,0.8190073,0.5447521
874,exact,1.121478,0.9331685,0.50404954
875,exact,1.0393509,0.75929517,0.40811202
876,exact,0.8394115,0.9527621,0.55813074
877,exact,1.0217477,0.9008854,0.3526256
878,exact,0.91265476,0.91858304,0.4696312
879,exact,1.010297,0.855683,0.47511223
880,exact,1.0535762,0.9093036,0.43893525
881,exact,0.933126,0.87373346,0.55517226
882,exact,1.0470905,0.8355761,0.5273271
883,exact,1.0867618,0.9189147,0.4280879
884,exact,0.85382503,0.80878377,0.53727955
885,exact,0.85843724,0.8921259,0.5120654
886,exact,1.0126295,0.8199509,0.5005238
887,exact,0.9857058,0.79764384,0.39224958
888,exact,1.0142335,0.86727166,0.5007026
889,exact,0.98050606,0.9113191,0.5170786
890,exact,1.1906385,0.8883391,0.45935282
891,exact,0.89707696,0.8445017,0.49585858
892,exact,1.0428002,0.81595504,0.41786015
893,exact,0.9929412,0.75199246,0.47279966
894,exact,0.8453881,0.8762516,0.4934605
895,exact,0.94494915,0.94790775,0.4599775
896,exact,0.9623092,0.8785334,0.46228474
897,exact,0.823472,0.84906715,0.37608197
898,exact,1.0107062,0.842316,0.45690447
899,exact,0.8344058,0.8911217,0.49553853
900,exact,0.95320743,0.80336696,0.411339
901,exact,0.9766682,0.8914132,0.4230555
902,exact,0.93460834,0.8757607,0.5226259
903,exact,0.82564986,0.79069465,0.43991643
904,exact,0.9969788,0.8197873,0.4419032
905,exact,0.9983403,0.8287839,0.42326248
906,exact,0.9419145,0.94440824,0.4729587
907,exact,0.8940773,0.81246066,0.40434366
908,exact,0.84768826,0.8248294,0.48436847
909,exact,1.0003603,0.8771837,0.45040563
910,exact,0.9273781,0.7725383,0.4747296
911,exact,0.902899,0.89188135,0.39693987
912,exact,1.0878192,0.96127987,0.48321846
913,exact,0.9655113,0.8533679,0.5203019
914,exact,0.9128376,0.8365387,0.3112659
915,exact,1.0303217,0.8678806,0.39815027
916,exact,0.8961311,0.80994576,0.49580944
917,exact,0.85833395,0.8753599,0.42570284
918,exact,1.0399569,0.8194199,0.378939
919,exact,0.9785071,0.8859229,0.45264584
920,exact,0.93757796,0.85011405,0.48528963
921,exact,0.83339936,0.8209713,0.45138502
922,exact,0.8822263,0.826595,0.4838718
923,exact,0.91309315,0.8407141,0.4622475
924,exact,0.97642964,0.802755,0.38793242
925,exact,1.0170921,0.8499787,0.50650835
926,exact,0.97068775,0.8414167,0.4820446
927,exact,0.8645213,0.8674347,0.43359917
928,exact,0.9905726,0.85119396,0.45841455
929,exact,1.0906419,0.8936384,0.47231764
930,exact,1.019028,0.8614462,0.44973236
931,exact,0.9563212,0.8271214,0.45870665
932,exact,0.8119612,0.83516026,0.5761032
933,exact,1.0431685,0.8312479,0.5188144
934,exact,0.9958858,0.8166783,0.3764831
935,exact,0.93418103,0.83119553,0.46076146
936,exact,0.99095184,0.884735,0.41507843
937,exact,0.88124895,0.866687,0.46520108
938,exact,0.9245413,0.7977109,0.46360976
939,exact,0.85025144,0.8257647,0.5323993
940,exact,1.1551454,0.888597,0.32999322
941,exact,0.8678602,0.80047625,0.49739477
942,exact,0.9013738,0.84328115,0.44977093
943,exact,0.93074226,0.9232287,0.4229322
944,exact,0.88884515,0.839288,0.5660998
945,exact,0.96789014,0.85570824,0.5131094
946,exact,0.80464333,0.8307025,0.4542647
947,exact,0.9404176,0.94671214,0.45754895
948,exact,0.95901424,0.9400855,0.45918456
949,exact,0.7728102,0.86549,0.4035292
950,exact,0.79695475,0.9063419,0.44083434
951,exact,1.0223622,0.8228321,0.52128303
952,exact,0.8442686,0.84700835,0.47191933
953,exact,0.9316781,0.86389756,0.46109968
954,exact,0.88425434,0.89146745,0.51490146
955,exact,0.9260717,0.79638225,0.54165745
956,exact,0.96610636,0.91111743,0.5466988
957,exact,0.8526305,0.8620943,0.36655518
958,exact,1.0612723,0.7854019,0.495672
959,exact,1.0330675,0.8838547,0.4777068
960,exact,1.0259932,1.0721192,0.37024495
961,exact,1.0768044,0.9604691,0.40224677
962,exact,1.1162057,0.8661968,0.42839515
963,exact,1.0220615,0.95863193,0.37124324
964,exact,1.031046,0.8674024,0.40810433
965,exact,0.9397341,0.76677155,0.4477269
966,exact,0.9711152,1.0081154,0.45458567
967,exact,0.94021314,0.8892516,0.47098774
968,exact,1.0059466,1.0042475,0.5505867
969,exact,0.86544716,1.0543176,0.5099558
970,exact,0.9499667,0.88051265,0.4830012
971,exact,0.88047194,0.80058914,0.46328312
972,exact,0.9050359,0.84101546,0.42414984
973,exact,0.8852852,0.9742843,0.3648504
974,exact,1.1496187,0.83922786,0.560915
975,exact,0.9025785,0.8031509,0.43978867
976,exact,0.8917096,0.8516177,0.5278239
977,exact,0.9165554,1.014424,0.453706
978,exact,0.9298694,0.806236,0.50395983
979,exact,1.0339957,0.8872001,0.5398301
980,exact,0.8622626,0.8448692,0.42493036
981,exact,0.9393178,0.84229,0.5272991
982,exact,0.8583793,0.86835974,0.5139583
983,exact,0.9246416,0.8044552,0.5171215
984,exact,0.9478121,0.9611538,0.605174
985,exact,0.9957735,0.82463676,0.4731843
986,exact,0.990619,0.966739,0.36297518
987,exact,0.9584044,0.8081845,0.48621657
988,exact,1.0058466,0.90019196,0.41863024
989,exact,1.0290089,0.8567488,0.41842946
990,exact,0.89983773,0.76276183,0.5243515
991,exact,1.1265708,0.9111696,0.47449106
992,exact,1.0755334,0.88850045,0.45544323
993,exact,1.0098373,0.8525427,0.45487663
994,exact,1.0485742,0.8550575,0.4242507
995,exact,0.868419,0.8314096,0.4872709
996,exact,0.93720275,0.78779703,0.46140873
997,exact,0.94191164,0.8988805,0.40293062
998,exact,0.9590392,0.8383002,0.502085
999,exact,1.0498013,0.89130867,0.49432054
0,ot,0.9018743,0.8709353,0.4697427
1,ot,0.97945404,0.7375805,0.5105751
2,ot,0.75538445,0.7346495,0.37910506
3,ot,0.9880612,0.93178856,0.3856777
4,ot,0.9515589,0.9039897,0.46067983
5,ot,0.90646696,0.8381495,0.43949538
6,ot,0.87795824,0.8427445,0.45938215
7,ot,0.8144524,0.8142505,0.50177187
8,ot,0.9201232,0.8117395,0.5185561
9,ot,1.1032525,0.8503804,0.34772435
10,ot,1.0797963,0.8403433,0.39335477
11,ot,1.0742509,0.88198745,0.44731265
12,ot,0.967267,0.8684828,0.5682985
13,ot,0.850352,0.8789373,0.3667176
14,ot,1.0972924,0.88226515,0.47064832
15,ot,0.98877746,0.7986899,0.3820624
16,ot,0.8639052,0.98179483,0.34593827
17,ot,0.9092612,0.8206145,0.4597437
18,ot,1.1177481,0.96643156,0.37026408
19,ot,0.88262665,0.84317636,0.52575856
20,ot,1.072942,0.7861834,0.46905503
21,ot,0.90188044,0.8467851,0.46234632
22,ot,0.9564361,0.8622516,0.4565756
23,ot,0.9542937,0.85497344,0.29381508
24,ot,1.1694838,0.8387123,0.4099278
25,ot,1.1196722,0.78732646,0.4834154
26,ot,1.0007176,0.81276035,0.51065415
27,ot,0.91572124,1.0056987,0.36046454
28,ot,0.8574255,0.7150567,0.37679878
29,ot,1.0679225,0.83259314,0.3804903
30,ot,1.1000055,0.9917577,0.49556673
31,ot,0.9047947,1.0381745,0.2905944
32,ot,0.8967214,0.89319414,0.40003848
33,ot,0.94662595,0.8538515,0.49741605
34,ot,1.0476143,0.84876984,0.38026777
35,ot,1.2017145,0.8429352,0.35545135
36,ot,0.9566365,0.8414786,0.50264543
37,ot,0.9343257,0.8537249,0.47686628
38,ot,0.92518276,0.91730905,0.36887854
39,ot,0.76393443,0.8360672,0.51742685
40,ot,0.8277694,0.8845639,0.3864466
41,ot,0.9821432,0.7729536,0.49053967
42,ot,0.94839185,0.8448622,0.40999
43,ot,0.6533209,0.84419155,0.28847885
44,ot,1.0098364,0.75095713,0.4758429
45,ot,1.0930642,0.9241461,0.40065512
46,ot,1.1009754,0.9286161,0.33968303
47,ot,0.90094966,0.8681577,0.46273887
48,ot,0.9157887,0.73229957,0.48768795
49,ot,0.9307609,0.83145344,0.40335804
50,ot,0.86237967,0.73614407,0.31918973
51,ot,0.9504216,0.8130793,0.40364835
52,ot,0.92798275,0.83053184,0.41375715
53,ot,1.0280256,1.1115493,0.3050973
54,ot,0.93827486,0.8226162,0.46537513
55,ot,0.766327,0.8255489,0.384227
56,ot,0.82361025,0.87001085,0.47257003
57,ot,0.85560685,0.77240974,0.44075692
58,ot,0.8616176,0.7432693,0.4235521
59,ot,0.9064199,0.8106998,0.47426763
60,ot,0.8950241,0.909733,0.36144403
61,ot,0.80033636,0.8061825,0.47009596
62,ot,0.8423938,0.7772276,0.3906941
63,ot,0.83442265,0.873258,0.29665673
64,ot,0.90201443,0.75620043,0.42005792
65,ot,1.2329202,0.8831158,0.3804218
66,ot,1.0805981,0.96393293,0.36279514
67,ot,0.8035748,0.9030554,0.42337227
68,ot,0.97309077,1.0139436,0.37380138
69,ot,0.88763916,0.7624277,0.40781438
70,ot,0.92053753,0.861078,0.5156689
71,ot,0.8537759,0.91002834,0.350033
72,ot,1.0075752,0.8224804,0.45318976
73,ot,0.93426067,0.8438926,0.36858457
74,ot,1.0097733,0.94776064,0.3308943
75,ot,1.0319178,0.8671091,0.40426287
76,ot,0.9753704,0.91168946,0.5063355
77,ot,0.9465071,1.0796725,0.25673836
78,ot,0.85696965,0.8273187,0.5614271
79,ot,0.97788304,0.8209332,0.4954984
80,ot,1.1646359,1.0218754,0.28232294
81,ot,1.1982614,0.90485466,0.3841149
82,ot,1.0088171,0.8319747,0.43456623
83,ot,1.0186217,0.83289415,0.4595748
84,ot,0.8642653,0.76685685,0.5540256
85,ot,0.86006266,0.8414191,0.3889353
86,ot,0.9205823,0.84540236,0.5053674
87,ot,1.1823827,0.988031,0.37215883
88,ot,0.822334,0.8284116,0.39040923
89,ot,0.9184146,0.8525369,0.4542947
90,ot,0.85435337,0.92300487,0.3711316
91,ot,0.890966,0.7668263,0.47517243
92,ot,0.95867157,0.84808934,0.41957155
93,ot,0.88529205,0.8080269,0.44289508
94,ot,0.8077694,0.7880158,0.38270214
95,ot,0.76959217,0.854548,0.3941605
96,ot,0.9687954,0.8618498,0.47662526
97,ot,1.0656092,0.9460323,0.47005934
98,ot,0.8687551,0.87334925,0.5012051
99,ot,1.2394246,0.88141066,0.4823346
100,ot,1.0103402,0.74662906,0.4590182
101,ot,0.8249953,0.84112966,0.40224347
102,ot,0.85524786,0.7752252,0.37270325
103,ot,1.1349196,0.9016154,0.4029565
104,ot,0.94243497,0.8529015,0.43890035
105,ot,0.97644645,0.7454554,0.48429766
106,ot,0.9785,0.89399254,0.30886322
107,ot,0.8269762,0.8979571,0.35595056
108,ot,0.8276034,0.8726525,0.41814637
109,ot,0.95109403,0.8185006,0.38899556
110,ot,0.9267294,0.8346519,0.41556114
111,ot,0.8915455,0.8342169,0.39604583
112,ot,1.0624237,1.1263275,0.2878619
113,ot,0.9434738,0.7346483,0.39449674
114,ot,0.91814333,0.72214013,0.45000273
115,ot,1.1750293,0.92219007,0.55855036
116,ot,0.9254397,0.84040326,0.37832874
117,ot,0.9169998,0.78939706,0.48561874
118,ot,0.9359227,0.8733573,0.4644523
119,ot,0.88581175,0.7646689,0.44723865
120,ot,0.9641268,0.7543045,0.460908
121,ot,1.0031824,0.83243954,0.35547847
122,ot,0.8560865,0.8512104,0.48435
123,ot,0.9882446,0.79797417,0.41511342
124,ot,0.9649922,0.8202689,0.4083982
125,ot,0.93326175,0.87094736,0.37107402
126,ot,0.78838587,0.8934732,0.32732984
127,ot,0.86750305,0.71103597,0.48700774
128,ot,0.9706995,0.84752953,0.38550597
129,ot,0.9048786,0.96031356,0.45570636
130,ot,0.97511584,0.9252883,0.37445682
131,ot,1.0148921,0.7633721,0.39348853
132,ot,1.1214433,0.87530017,0.33787748
133,ot,1.2208377,1.0776423,0.3942008
134,ot,0.95874846,1.0015794,0.35308233
135,ot,0.9609186,0.7866095,0.40688288
136,ot,0.9573883,0.84103465,0.4520559
137,ot,0.7950217,0.90393597,0.28977975
138,ot,0.95945454,0.9265115,0.40811232
139,ot,1.054283,0.89064723,0.45507023
140,ot,0.95313126,0.8900675,0.50280523
141,ot,0.8446555,0.89612675,0.4218815
142,ot,0.8923784,1.2257473,0.23662047
143,ot,0.9116916,1.0426922,0.32413796
144,ot,0.82397884,0.94502246,0.32939115
145,ot,0.9146527,0.92218745,0.3738137
146,ot,0.9107585,1.0940326,0.34264806
147,ot,0.9778596,0.87953144,0.3541989
148,ot,0.94527006,0.9277685,0.4075516
149,ot,0.89217657,0.9215864,0.38825542
150,ot,1.0658293,1.0388528,0.44705632
151,ot,1.0267466,0.8020744,0.4336275
152,ot,0.91987,0.95376533,0.3416049
153,ot,1.0746487,0.92509466,0.55314463
154,ot,0.91932017,1.0120715,0.3161279
155,ot,0.8062312,0.8543535,0.47154123
156,ot,0.92254925,0.769848,0.46812513
157,ot,0.9801628,0.78849965,0.5020682
158,ot,0.94365877,0.8790222,0.43617433
159,ot,0.9805231,0.8806591,0.45710528
160,ot,1.0462226,0.77081424,0.4831598
161,ot,1.1652349,0.8029156,0.41912484
162,ot,0.83622617,0.81641006,0.4887634
163,ot,0.9587308,0.8580246,0.40957323
164,ot,0.9578287,0.81727666,0.4516811
165,ot,0.87280375,0.94774777,0.28110883
166,ot,0.89442617,0.7258105,0.39656615
167,ot,0.9415241,0.76980644,0.4723269
168,ot,0.9059545,0.76937246,0.41072503
169,ot,0.9502082,0.8015097,0.4548864
170,ot,0.9511286,0.83256066,0.48271477
171,ot,0.9260836,0.8246424,0.4596276
172,ot,1.1169606,0.86243075,0.2977051
173,ot,0.8391053,0.853574,0.5002983
174,ot,1.0758556,0.86195725,0.3723078
175,ot,0.863992,0.77214694,0.45865294
176,ot,0.9938832,0.80346423,0.46218294
177,ot,0.8419887,0.87819886,0.36943862
178,ot,1.0697278,1.0171537,0.3477402
179,ot,0.89446807,0.89491993,0.5405626
180,ot,0.96661085,0.97823226,0.28825447
181,ot,0.9435399,0.853755,0.47459793
182,ot,1.0896451,0.9780858,0.5324493
183,ot,0.9048639,0.8377158,0.3581478
184,ot,0.8185058,0.82636076,0.4540832
185,ot,0.971581,0.767471,0.44093364
186,ot,0.86342907,0.8115819,0.506654
187,ot,1.0508444,0.9454045,0.4928393
188,ot,1.0175382,0.87807137,0.44389609
189,ot,1.0523734,0.859327,0.5223077
190,ot,0.9601652,0.8587059,0.47278392
191,ot,1.0004156,0.89820296,0.49421462
192,ot,0.90213495,0.77720475,0.525928
193,ot,0.8120799,0.82623696,0.35866868
194,ot,0.961994,1.0145445,0.26932293
195,ot,0.94280255,0.90059155,0.4379463
196,ot,0.8342502,0.77653337,0.43728212
197,ot,0.7194326,0.9327284,0.34612003
198,ot,0.7951914,0.8587758,0.50112706
199,ot,0.8818642,0.8059889,0.44860458
200,ot,0.97592914,1.0105425,0.55074
201,ot,1.1907873,0.8856569,0.51335317
202,ot,0.76562375,0.8135745,0.37244466
203,ot,0.8873096,0.7529025,0.4136791
204,ot,0.8290367,0.949855,0.3444144
205,ot,0.89615035,0.8847238,0.5452517
206,ot,0.8499,0.7563095,0.40490004
207,ot,0.77730834,0.86519706,0.3867861
208,ot,0.8984807,0.73398715,0.48708388
209,ot,1.0352803,0.8515719,0.40079093
210,ot,0.9745671,0.8080815,0.41639778
211,ot,0.91645926,0.9298304,0.47987652
212,ot,1.0534229,0.9252263,0.51860666
213,ot,0.8725816,0.806738,0.40917265
214,ot,0.89761204,0.8391613,0.4900227
215,ot,0.7954045,0.94175833,0.2969211
216,ot,0.83209985,0.7793518,0.4505004
217,ot,0.84577906,0.7849994,0.32538
218,ot,1.1665443,0.9347013,0.34290498
219,ot,0.9764456,0.8618539,0.4311469
220,ot,0.92080224,0.9375826,0.40224123
221,ot,0.9444197,0.885222,0.4702532
222,ot,0.7476474,0.96491206,0.3963378
223,ot,0.9706564,0.8554961,0.50103164
224,ot,0.9275375,0.8306409,0.3895977
225,ot,0.96112436,0.799397,0.4494379
226,ot,0.97985053,1.1755066,0.2568337
227,ot,0.7685568,0.8028287,0.44938567
228,ot,1.0325488,0.86016077,0.45266086
229,ot,0.9479875,0.8252671,0.42647153
230,ot,0.8198003,0.8492685,0.42474997
231,ot,0.78803325,0.85826486,0.45332724
232,ot,0.8440969,0.8591655,0.45093378
233,ot,0.9537193,0.8635729,0.37691796
234,ot,0.8860232,0.8146006,0.46642107
235,ot,1.0698409,0.8991846,0.33693597
236,ot,1.025593,0.87766427,0.43328673
237,ot,1.0716581,0.91579056,0.4864937
238,ot,1.0195934,0.7738511,0.37736335
239,ot,0.92902845,0.8185887,0.4068044
240,ot,0.8668539,0.86511266,0.3049362
241,ot,0.9134651,0.93067545,0.44329685
242,ot,0.9008787,0.7816801,0.5021917
243,ot,0.74397796,0.88068295,0.34459114
244,ot,0.8696772,0.8180813,0.48824862
245,ot,0.9344658,0.846208,0.45188788
246,ot,0.8608386,0.80891544,0.4932301
247,ot,1.0545479,0.98362046,0.27812022
248,ot,0.94129086,0.8899447,0.34729016
249,ot,0.9124712,0.8830741,0.5347169
250,ot,0.968918,0.8967771,0.5647717
251,ot,0.95298314,0.88313425,0.37561116
252,ot,1.074542,0.9335064,0.3768698
253,ot,0.95052105,0.9330813,0.36712652
254,ot,0.8217784,0.85267043,0.6251502
255,ot,0.93216354,0.77199554,0.552863
256,ot,0.87637514,0.83906054,0.38313246
257,ot,1.0977404,0.7878873,0.4411136
258,ot,0.84909314,0.93639886,0.32385996
259,ot,0.8157949,0.7217614,0.47945276
260,ot,0.8767037,0.72664523,0.42067572
261,ot,0.954265,0.77517486,0.4660519
262,ot,1.0389701,0.77436996,0.4124783
263,ot,0.8629472,0.86882067,0.48959017
264,ot,1.1013776,0.8366715,0.47415364
265,ot,0.8414488,0.8089812,0.49134085
266,ot,0.9592644,0.7893298,0.41292924
267,ot,0.9732892,0.7785138,0.33258408
268,ot,0.9306983,0.81060374,0.51262766
269,ot,0.94619316,0.81834394,0.4861645
270,ot,0.9523049,0.8925891,0.5079892
271,ot,0.9726797,0.79956853,0.45238084
272,ot,1.0538985,0.7623926,0.38316447
273,ot,0.80906034,1.0361111,0.24879591
274,ot,0.9242022,0.95474255,0.42143184
275,ot,0.818865,0.79594266,0.38695076
276,ot,1.0039101,0.8668417,0.43689993
277,ot,0.9840058,0.7683358,0.4373727
278,ot,0.82488257,0.92163,0.4097292
279,ot,0.8665757,0.7641526,0.5042834
280,ot,1.0138379,0.914923,0.40914255
281,ot,1.0147772,0.94951,0.41830188
282,ot,0.8838164,0.852503,0.45045725
283,ot,0.9428271,1.1204344,0.23734125
284,ot,0.84150785,0.7248044,0.42840677
285,ot,1.0480881,1.0361428,0.5511519
286,ot,0.9106816,0.88761663,0.39909038
287,ot,1.1287544,0.9480274,0.45107964
288,ot,0.91027445,0.79728,0.4369519
289,ot,0.9986031,0.94325733,0.29616788
290,ot,0.96478176,0.8268824,0.38964385
291,ot,0.94790304,0.74841195,0.44266638
292,ot,1.0169032,0.89006275,0.36497664
293,ot,0.9715101,0.8830251,0.46699983
294,ot,0.89499795,0.8766789,0.5337912
295,ot,0.9773482,0.99470884,0.42378005
296,ot,1.0228887,0.7777067,0.27248964
297,ot,0.82758415,0.8042234,0.4673511
298,ot,0.91211385,1.1328698,0.3671927
299,ot,0.9902059,0.9351158,0.35129768
300,ot,0.91198957,0.80012006,0.43526307
301,ot,0.8837538,0.93018883,0.39733094
302,ot,0.9326576,0.8321267,0.35797042
303,ot,0.99175686,0.8508883,0.49096814
304,ot,1.011483,0.9455926,0.3465565
305,ot,0.92477506,0.77253294,0.51650894
306,ot,1.131602,1.0230865,0.57179284
307,ot,0.91054106,0.87759143,0.3011751
308,ot,0.962248,0.80832,0.3853139
309,ot,1.0233645,0.7236566,0.38457707
310,ot,0.9602756,0.76717,0.48199102
311,ot,0.83242476,0.82739794,0.4267308
312,ot,0.9363914,0.8712372,0.39474905
313,ot,1.0521784,0.92592335,0.458463
314,ot,0.886068,0.8493106,0.4483186
315,ot,0.8790788,0.81587535,0.4792339
316,ot,0.8844567,1.0654582,0.24483268
317,ot,0.9285767,0.77951723,0.51898485
318,ot,0.9531116,0.9081447,0.34006634
319,ot,0.92568934,1.0023565,0.32157934
320,ot,0.9159427,0.74724793,0.50634676
321,ot,1.0059029,0.88295203,0.37900135
322,ot,0.8205228,1.1233132,0.29874998
323,ot,0.8827046,0.7812156,0.42702088
324,ot,0.7702961,0.8658694,0.5396717
325,ot,0.93160415,0.81914765,0.35917482
326,ot,0.91532695,0.8630638,0.407006
327,ot,0.923669,0.8634768,0.46762878
328,ot,0.9757998,0.8320412,0.37623122
329,ot,0.92455083,0.81041735,0.47699112
330,ot,1.0688323,0.80692935,0.5022906
331,ot,0.8770362,0.7622247,0.4595965
332,ot,1.0691656,0.88869953,0.30233112
333,ot,0.7746928,0.85760254,0.34765786
334,ot,0.94723564,0.8063324,0.41630018
335,ot,0.88585806,0.8170937,0.5159512
336,ot,0.83871716,0.8283024,0.46199927
337,ot,0.89570886,0.9286146,0.50342107
338,ot,0.9551558,0.817535,0.4936087
339,ot,0.7689734,0.8130504,0.38789985
340,ot,0.94290316,0.9104116,0.35662934
341,ot,1.0654233,0.80821943,0.43884623
342,ot,0.9053135,0.7445805,0.4429067
343,ot,0.91652524,0.81179273,0.3472424
344,ot,1.0873315,0.9026958,0.4530071
345,ot,1.0020319,0.79790294,0.3665203
346,ot,0.81373805,0.8473997,0.47178578
347,ot,1.0135311,0.8646405,0.4003452
348,ot,0.94640267,0.8462511,0.57778776
349,ot,0.91904724,0.8273197,0.3443996
350,ot,0.9012919,0.8170877,0.562736
351,ot,0.9784349,0.88679194,0.4919368
352,ot,0.8675359,0.8369351,0.41059458
353,ot,0.9380543,1.0924021,0.29644927
354,ot,0.9373967,0.88714695,0.3862623
355,ot,0.77865875,0.8747779,0.37171534
356,ot,0.9518962,0.890354,0.44372565
357,ot,0.9784566,0.8686204,0.36123294
358,ot,0.99504185,0.9456596,0.34169987
359,ot,1.0561118,0.86585927,0.46735546
360,ot,1.1085882,0.9216056,0.515078
361,ot,0.84855384,1.0560662,0.31458917
362,ot,1.1410348,0.8979704,0.44308233
363,ot,1.0448695,0.9040921,0.34958357
364,ot,0.91214186,0.8837264,0.3845759
365,ot,0.6590585,0.9971484,0.32950404
366,ot,0.88085824,0.8261891,0.4062384
367,ot,0.97257197,0.7570552,0.372379
368,ot,0.9887784,0.9510491,0.36239597
369,ot,0.89148015,0.7944866,0.4116128
370,ot,0.8839295,1.1427794,0.36030096
371,ot,0.87077266,0.9137587,0.38692233
372,ot,0.92709833,0.8192877,0.42162934
373,ot,0.90604955,0.7925768,0.41607338
374,ot,0.9299513,0.86326194,0.38781035
375,ot,0.97953033,0.91140723,0.43089044
376,ot,0.9788669,0.87620723,0.5454809
377,ot,0.9203375,0.8136606,0.39618978
378,ot,1.0083061,0.89910156,0.5373206
379,ot,0.9124154,0.8612838,0.40532652
380,ot,1.0669512,0.8202183,0.4794333
381,ot,0.9596755,0.8344398,0.46398363
382,ot,0.97787267,1.254118,0.2836568
383,ot,0.9861469,0.81028503,0.43909872
384,ot,0.97581214,0.8925105,0.36781088
385,ot,1.0205135,0.9684784,0.4219076
386,ot,0.8893066,0.7743531,0.46847454
387,ot,0.8592207,0.76142853,0.45581043
388,ot,1.1172522,0.734127,0.41056418
389,ot,0.8747173,0.77942187,0.47784576
390,ot,0.9408887,0.9844363,0.3357242
391,ot,1.0836657,0.7744698,0.42598093
392,ot,0.8332309,0.79548067,0.32884842
393,ot,1.020814,0.7507302,0.37387457
394,ot,0.88819504,1.0355917,0.3955672
395,ot,0.9463218,0.80439156,0.46277332
396,ot,0.9405614,0.8041334,0.29572007
397,ot,1.1887653,0.98169065,0.40452823
398,ot,0.6029754,0.9000828,0.37491375
399,ot,0.98724806,0.92855,0.4433201
400,ot,0.86521906,0.930718,0.36471343
401,ot,0.99066037,0.8354303,0.40775383
402,ot,0.9352486,0.8108639,0.3659232
403,ot,0.84518814,0.96253467,0.452398
404,ot,0.8597498,0.81568617,0.46824917
405,ot,1.0225797,1.0408785,0.39595222
406,ot,0.85073876,0.7649793,0.44911274
407,ot,1.0295757,1.0796894,0.30664912
408,ot,0.90307266,0.8450019,0.4123632
409,ot,0.9803846,0.7425287,0.3567095
410,ot,0.82960045,0.7830895,0.39581785
411,ot,1.0161009,0.8205612,0.34513056
412,ot,1.0933497,0.95414406,0.39007282
413,ot,0.8961243,0.9233474,0.43529475
414,ot,0.80346775,0.8743121,0.41232443
415,ot,0.948175,0.71005946,0.27582756
416,ot,1.0209061,1.0444132,0.30364057
417,ot,0.89763767,0.80217457,0.43663025
418,ot,0.9147648,0.7524947,0.45251325
419,ot,0.9901424,0.83395827,0.47586566
420,ot,1.0666372,0.92931086,0.4398671
421,ot,1.1402576,1.1982442,0.37567717
422,ot,0.9796302,0.9228504,0.39437944
423,ot,1.026375,0.75044197,0.47054836
424,ot,0.8792104,0.9140472,0.58308494
425,ot,1.0312582,0.7487463,0.42514232
426,ot,0.8690236,0.8170526,0.44348204
427,ot,0.99439853,0.78150237,0.49640706
428,ot,0.9718179,0.89506507,0.36899707
429,ot,0.91691077,0.7768339,0.5058272
430,ot,1.2019173,0.7715692,0.37537968
431,ot,0.91912544,0.85886014,0.3879181
432,ot,0.8164442,0.93127185,0.33258045
433,ot,0.9962405,0.96229225,0.44805866
434,ot,1.0196402,0.90269595,0.42067704
435,ot,0.8347687,0.8126253,0.5293502
436,ot,0.9361278,0.7858206,0.2876522
437,ot,0.9958067,0.8504316,0.460018
438,ot,0.8546933,0.7753489,0.46695286
439,ot,0.8391917,0.84112185,0.3990252
440,ot,0.8837764,0.7897379,0.4026719
441,ot,1.0170782,0.8687038,0.28266302
442,ot,0.94742554,0.7257446,0.45053533
443,ot,0.9746437,0.91174704,0.5643839
444,ot,0.8573208,0.87290144,0.5447098
445,ot,0.8186493,0.9575683,0.3298437
446,ot,0.9703349,0.85079956,0.3878502
447,ot,0.84534293,0.76235604,0.40683293
448,ot,0.9806932,0.8226166,0.46140867
449,ot,1.0019904,0.84972537,0.55104107
450,ot,0.9772414,0.95963144,0.36347616
451,ot,0.9970033,0.8764594,0.39226773
452,ot,1.0510367,0.7842296,0.5086228
453,ot,1.0776966,0.7919343,0.41713881
454,ot,0.95174724,0.77886057,0.44118017
455,ot,0.9805132,0.77247703,0.40021992
456,ot,0.9135229,0.84658647,0.35205457
457,ot,0.91453165,0.8927617,0.31539527
458,ot,0.74989843,0.7762582,0.3629582
459,ot,0.94452846,0.86669546,0.34942424
460,ot,0.87614423,0.91405815,0.56122416
461,ot,0.8962511,0.7809817,0.3878725
462,ot,1.035109,1.0240344,0.3401173
463,ot,0.93318117,0.7394907,0.531226
464,ot,0.9665793,0.83355314,0.40892425
465,ot,0.917179,0.74937314,0.49475697
466,ot,0.74646515,0.8305464,0.40235886
467,ot,0.92808014,1.0686593,0.34829575
468,ot,1.0158592,0.972617,0.3747026
469,ot,1.0219064,0.79159313,0.5103946
470,ot,0.97067505,0.86712456,0.4171722
471,ot,0.9322958,0.95614713,0.5042197
472,ot,1.0741485,0.8121677,0.41260767
473,ot,0.7246469,0.91097283,0.34250107
474,ot,0.93345714,0.9238353,0.51034904
475,ot,0.98196304,0.8826728,0.4400141
476,ot,0.88668364,0.8115515,0.42862046
477,ot,1.0589697,0.76928,0.5003856
478,ot,1.0317181,0.92982835,0.42054385
479,ot,0.8338172,0.8777383,0.443524
480,ot,1.0212266,0.87775797,0.498374
481,ot,1.1271591,0.8349971,0.45684522
482,ot,0.9924775,0.99816704,0.35833833
483,ot,0.8900075,0.94495213,0.32089674
484,ot,0.94858813,0.7769739,0.50923145
485,ot,0.8747669,0.7516557,0.5061129
486,ot,0.96991116,0.8137118,0.47251436
487,ot,1.3043876,0.8236986,0.2969976
488,ot,0.9142027,0.8091242,0.45325172
489,ot,0.92177206,0.8510322,0.43838832
490,ot,1.0533787,0.965537,0.5191721
491,ot,0.95957017,0.88653797,0.34528807
492,ot,1.0370889,1.1029673,0.34034604
493,ot,0.9584735,0.7680471,0.4533892
494,ot,0.93473655,0.93875766,0.3387396
495,ot,1.0711856,0.7766016,0.35526034
496,ot,0.86859006,1.026071,0.3270777
497,ot,0.9102965,0.7831896,0.42465386
498,ot,0.87070173,0.9156417,0.32398987
499,ot,1.0227972,0.8218072,0.40992528
500,ot,0.9156664,0.82752717,0.3346666
501,ot,1.0882375,0.900681,0.41092184
502,ot,0.98748845,0.8114559,0.5047542
503,ot,0.98432857,0.7669034,0.4778146
504,ot,0.9951122,1.1731937,0.27594385
505,ot,0.8902468,0.82983845,0.37399724
506,ot,0.91997147,0.8191519,0.44250974
507,ot,0.99612486,0.92168134,0.4533052
508,ot,0.89300644,0.963988,0.392976
509,ot,0.9840242,0.7769727,0.39208165
510,ot,1.0532687,0.89621305,0.44665363
511,ot,0.9814665,0.7641663,0.467356
512,ot,0.83620775,1.0319113,0.2746751
513,ot,1.0603616,0.8829349,0.3214106
514,ot,1.0366111,0.94853747,0.32181522
515,ot,0.9659725,0.8174996,0.43657765
516,ot,0.8520782,0.83692604,0.45399788
517,ot,0.8162463,0.7829772,0.5169473
518,ot,1.0379056,0.8320951,0.39277607
519,ot,0.8828008,0.880937,0.447482
520,ot,0.95800817,0.86816216,0.38469696
521,ot,1.2799488,0.8573118,0.40256977
522,ot,1.0788525,0.9001632,0.49837887
523,ot,1.0066462,0.9889156,0.3187232
524,ot,0.86048,0.93087643,0.31332123
525,ot,1.107371,0.87986094,0.39845404
526,ot,1.0146285,0.8046608,0.4262314
527,ot,1.025972,0.7525301,0.3554477
528,ot,0.8824976,0.843871,0.44918007
529,ot,0.87766016,0.84660274,0.4132765
530,ot,0.9565722,0.8334699,0.3812744
531,ot,1.0336537,0.88542336,0.5267866
532,ot,0.8609607,0.75835943,0.42525873
533,ot,1.0301516,0.9128936,0.443458
534,ot,0.97213787,0.8595608,0.4053087
535,ot,1.0291433,0.7902478,0.44406557
536,ot,0.9052048,0.79410267,0.4404689
537,ot,0.87056553,0.9704654,0.38388366
538,ot,0.81382006,0.98004675,0.2784119
539,ot,0.9429928,0.9692851,0.39989474
540,ot,1.0090448,0.7741651,0.4864542
541,ot,0.9130216,0.80409396,0.38016015
542,ot,0.97073674,0.9496865,0.4978718
543,ot,0.8143617,0.77336645,0.4991634
544,ot,1.0178809,0.81148106,0.3554436
545,ot,0.79314244,0.7363715,0.39229685
546,ot,0.8236551,0.76694345,0.41864082
547,ot,0.88857514,0.94274956,0.37852463
548,ot,1.1743165,0.8757241,0.5755312
549,ot,0.828131,0.8297647,0.4552162
550,ot,1.0486218,0.8568397,0.46143162
551,ot,1.0133791,1.0027353,0.43812072
552,ot,0.8393691,0.88446677,0.35844284
553,ot,0.907588,0.8347406,0.35199055
554,ot,0.8575986,0.7563868,0.48061886
555,ot,0.8610813,0.8767115,0.4973922
556,ot,0.95629025,0.9323916,0.39735362
557,ot,0.90128046,0.85021096,0.5426261
558,ot,1.1493275,0.8649037,0.4284079
559,ot,0.9380887,0.80761695,0.40091205
560,ot,0.7778523,0.8202822,0.44941634
561,ot,0.8475133,0.77494353,0.46289405
562,ot,0.8406009,0.8552114,0.50584435
563,ot,0.947158,0.8717634,0.49575093
564,ot,0.80424786,0.8535399,0.43502942
565,ot,1.0175947,0.7161231,0.44116166
566,ot,0.9746035,0.8947718,0.4191872
567,ot,0.9452062,0.9554758,0.3500452
568,ot,1.1023393,1.0943458,0.37913874
569,ot,0.88864166,0.8767185,0.37402537
570,ot,0.9295192,0.8595601,0.44475833
571,ot,0.96730363,0.77678674,0.38079768
572,ot,1.0946108,0.9948139,0.3952456
573,ot,0.9372837,0.91491055,0.4408984
574,ot,0.876087,0.87332,0.3841512
575,ot,0.9478307,0.82991797,0.5164163
576,ot,0.9776148,0.9013273,0.47646585
577,ot,1.0154431,0.6948696,0.37524843
578,ot,0.78660566,0.7882807,0.40626115
579,ot,0.8665462,0.7563782,0.38078752
580,ot,0.80960935,0.7850461,0.44875175
581,ot,0.9499516,0.750008,0.35793138
582,ot,0.8449559,0.85945785,0.40886998
583,ot,0.8557083,1.0623155,0.25933877
584,ot,1.0531127,0.7706433,0.45868304
585,ot,0.92268085,0.95703906,0.5026541
586,ot,1.009029,0.895018,0.52093065
587,ot,0.9297169,0.8801047,0.34647724
588,ot,0.97160417,0.82634175,0.4699157
589,ot,0.94340384,0.814318,0.5210077
590,ot,1.0796379,0.8233999,0.41295946
591,ot,0.86440593,0.8579436,0.49584413
592,ot,1.0512184,0.8941558,0.51666224
593,ot,0.84544724,0.9850153,0.40147486
594,ot,0.8850543,0.90894365,0.36503968
595,ot,1.0759342,1.0206848,0.3351764
596,ot,1.0353425,0.8713858,0.37090948
597,ot,0.96983933,0.81987464,0.45577386
598,ot,0.9401496,0.8141442,0.31537563
599,ot,0.981247,0.776051,0.42732564
600,ot,0.9097939,0.83526427,0.47440135
601,ot,1.066498,0.7208842,0.38531706
602,ot,0.97411865,0.7813624,0.4055735
603,ot,0.89234,0.95022804,0.302105
604,ot,0.987192,0.8075144,0.39156097
605,ot,1.0857211,0.9355977,0.42369324
606,ot,0.7592243,0.80916715,0.30751467
607,ot,1.0344076,0.8102555,0.3545992
608,ot,1.0425622,0.94392586,0.55214113
609,ot,0.9424834,0.8946388,0.47208565
610,ot,0.7706475,0.9249964,0.44600812
611,ot,0.92651707,0.80053586,0.4125151
612,ot,0.909129,0.82713383,0.44141582
613,ot,0.93971074,0.7954553,0.42745745
614,ot,0.84464276,0.9161684,0.44461983
615,ot,0.9362061,0.8138469,0.45170856
616,ot,0.8105833,0.84354156,0.4654974
617,ot,0.79983646,0.8878315,0.35510865
618,ot,0.8629931,0.8053206,0.35906458
619,ot,0.9892469,0.7433383,0.4490077
620,ot,0.8931934,0.82769644,0.40580547
621,ot,0.9851815,0.8092085,0.46940655
622,ot,0.9707426,0.96890986,0.5548776
623,ot,0.9953641,0.8111744,0.39840668
624,ot,1.0298786,0.74724764,0.4416879
625,ot,0.88818556,0.8973346,0.3114599
626,ot,0.9678436,0.82236046,0.3321509
627,ot,0.95195,0.82937735,0.3837805
628,ot,1.0290595,0.9140668,0.500492
629,ot,0.9614828,0.8731439,0.52870226
630,ot,0.9198388,0.8389478,0.43433407
631,ot,1.1144694,1.0110978,0.6509641
632,ot,0.90715903,0.74256444,0.4383382
633,ot,0.87926435,0.79132026,0.37577432
634,ot,0.7471324,0.8400597,0.37841246
635,ot,0.880526,0.8840558,0.37350887
636,ot,0.8826724,0.8746269,0.4056428
637,ot,0.9667995,0.9651555,0.38213855
638,ot,1.1307436,0.854454,0.38406217
639,ot,0.878876,0.74871504,0.44787505
640,ot,1.0573758,0.83151144,0.41909206
641,ot,0.8303312,0.87365425,0.48550177
642,ot,0.9251123,0.843106,0.3834345
643,ot,1.0284548,0.84676635,0.4341795
644,ot,0.9965298,0.95377755,0.5732716
645,ot,0.9088692,0.8066871,0.44781306
646,ot,0.69515777,0.9047869,0.37397936
647,ot,0.86566293,0.79705024,0.39813536
648,ot,0.992437,0.78718734,0.45372242
649,ot,1.2189854,1.0046606,0.35701263
650,ot,1.0128709,0.9473634,0.3200005
651,ot,0.86696196,0.7682298,0.36959627
652,ot,1.0483072,0.78204817,0.46130863
653,ot,1.0767176,0.80911624,0.42934763
654,ot,1.3454276,0.8801339,0.47104663
655,ot,0.8724325,0.7752471,0.43513387
656,ot,0.9403383,0.87444484,0.5037583
657,ot,0.9514893,0.7664878,0.39384186
658,ot,0.9980692,0.7118119,0.43184155
659,ot,0.8364845,0.81182444,0.45094603
660,ot,0.93374306,0.8470103,0.42494756
661,ot,0.86849433,0.7864669,0.49057907
662,ot,0.98036104,0.8089193,0.40299228
663,ot,0.94303626,0.8447144,0.3790517
664,ot,0.96316165,0.8613457,0.43737954
665,ot,0.9513322,0.8741201,0.4724476
666,ot,1.0537933,0.88835853,0.34834757
667,ot,0.98742723,0.8453081,0.4265953
668,ot,0.90014213,0.9023807,0.2936483
669,ot,1.0004333,1.0379319,0.31511253
670,ot,0.8658639,0.89990014,0.35553584
671,ot,0.96710765,0.9350625,0.46566558
672,ot,1.094851,0.83552873,0.45910525
673,ot,1.0921179,0.8254736,0.4320325
674,ot,0.91756994,0.98897916,0.4309517
675,ot,1.0063796,0.9424346,0.47899196
676,ot,1.0347233,0.7645614,0.45586255
677,ot,0.84195197,0.7811083,0.45174658
678,ot,0.9665922,0.8496656,0.44649032
679,ot,0.87752885,0.79084396,0.39972267
680,ot,0.9259662,0.92620814,0.46250683
681,ot,0.8134088,0.87680554,0.40644658
682,ot,0.9690198,0.83264226,0.39127338
683,ot,0.95303863,0.86810297,0.6114641
684,ot,1.032867,1.1660688,0.2084658
685,ot,1.0333989,0.8613195,0.37317607
686,ot,1.0264361,1.0881182,0.35108563
687,ot,0.8656128,0.9660604,0.35463202
688,ot,0.9324815,0.8140037,0.40128997
689,ot,0.9558142,0.80665445,0.42970547
690,ot,1.0176725,0.86792225,0.40687275
691,ot,1.1061504,0.86965984,0.43593198
692,ot,1.0382407,0.79211044,0.44107896
693,ot,0.8964387,0.7581811,0.31334192
694,ot,1.026744,0.8599774,0.5094844
695,ot,0.8026211,0.90479636,0.37070432
696,ot,0.9374262,0.74262446,0.45368478
697,ot,0.9259377,0.8609842,0.38803077
698,ot,0.8342044,0.79452306,0.42723778
699,ot,0.9860005,1.0274795,0.37972438
700,ot,0.95175415,0.8280207,0.4609432
701,ot,0.9347554,0.8953715,0.47086066
702,ot,0.9954493,0.79537654,0.3664055
703,ot,1.0090353,0.8671572,0.3780872
704,ot,1.0065738,0.92328537,0.41661727
705,ot,0.8966181,1.0296569,0.33283803
706,ot,1.0500351,0.83410376,0.3751704
707,ot,0.85571223,0.7489442,0.46780974
708,ot,0.9001214,1.1977321,0.28882715
709,ot,0.892117,0.9706457,0.3844806
710,ot,0.85173875,0.7658338,0.45617297
711,ot,1.0609052,0.9819908,0.3394138
712,ot,0.893398,0.9524405,0.37130216
713,ot,0.8141694,0.8499319,0.3851274
714,ot,0.9404011,0.80743724,0.49841088
715,ot,0.8958411,0.9225239,0.48928735
716,ot,0.8709169,0.8225644,0.4977681
717,ot,1.0361553,0.7589229,0.44189653
718,ot,0.8706349,0.9033676,0.31594023
719,ot,1.0058599,1.352292,0.2425323
720,ot,0.94677836,0.8852991,0.5085071
721,ot,1.114997,0.87690455,0.38564783
722,ot,0.97506064,0.78440225,0.44455147
723,ot,0.87591696,1.0506955,0.3879896
724,ot,1.127797,0.86731786,0.4491024
725,ot,0.99976784,0.8191271,0.49281505
726,ot,1.0520923,0.8435709,0.4685911
727,ot,0.90361553,0.9991094,0.32862926
728,ot,0.9081705,0.8359741,0.47628647
729,ot,0.9097279,0.80697215,0.5124513
730,ot,0.85841966,1.2053992,0.3173036
731,ot,1.1547506,0.9467829,0.41901675
732,ot,1.1352141,0.9433835,0.39454156
733,ot,0.9583863,0.7623459,0.39616507
734,ot,0.8714801,0.8620058,0.38334292
735,ot,1.0360205,0.9337488,0.49710006
736,ot,0.9829124,0.8998842,0.40383944
737,ot,1.3871588,0.912133,0.39522073
738,ot,0.85199845,0.74788547,0.42751884
739,ot,1.0799901,0.86967045,0.38020733
740,ot,0.93217427,0.8410488,0.38513228
741,ot,1.0316527,0.77163625,0.4241287
742,ot,1.1423551,1.0517511,0.4603963
743,ot,0.9871786,0.9157405,0.39230114
744,ot,1.1190718,0.94542134,0.37418395
745,ot,0.8875362,0.85360473,0.3475499
746,ot,0.90927565,0.9194414,0.37239698
747,ot,1.0698625,0.86327964,0.47944763
748,ot,1.0612319,0.8821643,0.46210077
749,ot,1.0239406,0.921264,0.548773
750,ot,0.9406476,0.85071003,0.36683577
751,ot,0.8288447,0.818811,0.39536804
752,ot,0.96369314,0.8775296,0.36885688
753,ot,0.8432504,0.81463987,0.532696
754,ot,1.0095078,0.85748696,0.36779943
755,ot,0.9989313,0.7588358,0.35798332
756,ot,0.9790742,0.7602399,0.4804055
757,ot,1.0527211,0.8735272,0.5067615
758,ot,0.9617826,0.83561957,0.47385693
759,ot,0.83520937,0.7563024,0.4508974
760,ot,1.0510536,1.0087804,0.27663243
761,ot,0.9252407,0.8206194,0.4064826
762,ot,0.8114635,0.84974855,0.25711122
763,ot,1.0513697,0.7560433,0.4172337
764,ot,1.1115369,1.2011757,0.21590151
765,ot,0.83137006,0.8325222,0.465922
766,ot,0.85306627,0.89126766,0.39263153
767,ot,1.1004305,0.9161928,0.3972146
768,ot,1.1292441,0.9155637,0.446865
769,ot,0.74580747,0.73988336,0.38333398
770,ot,0.8233961,0.8716126,0.41308415
771,ot,0.91155857,0.83279955,0.41023055
772,ot,0.9426384,0.9071817,0.5327709
773,ot,1.161639,0.8336049,0.49182335
774,ot,0.860001,0.85153395,0.3068373
775,ot,0.93610245,1.1781315,0.2224099
776,ot,0.9262811,0.91487116,0.41364172
777,ot,1.0906075,0.85829467,0.5049022
778,ot,0.928668,0.7894072,0.46282616
779,ot,0.6998069,0.80304325,0.5668336
780,ot,0.96153116,0.8927975,0.38696525
781,ot,0.7836417,0.9056302,0.34906077
782,ot,0.80705225,0.8570557,0.5265599
783,ot,0.9895078,0.9536905,0.44784522
784,ot,1.0511003,0.88946587,0.42504054
785,ot,1.1610988,0.8521392,0.39246675
786,ot,1.1380149,1.1363081,0.28818744
787,ot,0.89611787,0.8675989,0.43906376
788,ot,0.9985266,0.8749183,0.35237786
789,ot,1.0495784,0.90930766,0.41778752
790,ot,0.9817363,0.86174154,0.38149142
791,ot,0.9427528,0.78310186,0.36780733
792,ot,0.7857688,0.8427111,0.3703343
793,ot,0.92012495,0.9886536,0.36066553
794,ot,0.8479181,0.8399012,0.4505217
795,ot,0.95424813,0.86726725,0.47638056
796,ot,0.9405082,1.0561944,0.43272996
797,ot,1.0022464,0.9300906,0.4917124
798,ot,1.0652694,0.81348246,0.42407537
799,ot,0.9596453,0.8371809,0.43877023
800,ot,1.0558468,0.8546216,0.42170176
801,ot,0.89765346,0.9516988,0.33137926
802,ot,0.91039544,0.9847726,0.41298556
803,ot,1.0544276,0.7770115,0.42898715
804,ot,0.8048142,0.95652044,0.4274349
805,ot,0.96849126,0.74882007,0.36184496
806,ot,0.8995365,0.85901916,0.44672704
807,ot,0.94453996,0.875116,0.43916896
808,ot,1.01714,0.7984346,0.52890545
809,ot,0.8581822,0.9216243,0.38664153
810,ot,0.87785035,0.8674657,0.58006746
811,ot,0.9590651,0.723668,0.46684217
812,ot,0.94062763,0.7994406,0.37737334
813,ot,0.9035794,0.8436217,0.3991656
814,ot,0.98844075,0.8522108,0.4203827
815,ot,0.9155749,0.82067174,0.46908095
816,ot,0.76087904,0.7323717,0.48861995
817,ot,1.148548,0.84747684,0.44575953
818,ot,0.8649541,0.79468733,0.4113388
819,ot,0.93189394,0.8201981,0.5091423
820,ot,0.8733159,0.8877792,0.4045557
821,ot,0.9567755,0.9207545,0.28057837
822,ot,0.88194156,0.9378279,0.34417677
823,ot,0.9131321,0.8174699,0.43567833
824,ot,0.99153745,0.8072057,0.46053013
825,ot,0.85351807,0.8780178,0.38503346
826,ot,1.0399643,0.87928903,0.30880466
827,ot,0.9002682,0.91591316,0.38014004
828,ot,1.1582891,1.0166105,0.30321422
829,ot,0.8725909,0.8457041,0.5049384
830,ot,0.9129607,0.9497405,0.37446404
831,ot,0.9424967,0.8422634,0.4636855
832,ot,0.8736153,0.80950415,0.56923676
833,ot,0.9743817,0.8623754,0.42532435
834,ot,1.0012803,1.1037072,0.48640734
835,ot,1.0165596,0.9181839,0.37893745
836,ot,0.9199074,1.0060838,0.31144333
837,ot,0.8781499,0.85765684,0.42506635
838,ot,1.0005884,0.9300068,0.30237278
839,ot,0.93770534,0.87879914,0.43447748
840,ot,1.1042653,0.9726348,0.48870826
841,ot,0.8888179,0.87673503,0.37750554
842,ot,0.9635124,0.93651897,0.41368484
843,ot,0.8718582,0.85037416,0.39628562
844,ot,1.0872701,0.8583021,0.52527523
845,ot,0.95737445,0.97674376,0.42775965
846,ot,0.8660297,0.8798485,0.3855388
847,ot,0.96851015,0.8055474,0.4177356
848,ot,0.88171804,0.77441365,0.4009037
849,ot,0.96948,0.9114595,0.3164887
850,ot,1.1544598,0.77508026,0.43044564
851,ot,0.8443847,0.8161529,0.3851735
852,ot,0.84817857,0.76387984,0.30580643
853,ot,0.932197,1.0315864,0.3800499
854,ot,0.92598855,0.8469423,0.42943588
855,ot,0.8896558,0.8616102,0.5335136
856,ot,0.9046932,1.0132408,0.3803939
857,ot,1.087558,0.836547,0.39396474
858,ot,0.9323341,0.8368891,0.38588965
859,ot,1.3082998,0.79548883,0.46104097
860,ot,1.016983,0.8124348,0.4846173
861,ot,0.94533455,0.83082354,0.45935026
862,ot,0.9474124,0.88218725,0.4412874
863,ot,0.98940444,0.8734035,0.488201
864,ot,0.85219973,0.81213295,0.4157451
865,ot,0.91731834,0.8339309,0.46788922
866,ot,0.77937734,0.82729506,0.40402275
867,ot,0.99286485,0.9565187,0.38168222
868,ot,0.8205312,0.82698226,0.528546
869,ot,0.91666615,0.8775665,0.4333243
870,ot,1.0260322,0.95357484,0.32569838
871,ot,1.1512475,0.9128356,0.3997911
872,ot,0.8266115,1.0487939,0.30302268
873,ot,1.0299965,0.7496595,0.5216812
874,ot,0.987818,0.8668253,0.4534964
875,ot,0.90755737,0.7965229,0.37488875
876,ot,0.9495142,0.9605005,0.47107464
877,ot,0.98479474,0.99867696,0.31953856
878,ot,0.873195,0.9239295,0.44015703
879,ot,1.0257694,0.80435294,0.43353865
880,ot,1.1067057,0.85116094,0.37625104
881,ot,0.87523794,0.9033845,0.46362478
882,ot,1.0231919,0.8098602,0.47128356
883,ot,1.0541883,0.814096,0.45115447
884,ot,0.863011,0.8807406,0.43021184
885,ot,0.8715302,0.81908023,0.42134273
886,ot,0.84098023,0.71790856,0.40277243
887,ot,1.0571216,0.8983467,0.32410383
888,ot,1.0806396,0.7526376,0.4610635
889,ot,1.0266199,0.83689785,0.53146785
890,ot,1.077442,0.8664279,0.42410344
891,ot,0.9981485,0.8916868,0.48189038
892,ot,1.104653,0.8361333,0.42018095
893,ot,0.782711,0.7245428,0.40235102
894,ot,0.8521229,0.84429836,0.47252023
895,ot,0.9422343,0.947047,0.47542253
896,ot,0.9351218,0.9341908,0.43227524
897,ot,0.78098077,0.82815206,0.3340069
898,ot,0.8367218,0.9464418,0.46231598
899,ot,0.88150203,0.74191874,0.36031935
900,ot,0.86432827,0.8007965,0.35378432
901,ot,0.87990606,0.87357724,0.42278206
902,ot,0.91384965,0.9851998,0.5094783
903,ot,0.9018666,0.83596575,0.385944
904,ot,0.9892583,0.7775109,0.42689174
905,ot,0.9968727,0.8640659,0.35363638
906,ot,0.96498126,0.9098374,0.3916697
907,ot,0.9204229,0.98833627,0.30488858
908,ot,0.94238484,0.8235458,0.46397316
909,ot,0.9927914,0.7853331,0.47531173
910,ot,0.67529863,0.9309002,0.35314542
911,ot,0.7808023,0.9747624,0.3783609
912,ot,1.0278475,0.8782424,0.40556407
913,ot,0.91024476,0.87392914,0.45648155
914,ot,0.86459285,0.9231952,0.26356387
915,ot,1.0255872,0.78944546,0.33783412
916,ot,0.9988682,0.77146155,0.41188103
917,ot,0.8859726,0.7822037,0.43187594
918,ot,1.0948457,0.767656,0.464787
919,ot,0.81415766,0.86346847,0.42616758
920,ot,1.0533041,0.85539347,0.42213178
921,ot,0.89081776,0.9470895,0.38648197
922,ot,0.83430046,0.82055247,0.45096108
923,ot,1.016598,0.8897692,0.43486458
924,ot,1.0369934,0.8172956,0.331869
925,ot,1.0029173,0.90849626,0.44139087
926,ot,0.9464628,0.826404,0.42456332
927,ot,0.8539314,0.807639,0.45425847
928,ot,1.0823318,0.9059922,0.34119743
929,ot,0.88594246,0.821269,0.43925387
930,ot,0.9930783,0.85358435,0.35645965
931,ot,0.9480644,0.8566493,0.43408826
932,ot,0.85186625,0.74617696,0.49151385
933,ot,0.8758593,0.8442114,0.51799315
934,ot,0.90320283,0.81650007,0.3957854
935,ot,0.77873,0.9384469,0.30392888
936,ot,0.91607714,0.8415891,0.3905517
937,ot,0.9007624,0.8403315,0.3376826
938,ot,0.88022184,0.81874436,0.43965372
939,ot,0.7827047,0.812755,0.40670586
940,ot,1.1573783,0.88906777,0.29090855
941,ot,0.95008755,0.7594117,0.40453762
942,ot,0.95127,0.8420521,0.37879324
943,ot,0.8684421,0.77552915,0.4155044
944,ot,0.9380153,0.7651,0.40904307
945,ot,0.8885383,0.7956058,0.4854345
946,ot,0.89250755,0.8580455,0.36040992
947,ot,0.9093515,0.92227316,0.42070076
948,ot,0.8807177,0.89094824,0.4145067
949,ot,0.8419348,0.926854,0.3056071
950,ot,0.7377561,0.8175796,0.47711292
951,ot,0.982083,0.9215787,0.48115158
952,ot,0.81550485,0.8176677,0.3904039
953,ot,0.9427443,0.8580489,0.45571092
954,ot,0.8845332,0.83023417,0.50842077
955,ot,0.88549036,0.8334844,0.49242052
956,ot,0.9447982,0.8559169,0.50178725
957,ot,0.8897977,0.8863732,0.32170826
958,ot,1.0222355,0.737168,0.4153744
959,ot,0.8592393,0.75592875,0.46506858
960,ot,1.3879265,0.8459404,0.33207488
961,ot,1.0965316,0.98121446,0.31956953
962,ot,1.1100935,0.8800431,0.4007979
963,ot,0.9364329,0.96995133,0.29785076
964,ot,0.89603776,0.95904016,0.22288093
965,ot,0.9039036,0.76761997,0.4464572
966,ot,1.1108712,0.98492724,0.41367772
967,ot,0.91726565,0.9133977,0.43976262
968,ot,1.0230085,0.877092,0.5048999
969,ot,0.84870565,0.97235286,0.3556832
970,ot,0.8659436,0.91898763,0.42390296
971,ot,0.91460955,0.76637775,0.43184087
972,ot,0.7879753,0.8096829,0.33593783
973,ot,0.82518196,0.8773326,0.3531015
974,ot,1.0100756,0.8357561,0.5442562
975,ot,0.7836234,0.81347364,0.39832947
976,ot,0.9274103,0.7781088,0.47642908
977,ot,0.9466314,0.8372249,0.37305763
978,ot,0.9295106,0.7613305,0.45737454
979,ot,1.0844232,0.8725072,0.5469373
980,ot,0.97219473,0.88286185,0.34513125
981,ot,0.96102357,0.8043555,0.5067328
982,ot,1.0123087,0.771392,0.46898285
983,ot,0.7937509,0.8680603,0.46049857
984,ot,0.93876344,0.839345,0.44575274
985,ot,0.9432771,0.76578,0.46535486
986,ot,0.9919254,1.0390714,0.2669243
987,ot,0.85093564,0.79439884,0.39707258
988,ot,0.8281899,0.8283845,0.41787454
989,ot,1.1068158,0.9042122,0.39900592
990,ot,0.94261056,0.7835079,0.4678564
991,ot,1.1234504,0.82633257,0.4636561
992,ot,0.9303694,0.77260524,0.46279746
993,ot,0.89376336,0.8670102,0.46715048
994,ot,1.1201358,0.8876914,0.40789068
995,ot,0.8686493,0.8191346,0.47688472
996,ot,0.9502845,0.76387453,0.42677426
997,ot,1.0135875,0.9139478,0.2822281
998,ot,0.9268645,0.86172056,0.43738338
999,ot,0.90738827,0.8157254,0.48723462
0,ot_sym,0.943844,0.90044856,0.48068672
1,ot_sym,0.8825738,0.73627573,0.5269862
2,ot_sym,0.9043825,0.8101484,0.4779777
3,ot_sym,1.0135053,0.9108142,0.43000352
4,ot_sym,0.9244945,0.8378476,0.51292956
5,ot_sym,0.89190495,0.89695936,0.422704
6,ot_sym,0.83234024,0.8907675,0.48473886
7,ot_sym,0.9023914,0.8995104,0.5684859
8,ot_sym,0.9146065,0.8359421,0.5182705
9,ot_sym,1.1180786,0.9102823,0.3882354
10,ot_sym,1.0437834,0.83441836,0.42521587
11,ot_sym,1.1312245,0.86057943,0.47157034
12,ot_sym,0.8990579,0.8952793,0.6462903
13,ot_sym,0.85063136,0.8503547,0.43876442
14,ot_sym,1.0658394,0.87574947,0.5587153
15,ot_sym,0.96240294,0.764564,0.40710354
16,ot_sym,0.9265173,0.89383477,0.41532138
17,ot_sym,0.90114075,0.8453621,0.48437276
18,ot_sym,1.0182153,1.0021197,0.39866945
19,ot_sym,0.9902664,0.7672057,0.5457507
20,ot_sym,1.0538697,0.8415592,0.47914413
21,ot_sym,0.8569505,1.0544962,0.5484137
22,ot_sym,0.98934966,0.8879302,0.51262426
23,ot_sym,0.87786734,0.8955331,0.37005463
24,ot_sym,0.98798114,0.9605032,0.471148
25,ot_sym,1.1937332,0.8005584,0.4833715
26,ot_sym,0.9669929,0.83705175,0.55242914
27,ot_sym,0.9009026,0.93740034,0.4248084
28,ot_sym,0.8948144,0.764264,0.47453174
29,ot_sym,1.0383099,0.81364393,0.4548944
30,ot_sym,1.229394,0.8789249,0.583894
31,ot_sym,0.90096736,0.84537613,0.37769973
32,ot_sym,0.91504854,0.9110984,0.46571022
33,ot_sym,0.88701457,0.8584182,0.52798384
34,ot_sym,1.004575,0.7708204,0.42967525
35,ot_sym,1.1632844,0.8640595,0.3838146
36,ot_sym,0.86879593,0.898798,0.5202344
37,ot_sym,0.8861881,0.8756914,0.5803522
38,ot_sym,0.82517207,0.9957871,0.5652034
39,ot_sym,0.7179947,0.8456487,0.59129804
40,ot_sym,0.94362605,0.87994903,0.49766657
41,ot_sym,0.9843998,0.92783314,0.602651
42,ot_sym,0.9563964,0.7965203,0.4826904
43,ot_sym,0.73329777,0.79731494,0.49596277
44,ot_sym,1.05917,0.76122206,0.50882494
45,ot_sym,1.1068382,0.85462046,0.44673514
46,ot_sym,1.010441,0.8015857,0.4432556
47,ot_sym,0.9963098,0.9704771,0.49851352
48,ot_sym,0.79048747,0.7210781,0.5022002
49,ot_sym,0.984959,0.816776,0.47333902
50,ot_sym,0.9170846,0.7918856,0.47944427
51,ot_sym,0.89065236,0.8491964,0.5740746
52,ot_sym,0.89881074,0.81708676,0.46655077
53,ot_sym,0.95661783,0.9279184,0.4159714
54,ot_sym,1.1148789,0.92320716,0.57515955
55,ot_sym,0.94519764,0.8508337,0.5322828
56,ot_sym,0.7306115,0.8102443,0.52425635
57,ot_sym,0.7786636,0.7557108,0.507921
58,ot_sym,0.9685397,0.8176537,0.5630676
59,ot_sym,0.9735948,0.8199296,0.5034573
60,ot_sym,0.916921,0.87991244,0.4158592
61,ot_sym,0.9431357,0.82294786,0.5441764
62,ot_sym,0.9010317,0.9757044,0.4808485
63,ot_sym,0.85595477,0.88614583,0.38582924
64,ot_sym,0.9177446,0.7976395,0.51682156
65,ot_sym,1.1911409,0.8673667,0.46830496
66,ot_sym,1.0912833,0.8866078,0.5508723
67,ot_sym,0.853187,1.1030164,0.5126395
68,ot_sym,0.8988515,0.8655889,0.43523797
69,ot_sym,1.0383502,0.95820504,0.6678064
70,ot_sym,0.9509785,0.84192747,0.54122096
71,ot_sym,0.91121215,0.9238509,0.48052898
72,ot_sym,0.99791217,0.83881927,0.50821096
73,ot_sym,0.885383,0.89417213,0.5024446
74,ot_sym,0.96475816,0.95784414,0.37143672
75,ot_sym,0.9825408,0.88065535,0.43442813
76,ot_sym,1.0460281,0.883837,0.54591924
77,ot_sym,0.90358084,1.0591434,0.31219053
78,ot_sym,0.89049613,0.81429774,0.63048446
79,ot_sym,1.0181646,0.96735275,0.6116252
80,ot_sym,0.9485436,0.97260666,0.38187802
81,ot_sym,1.0742292,0.84318197,0.3756337
82,ot_sym,1.1036851,0.8433966,0.5297839
83,ot_sym,0.950498,0.8810851,0.52124757
84,ot_sym,0.99586797,0.8334897,0.5987548
85,ot_sym,0.83582044,0.82487875,0.5294742
86,ot_sym,0.8646656,0.8773148,0.5127131
87,ot_sym,1.0367666,0.8914452,0.4352523
88,ot_sym,0.9549797,0.799146,0.4356489
89,ot_sym,0.9206175,0.84882,0.5659995
90,ot_sym,1.0172079,0.91509736,0.43725067
91,ot_sym,1.0935032,0.828585,0.5838392
92,ot_sym,0.9955298,0.8733928,0.53087384
93,ot_sym,0.78876454,0.8044434,0.546366
94,ot_sym,0.8694565,0.92354286,0.44837916
95,ot_sym,0.9185277,0.84261537,0.5914319
96,ot_sym,1.059654,0.9359142,0.61059934
97,ot_sym,1.094637,0.8840907,0.4987436
98,ot_sym,0.9590632,0.8423585,0.57146996
99,ot_sym,1.2546221,0.9206467,0.4561722
100,ot_sym,1.0319223,0.8732998,0.5328984
101,ot_sym,1.0056789,0.8207864,0.5000371
102,ot_sym,0.95647085,0.7556856,0.42148238
103,ot_sym,1.1669129,0.890455,0.42026296
104,ot_sym,1.0372428,0.832224,0.4721394
105,ot_sym,1.0284362,0.7538159,0.5048366
106,ot_sym,0.9095593,0.8613457,0.42942274
107,ot_sym,0.89064634,0.9001045,0.41876715
108,ot_sym,0.75944835,0.8667757,0.43395996
109,ot_sym,0.79367715,0.8020577,0.5960506
110,ot_sym,0.8547028,0.81474364,0.50322855
111,ot_sym,0.9127082,0.9333388,0.66307914
112,ot_sym,1.0054111,1.0005109,0.42613512
113,ot_sym,0.8160609,0.8748278,0.49315223
114,ot_sym,0.987272,0.87281084,0.5810979
115,ot_sym,1.1711524,0.96768,0.6650056
116,ot_sym,0.85879457,0.8637481,0.41563684
117,ot_sym,0.8660078,0.8191557,0.5350316
118,ot_sym,0.86740106,0.79570997,0.4879257
119,ot_sym,0.8624153,0.80100214,0.48044312
120,ot_sym,1.0206323,0.78011686,0.48635167
121,ot_sym,1.0270343,0.83126104,0.5740231
122,ot_sym,0.96920186,0.8757468,0.5601079
123,ot_sym,1.1652614,0.84478396,0.45172045
124,ot_sym,0.897385,0.7514328,0.4974547
125,ot_sym,0.99218017,0.9190751,0.45507556
126,ot_sym,0.82721794,0.88418174,0.43913284
127,ot_sym,0.80497485,0.6977009,0.54635334
128,ot_sym,1.0465429,0.86794066,0.48201185
129,ot_sym,0.9650653,0.8902012,0.48637998
130,ot_sym,0.9046695,0.95999277,0.438692
131,ot_sym,1.0532908,0.88485247,0.525516
132,ot_sym,1.1196548,0.79045975,0.3955297
133,ot_sym,1.2466245,1.0121783,0.4893881
134,ot_sym,0.97324884,0.8656163,0.4368754
135,ot_sym,1.0213982,0.790223,0.46707764
136,ot_sym,0.98448646,0.86688876,0.537382
137,ot_sym,0.85452515,0.8892469,0.39893273
138,ot_sym,1.0276821,0.86073595,0.4577053
139,ot_sym,0.9118996,0.90627843,0.48952886
140,ot_sym,0.9796336,0.97639275,0.5562045
141,ot_sym,0.9137976,0.9459199,0.59616506
142,ot_sym,0.9903561,1.1541586,0.28011918
143,ot_sym,0.9252067,0.98401576,0.36851236
144,ot_sym,0.8090546,0.8991741,0.43084103
145,ot_sym,0.98980546,0.9134864,0.40960175
146,ot_sym,0.98269486,1.0241874,0.44866896
147,ot_sym,0.93338233,0.8708528,0.45482653
148,ot_sym,1.0607805,0.86647624,0.4553255
149,ot_sym,0.97212875,1.2258362,0.41823158
150,ot_sym,1.0485587,0.9451714,0.5588149
151,ot_sym,1.0625279,0.8127894,0.47871888
152,ot_sym,0.88249475,0.9390501,0.51795334
153,ot_sym,0.96063554,0.9253377,0.58950484
154,ot_sym,0.9556186,0.9740387,0.38815248
155,ot_sym,0.7854457,0.88216746,0.50181216
156,ot_sym,1.0591972,0.83581734,0.5480775
157,ot_sym,1.143499,0.76078576,0.53064114
158,ot_sym,1.0107901,0.9466811,0.45446292
159,ot_sym,1.1077598,0.9391608,0.5043152
160,ot_sym,1.0705903,0.92067456,0.5945401
161,ot_sym,1.1030934,0.79655963,0.42887166
162,ot_sym,0.8521651,0.9649926,0.64331245
163,ot_sym,1.0225623,1.0532161,0.5464595
164,ot_sym,0.99211437,0.8192936,0.47498146
165,ot_sym,0.8166187,0.917077,0.4674289
166,ot_sym,0.9043555,0.7876501,0.4754807
167,ot_sym,0.9244007,0.80192125,0.52850235
168,ot_sym,0.9735578,0.7913735,0.54362136
169,ot_sym,0.98167074,0.8332151,0.50805026
170,ot_sym,0.9424712,0.900982,0.51009053
171,ot_sym,0.9298691,0.88021713,0.5076271
172,ot_sym,0.9835544,0.7929623,0.40025908
173,ot_sym,0.9619857,0.8785046,0.52775943
174,ot_sym,1.0999237,0.8858214,0.5211409
175,ot_sym,0.9820827,0.80086124,0.61474395
176,ot_sym,0.9454574,0.8727348,0.5738328
177,ot_sym,0.93305963,0.8691173,0.4057181
178,ot_sym,1.0187033,0.90613586,0.4731182
179,ot_sym,1.0206953,0.87753946,0.549334
180,ot_sym,1.0581399,0.99330884,0.5028599
181,ot_sym,0.9008531,0.903329,0.60783863
182,ot_sym,1.0777328,1.0451387,0.5919912
183,ot_sym,0.97005844,0.8622025,0.3905093
184,ot_sym,0.9479822,0.9320191,0.6016788
185,ot_sym,0.9256838,0.79065454,0.497595
186,ot_sym,0.8691413,0.86786693,0.5861348
187,ot_sym,1.0085995,1.0170282,0.5655067
188,ot_sym,1.1231017,1.007289,0.5230826
189,ot_sym,0.9166966,0.8475226,0.55293775
190,ot_sym,0.9542677,0.90457016,0.582403
191,ot_sym,0.7837837,0.9000139,0.53161114
192,ot_sym,1.0277027,0.93331206,0.58257884
193,ot_sym,0.89409214,0.8968136,0.47689316
194,ot_sym,0.9975262,0.96355784,0.34738076
195,ot_sym,0.8749624,0.8708807,0.54333776
196,ot_sym,0.9347621,0.7486616,0.51835483
197,ot_sym,0.8404388,0.7988868,0.40311453
198,ot_sym,1.0215797,0.79624313,0.5344333
199,ot_sym,0.8907593,0.87084216,0.5513011
200,ot_sym,1.0554634,1.0623672,0.6255612
201,ot_sym,1.038269,0.9074524,0.5608392
202,ot_sym,0.66580325,0.92952853,0.46567473
203,ot_sym,1.017866,0.9483212,0.56354785
204,ot_sym,0.99949926,0.8610282,0.37386018
205,ot_sym,1.1045116,0.9151188,0.6413771
206,ot_sym,0.8668306,0.7876529,0.49208164
207,ot_sym,0.84382325,0.8603984,0.5457387
208,ot_sym,1.0762373,0.83027023,0.5374081
209,ot_sym,0.8448362,0.9075473,0.46342754
210,ot_sym,0.9186554,0.8034547,0.46237767
211,ot_sym,0.9546427,0.88393104,0.54576534
212,ot_sym,1.0817362,0.96077335,0.569568
213,ot_sym,0.83591294,0.7798607,0.44534618
214,ot_sym,0.8972137,0.84491915,0.49034965
215,ot_sym,0.9029834,0.8709735,0.4403426
216,ot_sym,0.8712406,0.8004278,0.50233805
217,ot_sym,0.87343717,0.8640528,0.45784327
218,ot_sym,1.0843458,0.9486767,0.35793445
219,ot_sym,1.0275899,0.86875397,0.48037758
220,ot_sym,0.90973216,0.9717764,0.49157482
221,ot_sym,0.99443454,0.90860724,0.5244931
222,ot_sym,0.81248945,0.93548006,0.45018008
223,ot_sym,0.89501816,0.92856693,0.55923074
224,ot_sym,1.0000957,0.79545987,0.48010182
225,ot_sym,0.8412542,0.8716096,0.5580709
226,ot_sym,0.9343128,1.1663613,0.29505187
227,ot_sym,0.7461821,0.948506,0.6759219
228,ot_sym,0.98491544,0.8764704,0.45840654
229,ot_sym,0.98280984,0.9092856,0.5630569
230,ot_sym,1.0059047,0.8695208,0.45938215
231,ot_sym,0.7322106,0.8602753,0.51444036
232,ot_sym,0.9257727,0.8458246,0.5048731
233,ot_sym,0.8392413,0.8141625,0.47894025
234,ot_sym,0.9608239,0.82696986,0.5572378
235,ot_sym,1.020429,0.9185406,0.39872932
236,ot_sym,1.0260358,0.92965657,0.47817555
237,ot_sym,1.068823,0.9838898,0.49974424
238,ot_sym,0.98881537,0.88096344,0.4647878
239,ot_sym,1.016187,0.82895833,0.4969876
240,ot_sym,0.902473,0.95877945,0.39251512
241,ot_sym,0.90445644,1.0391991,0.48331317
242,ot_sym,0.94834864,1.0655439,0.6494637
243,ot_sym,0.930401,0.8112917,0.41891882
244,ot_sym,0.9851328,0.9132612,0.64184374
245,ot_sym,0.8704773,0.8683257,0.4623266
246,ot_sym,0.9373349,0.83549297,0.5897416
247,ot_sym,0.98283833,0.9693395,0.4244873
248,ot_sym,0.9663946,0.9546436,0.40127245
249,ot_sym,0.8906254,0.8590826,0.5475579
250,ot_sym,0.7562043,0.95593053,0.6157845
251,ot_sym,0.8645981,0.80881745,0.54179907
252,ot_sym,1.3339964,0.9180496,0.43423477
253,ot_sym,0.96901643,0.82445544,0.4411464
254,ot_sym,0.86588264,0.92092973,0.6754632
255,ot_sym,1.0331112,0.812215,0.5903084
256,ot_sym,1.0145504,0.8848748,0.40885288
257,ot_sym,1.010264,0.74974054,0.4588308
258,ot_sym,0.8726762,0.92176217,0.3778602
259,ot_sym,0.95063126,0.83775276,0.4756607
260,ot_sym,0.9395584,0.9252135,0.6798267
261,ot_sym,0.81084114,0.89436936,0.5476907
262,ot_sym,1.1194896,0.8717011,0.52826107
263,ot_sym,1.1492133,0.8793058,0.6498327
264,ot_sym,1.1067634,0.9214402,0.5469749
265,ot_sym,0.83383936,0.8758849,0.5746245
266,ot_sym,0.8201483,0.8413968,0.5037118
267,ot_sym,1.1055359,0.95212746,0.36231557
268,ot_sym,1.0814564,0.8741848,0.5720806
269,ot_sym,0.99903864,0.89064974,0.60604143
270,ot_sym,0.92968273,0.9098339,0.5444491
271,ot_sym,0.9662694,0.82541394,0.51246667
272,ot_sym,0.85876095,0.8786368,0.46898574
273,ot_sym,0.9570087,0.8710585,0.41502845
274,ot_sym,0.73621833,0.9445688,0.4798349
275,ot_sym,0.8485993,0.7995719,0.45919707
276,ot_sym,1.0266076,0.94151306,0.546167
277,ot_sym,1.0831555,1.0166492,0.4851096
278,ot_sym,0.9823594,0.8349687,0.5184789
279,ot_sym,0.8101556,0.7880461,0.5649947
280,ot_sym,0.98988944,0.88658726,0.40696472
281,ot_sym,1.0349151,0.9864152,0.46317604
282,ot_sym,0.9101002,0.9574776,0.48546946
283,ot_sym,0.94718224,0.9529463,0.37905934
284,ot_sym,0.9882575,0.80773485,0.5996968
285,ot_sym,1.058008,1.0120795,0.583783
286,ot_sym,0.989663,0.8427243,0.41506007
287,ot_sym,0.9412426,0.97515094,0.51260793
288,ot_sym,0.9376357,0.9105184,0.6148386
289,ot_sym,0.98124444,1.0036771,0.42869857
290,ot_sym,0.9928939,0.83322525,0.4692559
291,ot_sym,0.9666814,0.7570209,0.46292588
292,ot_sym,1.0256916,0.87081826,0.4032452
293,ot_sym,1.0299462,0.94730544,0.6045329
294,ot_sym,0.91633576,0.9149826,0.5437526
295,ot_sym,1.0911107,0.8873413,0.5576521
296,ot_sym,0.89041483,0.7812087,0.526242
297,ot_sym,0.86896074,0.80266196,0.52738094
298,ot_sym,1.0358285,1.0936422,0.39825726
299,ot_sym,0.86074907,0.8995412,0.43898293
300,ot_sym,0.9770367,0.8270446,0.45849344
301,ot_sym,0.9128314,0.85456324,0.5154659
302,ot_sym,1.033643,0.8775421,0.47815275
303,ot_sym,0.87052536,0.83333594,0.61517364
304,ot_sym,0.75805885,0.9850685,0.35473788
305,ot_sym,0.8073534,0.8638423,0.5228321
306,ot_sym,1.0736754,1.0988079,0.61266124
307,ot_sym,0.906544,0.74488765,0.43299052
308,ot_sym,1.0171924,0.78704005,0.5517084
309,ot_sym,0.96874726,0.77779573,0.4505269
310,ot_sym,0.96055675,0.7702814,0.5167339
311,ot_sym,0.96504444,0.90193284,0.5953434
312,ot_sym,0.9108601,0.88941145,0.4574849
313,ot_sym,0.99520516,0.98089725,0.4889056
314,ot_sym,0.8885612,0.9397903,0.62139016
315,ot_sym,1.0238843,0.85321784,0.5039352
316,ot_sym,0.771876,0.9603212,0.4257158
317,ot_sym,0.9857964,0.8191178,0.56567585
318,ot_sym,0.87085027,0.85563874,0.39821404
319,ot_sym,0.83061135,0.8672137,0.40291372
320,ot_sym,0.9539095,0.8071256,0.52564055
321,ot_sym,0.90857303,0.8944298,0.37222922
322,ot_sym,0.74580383,0.9404437,0.43214664
323,ot_sym,0.8680471,0.86648524,0.54667246
324,ot_sym,0.92170024,0.83777356,0.627047
325,ot_sym,0.9212651,0.8365276,0.43741855
326,ot_sym,0.925804,0.86590314,0.482458
327,ot_sym,1.047766,0.9079035,0.570458
328,ot_sym,1.0261626,0.751658,0.49408782
329,ot_sym,0.9655808,0.8767029,0.4765084
330,ot_sym,1.0017468,0.80330753,0.57971305
331,ot_sym,0.98595184,0.9193207,0.577845
332,ot_sym,1.1930364,0.9447475,0.34235767
333,ot_sym,0.94948924,0.8202145,0.4554797
334,ot_sym,1.08819,0.8374105,0.5021781
335,ot_sym,0.9494487,0.82383066,0.5523393
336,ot_sym,0.80278033,0.837908,0.5027507
337,ot_sym,0.96832037,0.82443833,0.533371
338,ot_sym,1.1103748,0.9337822,0.6480345
339,ot_sym,1.0155535,0.86182094,0.5051337
340,ot_sym,0.88186574,0.82948714,0.45914245
341,ot_sym,1.0118332,0.88915795,0.51335186
342,ot_sym,1.0216985,0.7747327,0.502224
343,ot_sym,0.92806166,0.80590796,0.45493662
344,ot_sym,1.0442541,0.98073727,0.49875572
345,ot_sym,1.0617713,0.8205409,0.4779592
346,ot_sym,0.88452834,0.8432726,0.52768916
347,ot_sym,0.96484727,0.8838534,0.5084968
348,ot_sym,0.87105536,0.84373146,0.5913327
349,ot_sym,0.9715385,0.87984365,0.4050688
350,ot_sym,0.7078716,0.8844876,0.6387325
351,ot_sym,0.9803875,0.8712161,0.4998977
352,ot_sym,0.88832057,0.8182124,0.5022849
353,ot_sym,0.9118029,0.9223657,0.44667402
354,ot_sym,0.918819,0.84872407,0.44183674
355,ot_sym,0.97275734,0.9623802,0.3906726
356,ot_sym,1.0140626,0.862454,0.50254625
357,ot_sym,1.0861272,0.82726234,0.42361188
358,ot_sym,0.973563,0.9550462,0.35588536
359,ot_sym,1.0501072,0.81836367,0.5077125
360,ot_sym,1.1297987,0.9478392,0.5448154
361,ot_sym,0.94862247,0.86345613,0.48434827
362,ot_sym,1.054342,0.85334367,0.47834828
363,ot_sym,0.85635096,0.93428695,0.4800362
364,ot_sym,1.0610187,0.92531246,0.41647914
365,ot_sym,0.68805885,0.89292204,0.44959497
366,ot_sym,0.93777305,0.8482709,0.44907504
367,ot_sym,1.0155795,0.7668258,0.44089288
368,ot_sym,1.02383,0.96237105,0.4075843
369,ot_sym,0.91264486,0.89109635,0.55204636
370,ot_sym,0.74245346,0.9072793,0.4549013
371,ot_sym,1.0325125,0.8857321,0.43996248
372,ot_sym,0.9085576,0.8275956,0.45002902
373,ot_sym,0.9917373,0.8897687,0.58621293
374,ot_sym,0.93252933,0.91238636,0.4634112
375,ot_sym,0.7956072,0.8945813,0.51136345
376,ot_sym,1.0682975,0.8559313,0.5572119
377,ot_sym,0.91697043,0.85984683,0.5293008
378,ot_sym,1.0676166,0.90896964,0.6125821
379,ot_sym,0.95319736,0.85175234,0.44262317
380,ot_sym,1.0236965,0.8949415,0.5259296
381,ot_sym,0.9954085,0.9128845,0.5560198
382,ot_sym,0.84838843,1.2717303,0.34826502
383,ot_sym,1.1267707,1.0317069,0.62769216
384,ot_sym,0.9721776,0.85035515,0.484392
385,ot_sym,1.0571926,0.86612606,0.4924337
386,ot_sym,1.0258247,0.7931867,0.48966828
387,ot_sym,0.88962793,0.8196491,0.5165689
388,ot_sym,1.4356177,0.7668492,0.39495575
389,ot_sym,0.9087409,0.80327636,0.5555495
390,ot_sym,1.049332,1.0233415,0.43404406
391,ot_sym,1.0325505,0.7756259,0.49263442
392,ot_sym,0.8702144,0.9001656,0.54187083
393,ot_sym,1.0374962,0.93827957,0.54498076
394,ot_sym,0.9025365,0.84280515,0.5857074
395,ot_sym,0.9535762,0.80693156,0.46482366
396,ot_sym,0.93685377,0.8396392,0.4300199
397,ot_sym,0.96162826,0.89942724,0.41940597
398,ot_sym,0.7904923,0.8220278,0.44658595
399,ot_sym,0.96507615,0.79218864,0.5461406
400,ot_sym,0.9846541,0.9893189,0.483424
401,ot_sym,0.9114985,0.8541586,0.4300078
402,ot_sym,0.94164413,0.8833864,0.59360003
403,ot_sym,0.9432714,1.0908947,0.71324635
404,ot_sym,0.9810045,0.95183563,0.5467954
405,ot_sym,1.1161966,1.0112691,0.42034274
406,ot_sym,0.8389177,0.7244398,0.52254504
407,ot_sym,0.8662011,0.82125574,0.49110353
408,ot_sym,0.9755832,0.84879935,0.4317164
409,ot_sym,0.8971937,0.73026764,0.42070067
410,ot_sym,1.0323156,0.85764146,0.35909724
411,ot_sym,1.040981,0.82638913,0.49824354
412,ot_sym,1.1222687,0.8614267,0.49488223
413,ot_sym,0.92292523,0.9115091,0.44161806
414,ot_sym,0.9101434,0.9576577,0.5198359
415,ot_sym,0.8773956,0.8365629,0.53805614
416,ot_sym,1.0001086,0.91968906,0.39324835
417,ot_sym,0.7658334,0.8730965,0.49214813
418,ot_sym,1.0811403,0.85641795,0.48272675
419,ot_sym,0.8431713,0.8368577,0.51989484
420,ot_sym,1.0816329,1.0834455,0.4537996
421,ot_sym,1.1974013,0.97912043,0.42723852
422,ot_sym,1.017426,0.9006615,0.4823757
423,ot_sym,1.0248305,1.0342371,0.6689113
424,ot_sym,0.9704588,0.9244874,0.6151718
425,ot_sym,1.0164312,0.93000025,0.6064232
426,ot_sym,0.8842008,0.832656,0.48137712
427,ot_sym,0.973207,0.8555097,0.5763847
428,ot_sym,0.96197075,0.9060962,0.39827013
429,ot_sym,0.96725476,0.9097365,0.582099
430,ot_sym,1.1026262,0.85040045,0.4578894
431,ot_sym,0.8650453,0.8430776,0.44488928
432,ot_sym,0.87207234,0.94337255,0.3887895
433,ot_sym,0.9662532,1.0093647,0.4660507
434,ot_sym,1.0054945,0.8734772,0.4163516
435,ot_sym,0.81417567,0.78192043,0.5426876
436,ot_sym,0.962957,0.79911774,0.41137424
437,ot_sym,0.972128,0.9297828,0.51771474
438,ot_sym,0.818453,0.80071,0.5219201
439,ot_sym,0.833311,0.83318317,0.5132732
440,ot_sym,0.9411689,0.8147574,0.47120243
441,ot_sym,0.9721345,0.93280625,0.3421743
442,ot_sym,0.91028315,0.72817695,0.53588766
443,ot_sym,1.0731004,0.8922775,0.5710217
444,ot_sym,0.8748751,0.9137617,0.574854
445,ot_sym,0.85211575,0.8512356,0.4439918
446,ot_sym,0.996709,0.8637052,0.4653649
447,ot_sym,0.8700975,0.85084134,0.43688717
448,ot_sym,0.9639986,0.7840655,0.49737784
449,ot_sym,0.94871366,0.8567272,0.6024956
450,ot_sym,1.0683267,0.9443581,0.50418055
451,ot_sym,0.85826504,0.80365205,0.4761439
452,ot_sym,1.0471561,0.85150397,0.5614783
453,ot_sym,1.0704497,0.8239207,0.5391957
454,ot_sym,1.126501,0.8238354,0.46929646
455,ot_sym,0.98760074,0.8334477,0.43073934
456,ot_sym,0.88857317,0.9237303,0.42565313
457,ot_sym,0.77378345,0.8696811,0.36802852
458,ot_sym,0.84382904,0.7764649,0.43633884
459,ot_sym,0.9555547,0.91300315,0.3897115
460,ot_sym,0.984542,0.94877106,0.5743002
461,ot_sym,0.9707639,0.7779801,0.4934128
462,ot_sym,1.0083077,0.99429923,0.3817876
463,ot_sym,0.8223739,0.7488712,0.5197973
464,ot_sym,0.98659575,0.82972395,0.47658446
465,ot_sym,0.8525456,0.77453077,0.51728314
466,ot_sym,0.8098654,0.849192,0.4950918
467,ot_sym,0.8177541,0.9316258,0.41239578
468,ot_sym,1.0875832,0.9008237,0.4864726
469,ot_sym,1.0839386,0.7690555,0.54072267
470,ot_sym,1.0450588,0.8040163,0.48177522
471,ot_sym,0.92663705,0.9290252,0.51847106
472,ot_sym,1.1251379,0.8381207,0.49337816
473,ot_sym,0.772783,0.8094591,0.44327804
474,ot_sym,0.983935,0.96212304,0.6794548
475,ot_sym,1.041229,0.8302222,0.5004949
476,ot_sym,0.9778108,0.8563024,0.58340025
477,ot_sym,1.0627139,0.74797183,0.52457786
478,ot_sym,0.8799991,0.81811583,0.41216356
479,ot_sym,0.9018715,0.9063694,0.580196
480,ot_sym,0.92643225,0.99449563,0.57593435
481,ot_sym,0.9913445,0.80615586,0.49491584
482,ot_sym,1.0772911,0.98372537,0.40015388
483,ot_sym,0.8545471,0.9730586,0.41785905
484,ot_sym,1.0056942,0.7162129,0.5367907
485,ot_sym,1.0030452,0.7776648,0.55424786
486,ot_sym,1.1305904,1.4139426,0.77490604
487,ot_sym,1.0305722,0.7832602,0.4117842
488,ot_sym,1.0082142,0.93030345,0.49644458
489,ot_sym,0.9569347,0.7832726,0.51149994
490,ot_sym,1.1006038,0.96318036,0.5410205
491,ot_sym,0.9018336,0.8781902,0.48933673
492,ot_sym,1.0980146,1.104717,0.30124348
493,ot_sym,0.94158924,0.85430884,0.515077
494,ot_sym,0.874957,0.89625365,0.36713934
495,ot_sym,0.92363447,0.8642725,0.43231803
496,ot_sym,0.9001659,0.90080094,0.44851723
497,ot_sym,0.92897105,0.8628037,0.5874687
498,ot_sym,0.8223962,0.96219265,0.44067952
499,ot_sym,1.1332059,0.8182712,0.46697658
500,ot_sym,1.0468899,0.85599357,0.53142
501,ot_sym,1.1315038,0.77351546,0.5020905
502,ot_sym,1.1419332,1.0392483,0.58843607
503,ot_sym,0.93615514,0.7821846,0.56416065
504,ot_sym,0.9166546,1.0013106,0.32148188
505,ot_sym,0.84486127,0.8144932,0.5015841
506,ot_sym,0.9975039,0.7902075,0.5042465
507,ot_sym,0.93597436,1.074464,0.54723257
508,ot_sym,0.9464935,0.9135994,0.4512682
509,ot_sym,1.0260029,0.8800752,0.4652376
510,ot_sym,1.1718928,1.035019,0.5965965
511,ot_sym,1.0624113,0.8121979,0.55228806
512,ot_sym,0.8650145,0.98783916,0.34861848
513,ot_sym,0.97226703,0.82961655,0.41097534
514,ot_sym,0.979384,0.9627647,0.44616666
515,ot_sym,1.0295211,0.8589745,0.5575672
516,ot_sym,0.88201153,0.8623041,0.47721738
517,ot_sym,0.83269817,0.8789265,0.56377494
518,ot_sym,1.005265,0.8691659,0.5491425
519,ot_sym,0.9794225,0.8771001,0.5305905
520,ot_sym,0.9034449,0.8984491,0.46234605
521,ot_sym,1.185193,1.0259784,0.38029948
522,ot_sym,0.97296435,1.0124829,0.5723131
523,ot_sym,0.97920454,0.9540751,0.39055386
524,ot_sym,0.86357504,0.8284093,0.48108763
525,ot_sym,1.040124,0.84056395,0.47644094
526,ot_sym,0.9601972,0.7511211,0.49981388
527,ot_sym,0.9994444,0.8978486,0.39860737
528,ot_sym,0.93484956,0.8626603,0.45401266
529,ot_sym,0.9797096,0.9064222,0.4608379
530,ot_sym,1.0203252,0.8129344,0.39980263
531,ot_sym,1.1015937,0.9572479,0.5984439
532,ot_sym,0.88836825,0.80059,0.48935416
533,ot_sym,0.9166164,0.87783784,0.5088085
534,ot_sym,0.9043195,0.8903142,0.47172436
535,ot_sym,0.9394023,0.8019315,0.48142675
536,ot_sym,0.9106358,0.8443212,0.56952554
537,ot_sym,0.7692996,0.9549601,0.40413865
538,ot_sym,0.84855133,0.9250056,0.42062956
539,ot_sym,0.8320078,0.8247499,0.487761
540,ot_sym,1.0686258,0.8420979,0.58638966
541,ot_sym,0.95179266,0.7908865,0.41467962
542,ot_sym,1.0105537,0.9115241,0.5377347
543,ot_sym,0.9281632,0.7687364,0.5485765
544,ot_sym,0.9538485,0.8701311,0.38024086
545,ot_sym,0.9847138,0.7674563,0.51522136
546,ot_sym,0.9150058,0.8117798,0.49328077
547,ot_sym,0.91982275,0.86418456,0.4169792
548,ot_sym,1.2384218,0.9371501,0.61171377
549,ot_sym,0.8678193,0.8887908,0.5280917
550,ot_sym,1.0117412,0.8233309,0.50396585
551,ot_sym,1.0430733,0.996427,0.46936038
552,ot_sym,0.8765522,0.80325305,0.3965683
553,ot_sym,0.9878191,0.88196176,0.42866638
554,ot_sym,1.0067928,0.80726033,0.5998748
555,ot_sym,0.882315,0.9393979,0.57529
556,ot_sym,0.9826823,0.93362576,0.41715625
557,ot_sym,0.9103299,0.85619,0.62379736
558,ot_sym,1.0270544,0.85162705,0.4436009
559,ot_sym,1.0011692,0.8450896,0.5039072
560,ot_sym,1.0724449,0.896687,0.5058586
561,ot_sym,0.74798805,0.76983327,0.47202188
562,ot_sym,0.88067764,0.9338417,0.53362393
563,ot_sym,0.95214957,0.8982975,0.5552931
564,ot_sym,0.76390207,0.8303428,0.47442117
565,ot_sym,0.980936,0.8758616,0.5484977
566,ot_sym,1.0394611,0.9232007,0.4989841
567,ot_sym,1.0120962,0.88146776,0.44819084
568,ot_sym,1.1001159,1.066845,0.41318494
569,ot_sym,1.0176909,0.8592568,0.4814441
570,ot_sym,0.8002485,0.80161023,0.5654196
571,ot_sym,1.0939231,0.8237535,0.5002042
572,ot_sym,0.99191797,0.93912446,0.4434752
573,ot_sym,0.9729007,0.8737101,0.4911213
574,ot_sym,0.805918,0.8826411,0.45930916
575,ot_sym,1.0100759,0.94969624,0.5591007
576,ot_sym,0.969826,0.96245867,0.47626725
577,ot_sym,0.8409581,0.7254745,0.4517269
578,ot_sym,0.78517026,0.85454416,0.4499263
579,ot_sym,1.0000738,0.80559665,0.51905185
580,ot_sym,0.8031945,0.821936,0.51015145
581,ot_sym,0.9040225,0.8001778,0.4102043
582,ot_sym,1.0011379,0.82674235,0.47250393
583,ot_sym,0.91942376,0.8882596,0.42930755
584,ot_sym,1.0278765,0.8205212,0.47684813
585,ot_sym,0.9257314,0.89416945,0.5295987
586,ot_sym,1.0028919,0.9307993,0.62042874
587,ot_sym,0.9777152,0.84148276,0.4983915
588,ot_sym,0.9990162,0.8297836,0.50403386
589,ot_sym,1.0525066,0.7857817,0.5314925
590,ot_sym,0.971581,0.9314095,0.55539757
591,ot_sym,0.9837741,0.94828385,0.56331986
592,ot_sym,1.1453449,0.9665025,0.5141612
593,ot_sym,0.8048714,0.9161864,0.45990607
594,ot_sym,0.91046417,0.7733445,0.51162857
595,ot_sym,1.074497,1.0006975,0.37687185
596,ot_sym,1.0391233,0.8433441,0.43592274
597,ot_sym,0.9511684,0.8665868,0.5133252
598,ot_sym,0.8973948,0.80486214,0.39574862
599,ot_sym,1.0597799,0.85958534,0.4646114
600,ot_sym,0.7431887,0.8353062,0.51935035
601,ot_sym,0.99561113,0.7979181,0.47285786
602,ot_sym,0.8699096,0.98943114,0.615916
603,ot_sym,0.95996606,0.89667416,0.44982186
604,ot_sym,1.0533203,0.81028134,0.4965057
605,ot_sym,1.1077394,0.8879956,0.4511263
606,ot_sym,0.8281175,0.7908845,0.44230154
607,ot_sym,1.004792,0.8203816,0.43162397
608,ot_sym,1.072328,0.9784353,0.59951174
609,ot_sym,0.91644675,0.8677169,0.52455866
610,ot_sym,1.0113003,0.98787254,0.4742186
611,ot_sym,0.8785129,0.7431159,0.46720287
612,ot_sym,0.89791435,0.903863,0.5463602
613,ot_sym,0.8340798,0.8326624,0.44616324
614,ot_sym,1.08781,0.9551388,0.49901113
615,ot_sym,0.9118994,0.8465314,0.5438263
616,ot_sym,0.8720679,0.81500894,0.49233598
617,ot_sym,0.97297335,0.8477344,0.44790155
618,ot_sym,0.96094865,0.80600595,0.53820544
619,ot_sym,0.97502375,0.7436104,0.4785522
620,ot_sym,0.9433187,0.82079864,0.45028046
621,ot_sym,0.84018385,0.8307074,0.5041625
622,ot_sym,0.85237503,0.98464024,0.5566225
623,ot_sym,0.9127068,0.7916296,0.4675708
624,ot_sym,1.1261872,0.7381998,0.47015205
625,ot_sym,0.9704394,0.8806685,0.45212722
626,ot_sym,0.9942127,0.86195767,0.4197496
627,ot_sym,0.80867624,0.7811476,0.56071424
628,ot_sym,0.9050096,0.9167703,0.5840976
629,ot_sym,0.9571931,0.94064844,0.5612574
630,ot_sym,0.82832384,0.78823775,0.5302647
631,ot_sym,1.0208497,1.0839062,0.6685776
632,ot_sym,0.8711712,0.7935601,0.5004801
633,ot_sym,0.8675158,0.81105155,0.45959815
634,ot_sym,0.93847823,0.8290388,0.45089132
635,ot_sym,0.85723966,0.89850366,0.42505306
636,ot_sym,0.8953469,0.8719309,0.4338729
637,ot_sym,0.86554974,0.8158069,0.4892613
638,ot_sym,1.0045809,0.86624914,0.43948925
639,ot_sym,0.9563499,0.8061781,0.46933687
640,ot_sym,1.0238545,0.85294086,0.5374276
641,ot_sym,1.012276,0.8792856,0.55259687
642,ot_sym,0.9403341,0.8431455,0.39996326
643,ot_sym,0.9344246,0.87497807,0.5138286
644,ot_sym,1.0363423,1.0522608,0.6762657
645,ot_sym,0.88547975,0.9697069,0.55593413
646,ot_sym,0.71977127,0.89143026,0.45337397
647,ot_sym,0.89361185,0.86322635,0.50623703
648,ot_sym,1.0637146,0.8522825,0.5398346
649,ot_sym,1.0668832,0.83243793,0.41481006
650,ot_sym,0.8744544,0.93341416,0.4229262
651,ot_sym,0.9148962,0.78849155,0.4030818
652,ot_sym,0.88631356,0.731201,0.5298158
653,ot_sym,1.0616041,0.8256632,0.52275866
654,ot_sym,1.0619063,0.9420648,0.51241344
655,ot_sym,0.88072234,0.91914225,0.47755504
656,ot_sym,1.1343168,0.80286217,0.5812481
657,ot_sym,1.0539483,0.84777814,0.49052718
658,ot_sym,0.91949695,0.8195282,0.47257453
659,ot_sym,1.0242285,0.8790122,0.49667433
660,ot_sym,0.85511225,0.79378384,0.49226543
661,ot_sym,0.97220105,0.99320716,0.5820729
662,ot_sym,1.0525793,0.98590666,0.5616726
663,ot_sym,0.9682771,0.869662,0.48237833
664,ot_sym,0.97454065,0.87084246,0.5047075
665,ot_sym,0.8797888,0.8781117,0.50520396
666,ot_sym,1.0695032,0.8447369,0.39589292
667,ot_sym,0.9345769,0.7539416,0.46844313
668,ot_sym,0.88289285,0.8642268,0.3691325
669,ot_sym,0.89985317,0.88746816,0.53078914
670,ot_sym,0.9717693,0.89913553,0.4649604
671,ot_sym,1.0999078,0.9338708,0.4758425
672,ot_sym,1.1343032,1.0183235,0.4859364
673,ot_sym,0.9105501,0.8778132,0.48478886
674,ot_sym,1.000651,1.0237705,0.65908587
675,ot_sym,1.1320114,0.8944249,0.54006404
676,ot_sym,1.0161568,0.85889196,0.53832674
677,ot_sym,0.9686651,0.7357581,0.47931847
678,ot_sym,1.0430803,0.8743145,0.53078043
679,ot_sym,0.83898985,0.80280566,0.4206421
680,ot_sym,0.906438,1.0801595,0.4252146
681,ot_sym,1.0251853,0.85164124,0.5346334
682,ot_sym,1.0216318,0.9846187,0.40431
683,ot_sym,1.079794,0.9084332,0.61807895
684,ot_sym,1.0115908,0.9978449,0.2689122
685,ot_sym,0.9716885,0.8381176,0.4984972
686,ot_sym,0.9616289,0.9608114,0.3683809
687,ot_sym,0.966561,0.8718184,0.44528404
688,ot_sym,0.9560958,0.8441487,0.47169882
689,ot_sym,0.89281523,0.8365334,0.46582085
690,ot_sym,0.9830513,0.85835284,0.48482764
691,ot_sym,1.0076414,0.90491784,0.51317626
692,ot_sym,1.0289141,0.87257814,0.4620663
693,ot_sym,1.0390614,0.77979475,0.42517412
694,ot_sym,0.8194899,0.8859735,0.5599355
695,ot_sym,0.9664115,0.79781616,0.44474852
696,ot_sym,1.0199063,0.82047117,0.49344814
697,ot_sym,0.96389276,0.85926986,0.46124172
698,ot_sym,0.95516723,0.86186713,0.5577789
699,ot_sym,0.9715697,0.9608923,0.46138677
700,ot_sym,0.841277,0.87770647,0.49293843
701,ot_sym,1.0096521,0.8399037,0.54964614
702,ot_sym,0.9287881,0.7827864,0.5136783
703,ot_sym,0.994329,0.8568533,0.45375428
704,ot_sym,0.9701667,0.9773948,0.46622327
705,ot_sym,0.85953695,0.9627326,0.36108702
706,ot_sym,0.8811897,0.8473364,0.41400957
707,ot_sym,1.0491589,0.88657314,0.6580428
708,ot_sym,0.8105879,1.0800849,0.36862352
709,ot_sym,0.9168016,0.8428705,0.4737145
710,ot_sym,0.8638728,0.84302616,0.4932763
711,ot_sym,1.0416466,0.94435126,0.45220992
712,ot_sym,0.95313746,0.8473833,0.44226983
713,ot_sym,0.91887283,0.8373205,0.42894933
714,ot_sym,1.0526648,0.80946904,0.62579083
715,ot_sym,0.87031114,0.98577654,0.51229674
716,ot_sym,0.8844993,0.86497074,0.56587744
717,ot_sym,0.9206695,0.86094135,0.52071875
718,ot_sym,0.8902657,0.8586442,0.34371015
719,ot_sym,0.92733866,0.97754604,0.39620522
720,ot_sym,1.0270462,0.8768764,0.57143104
721,ot_sym,1.2066647,0.83676517,0.4277553
722,ot_sym,0.91036904,0.82267606,0.50724137
723,ot_sym,1.0128564,0.86916226,0.46071723
724,ot_sym,1.0679446,0.90355635,0.513827
725,ot_sym,0.9552396,0.91241854,0.5167295
726,ot_sym,0.9852222,0.8583133,0.54261464
727,ot_sym,0.8533854,0.9085188,0.36668894
728,ot_sym,0.9824695,0.8260331,0.54017794
729,ot_sym,0.8203861,0.82672423,0.5603073
730,ot_sym,0.93044674,1.0692898,0.43911612
731,ot_sym,1.1786056,1.0130845,0.41706848
732,ot_sym,1.0714294,0.838231,0.40138072
733,ot_sym,0.97647345,0.92564887,0.4495233
734,ot_sym,0.89035827,0.8682827,0.46462584
735,ot_sym,1.1085296,0.93906075,0.5760242
736,ot_sym,0.9447857,0.9107403,0.43838587
737,ot_sym,1.2017926,0.9367426,0.45570922
738,ot_sym,0.8361012,0.8021926,0.5071387
739,ot_sym,0.9904584,0.85517055,0.44423544
740,ot_sym,0.9276,0.8196495,0.41456026
741,ot_sym,1.0767908,0.89383656,0.52350926
742,ot_sym,1.1618036,1.0259442,0.58121926
743,ot_sym,0.9248938,0.8172849,0.45692974
744,ot_sym,1.0139564,0.89326304,0.41176635
745,ot_sym,0.83686215,0.8657474,0.4469766
746,ot_sym,0.8664819,0.8672523,0.44728094
747,ot_sym,1.027935,0.95399123,0.5612515
748,ot_sym,0.97058636,0.85300803,0.5287812
749,ot_sym,1.0733038,0.9139255,0.6008813
750,ot_sym,0.895052,0.78386277,0.5270044
751,ot_sym,0.92474556,0.8209925,0.47513735
752,ot_sym,0.8997969,0.93120897,0.39721572
753,ot_sym,0.9499804,0.8528604,0.61253417
754,ot_sym,0.9177824,0.87320197,0.46212497
755,ot_sym,0.96895045,0.7573291,0.42283732
756,ot_sym,1.0956212,0.7570751,0.5038225
757,ot_sym,1.1200575,0.9352292,0.5504791
758,ot_sym,1.086005,0.91590977,0.49573144
759,ot_sym,0.9256597,0.7688067,0.5079938
760,ot_sym,1.0450878,1.0130771,0.27512485
761,ot_sym,1.0375948,0.84323597,0.46305528
762,ot_sym,0.76548123,0.8333776,0.3880894
763,ot_sym,1.0609105,0.7888869,0.44831395
764,ot_sym,1.0136098,0.97364897,0.331642
765,ot_sym,0.8752247,0.88019717,0.52584696
766,ot_sym,0.98569834,0.9157804,0.46723157
767,ot_sym,1.050052,0.8788928,0.4803667
768,ot_sym,1.2195601,0.8778284,0.49286014
769,ot_sym,0.77416533,0.7561209,0.47248927
770,ot_sym,0.8454459,0.79322445,0.49359235
771,ot_sym,0.93801135,0.9066881,0.46980608
772,ot_sym,0.9259731,0.9392599,0.5639605
773,ot_sym,1.0227457,1.0263655,0.5048092
774,ot_sym,0.99193203,0.9246974,0.44894442
775,ot_sym,0.9626919,1.1810828,0.2522973
776,ot_sym,0.9825271,0.8231879,0.4985592
777,ot_sym,1.1635226,0.90595603,0.52115524
778,ot_sym,1.037608,0.7738609,0.5105056
779,ot_sym,0.82450557,0.83903325,0.59405154
780,ot_sym,1.0267448,1.0721245,0.55672127
781,ot_sym,0.841997,0.8657022,0.44594342
782,ot_sym,0.76913744,0.8851481,0.56837106
783,ot_sym,1.0224714,0.9855366,0.58520716
784,ot_sym,0.9515268,0.9735044,0.70769197
785,ot_sym,1.0775517,0.8154824,0.45312634
786,ot_sym,0.9090464,1.0311081,0.45958787
787,ot_sym,0.90313584,0.7973332,0.47034663
788,ot_sym,0.9431844,0.84128225,0.38008612
789,ot_sym,1.0053121,0.88776433,0.4967442
790,ot_sym,0.8598385,0.82918763,0.47080362
791,ot_sym,1.0008633,0.82433665,0.4049976
792,ot_sym,0.77796876,0.92654014,0.5148377
793,ot_sym,0.8870965,1.0013796,0.44152915
794,ot_sym,0.90386766,0.8681864,0.4964569
795,ot_sym,0.93719894,0.8327674,0.5314717
796,ot_sym,0.92061925,1.0692896,0.4819757
797,ot_sym,1.0751545,0.9160784,0.558316
798,ot_sym,1.039305,0.8395482,0.4297895
799,ot_sym,0.9631011,0.8475223,0.46024057
800,ot_sym,0.98892784,0.8868145,0.54589635
801,ot_sym,0.97362715,0.8238265,0.41498524
802,ot_sym,0.93936455,0.8407401,0.519722
803,ot_sym,0.9786379,0.7311039,0.4614839
804,ot_sym,0.8852164,0.8430225,0.4731867
805,ot_sym,0.89062905,0.8328709,0.46307513
806,ot_sym,0.959859,0.8491758,0.5229917
807,ot_sym,0.95387477,0.8310594,0.53895915
808,ot_sym,1.1071904,0.7837569,0.54897934
809,ot_sym,0.87581104,0.8079841,0.45730096
810,ot_sym,0.8909988,0.86672664,0.6131675
811,ot_sym,1.0339597,0.8311681,0.51704293
812,ot_sym,0.98544985,0.8468726,0.51031244
813,ot_sym,0.90004295,0.8103199,0.47885445
814,ot_sym,0.84090114,0.83611137,0.55419534
815,ot_sym,0.88872623,0.8761792,0.52020496
816,ot_sym,0.9150733,0.8144184,0.54253495
817,ot_sym,0.9498531,0.8522148,0.4922966
818,ot_sym,0.8803863,0.8457945,0.52721673
819,ot_sym,0.9945099,0.90682167,0.5798644
820,ot_sym,0.9031652,0.91323894,0.43469885
821,ot_sym,0.941776,0.9274041,0.32288498
822,ot_sym,0.83031136,0.89334214,0.3520856
823,ot_sym,1.0236676,0.81770265,0.46463108
824,ot_sym,1.0144756,0.8779314,0.4775345
825,ot_sym,0.8815574,0.90642565,0.51356995
826,ot_sym,0.7845915,0.9069705,0.43374103
827,ot_sym,0.9843742,1.00078,0.47820812
828,ot_sym,1.0382571,1.0110162,0.33164653
829,ot_sym,0.92979205,0.8098978,0.5435966
830,ot_sym,0.80983776,0.8216142,0.46085384
831,ot_sym,0.9866161,0.8336604,0.522785
832,ot_sym,0.89118,0.8044646,0.59281754
833,ot_sym,1.1020966,0.85094035,0.49306148
834,ot_sym,1.1167511,0.90477616,0.5764053
835,ot_sym,0.9438693,0.83243746,0.44186413
836,ot_sym,0.91871715,0.8467912,0.5114257
837,ot_sym,0.8815404,0.90475196,0.5250047
838,ot_sym,1.0621722,0.90154546,0.40547213
839,ot_sym,0.8019923,0.83021396,0.53594774
840,ot_sym,1.2132758,0.99073243,0.5878623
841,ot_sym,1.0018432,0.9768233,0.4800802
842,ot_sym,0.9116902,0.9400941,0.4620772
843,ot_sym,1.0027245,0.92518294,0.5717128
844,ot_sym,0.93739045,0.8749824,0.5771756
845,ot_sym,0.82519215,1.0008922,0.4623391
846,ot_sym,0.8882255,0.83500046,0.4346784
847,ot_sym,0.8079258,0.8841703,0.44950563
848,ot_sym,1.0368378,0.8062174,0.40954497
849,ot_sym,1.0169196,0.7617025,0.45144567
850,ot_sym,1.2319355,0.75296897,0.45129466
851,ot_sym,0.838654,0.8410034,0.56404954
852,ot_sym,0.80719024,0.7774591,0.42909917
853,ot_sym,0.9538021,1.1027288,0.4508699
854,ot_sym,0.9954851,0.93064857,0.46815804
855,ot_sym,0.892777,0.8581413,0.5556725
856,ot_sym,0.9036791,0.9391695,0.43928108
857,ot_sym,0.98366225,0.7819214,0.44905177
858,ot_sym,1.0078107,0.7681249,0.46838623
859,ot_sym,1.0026171,0.8497113,0.5940047
860,ot_sym,1.1480376,0.782778,0.511209
861,ot_sym,0.979245,0.8329776,0.48498076
862,ot_sym,0.9597012,0.874874,0.45856744
863,ot_sym,0.99119014,0.8670228,0.56005
864,ot_sym,0.87445337,0.8419211,0.59046537
865,ot_sym,1.0055012,0.8227019,0.55778766
866,ot_sym,0.8330682,0.82245797,0.5055379
867,ot_sym,0.99348885,0.90792716,0.48090047
868,ot_sym,0.91217494,0.8343819,0.5845835
869,ot_sym,0.873187,0.9634572,0.50492114
870,ot_sym,1.0436022,0.9230187,0.45458788
871,ot_sym,1.2121934,0.94489306,0.458313
872,ot_sym,0.9918342,0.9629979,0.3587534
873,ot_sym,1.1481918,0.82425165,0.58540696
874,ot_sym,0.97162455,0.85667694,0.49358687
875,ot_sym,1.0871391,0.8586877,0.47696567
876,ot_sym,1.089074,1.007309,0.58964014
877,ot_sym,1.0583984,0.9921957,0.3405048
878,ot_sym,0.81346947,0.87153786,0.5005505
879,ot_sym,1.053319,0.91255766,0.46510822
880,ot_sym,1.0528375,0.8971571,0.4177867
881,ot_sym,0.9381486,0.913145,0.57063675
882,ot_sym,1.090222,0.8446355,0.49656585
883,ot_sym,0.9830308,0.90571624,0.56072724
884,ot_sym,0.7346629,0.85167336,0.5455796
885,ot_sym,1.0021217,0.9163004,0.4992017
886,ot_sym,0.92512655,0.78659564,0.55020267
887,ot_sym,0.9986597,0.79402107,0.39394003
888,ot_sym,0.96856767,0.8457594,0.49885246
889,ot_sym,1.0367004,0.88952243,0.5910508
890,ot_sym,1.097108,0.8570641,0.4801878
891,ot_sym,0.89876264,0.97563183,0.54313916
892,ot_sym,1.0878439,0.82902807,0.45424926
893,ot_sym,0.8822328,0.7965162,0.5158244
894,ot_sym,0.800008,0.81859374,0.57306
895,ot_sym,0.99002093,0.98229927,0.5155662
896,ot_sym,0.9799574,0.84999496,0.45880243
897,ot_sym,0.8524602,0.84673476,0.36873427
898,ot_sym,0.9642912,0.902007,0.51401436
899,ot_sym,0.9152905,0.9152622,0.5407937
900,ot_sym,0.9161726,0.780394,0.37949094
901,ot_sym,0.80353737,0.9374474,0.45935524
902,ot_sym,0.9473838,0.99766964,0.51991886
903,ot_sym,0.8618755,0.7763503,0.40015405
904,ot_sym,1.0085764,0.80777794,0.4193092
905,ot_sym,0.9539449,0.91862375,0.4806897
906,ot_sym,0.94703,0.89889723,0.46500382
907,ot_sym,0.93469256,0.8553155,0.4248267
908,ot_sym,0.895916,0.7879403,0.5544317
909,ot_sym,0.92612946,0.8932517,0.56665975
910,ot_sym,0.9784395,0.8132046,0.46213767
911,ot_sym,0.9595849,0.92987204,0.4339788
912,ot_sym,1.0696833,0.8488162,0.4484922
913,ot_sym,0.99204296,0.860733,0.5436336
914,ot_sym,0.8280705,0.88529724,0.34508336
915,ot_sym,1.0401597,0.889897,0.5294541
916,ot_sym,0.86809576,0.7821502,0.46433526
917,ot_sym,0.75088626,0.77176726,0.4783251
918,ot_sym,1.179959,0.79734665,0.49954462
919,ot_sym,0.79179364,0.933878,0.46185604
920,ot_sym,0.9758326,0.8100041,0.5054723
921,ot_sym,0.8197222,0.8048268,0.5354733
922,ot_sym,0.8958354,0.8500279,0.50931865
923,ot_sym,0.89194024,0.8413941,0.49985594
924,ot_sym,1.0127848,0.8036756,0.41956735
925,ot_sym,0.96991897,0.9191244,0.5360602
926,ot_sym,1.0188414,0.8826896,0.49222577
927,ot_sym,1.0340025,0.8054042,0.4566428
928,ot_sym,0.9083725,0.8673532,0.3881031
929,ot_sym,0.99388766,0.7968277,0.4832433
930,ot_sym,0.9877748,0.820696,0.4782808
931,ot_sym,0.9550013,0.8864361,0.48431456
932,ot_sym,0.83860695,0.8075013,0.5517
933,ot_sym,0.95414037,0.74933535,0.5504365
934,ot_sym,0.9111015,0.8677228,0.42424083
935,ot_sym,1.041212,0.82413346,0.5481579
936,ot_sym,1.0265082,0.87719715,0.44695774
937,ot_sym,0.84916735,0.9064266,0.4647474
938,ot_sym,0.92609155,0.9127532,0.58724535
939,ot_sym,0.9303744,0.7842529,0.55436033
940,ot_sym,1.1313385,0.91139334,0.34287313
941,ot_sym,0.8433104,0.9090664,0.5882891
942,ot_sym,0.83148986,0.8705713,0.5195301
943,ot_sym,0.927268,0.83752847,0.42172924
944,ot_sym,1.0420676,0.82124364,0.5443938
945,ot_sym,0.8915701,0.95150405,0.6123521
946,ot_sym,0.81789845,0.8831232,0.4871806
947,ot_sym,0.9556785,0.9033898,0.4760429
948,ot_sym,0.9690912,0.88816595,0.4788338
949,ot_sym,0.924048,0.8328559,0.40508378
950,ot_sym,0.96448106,0.8496078,0.48683116
951,ot_sym,1.0233345,0.8644754,0.54327035
952,ot_sym,0.9110832,0.74756575,0.47544822
953,ot_sym,1.1045667,0.79088247,0.501534
954,ot_sym,0.73555744,0.81993604,0.5423472
955,ot_sym,0.94923306,0.77167505,0.53864485
956,ot_sym,0.9062427,0.88449454,0.5496421
957,ot_sym,0.9019403,0.87788403,0.38439813
958,ot_sym,0.91632843,0.79523975,0.55221283
959,ot_sym,0.92057675,0.9645172,0.5317641
960,ot_sym,1.2703642,0.8726876,0.3729467
961,ot_sym,1.1669565,0.94398826,0.4729821
962,ot_sym,1.1866362,0.85358554,0.5260078
963,ot_sym,1.001473,0.98220897,0.3078143
964,ot_sym,0.77624565,0.8717949,0.36852917
965,ot_sym,0.82062703,0.8382009,0.52458495
966,ot_sym,1.0600085,0.97961366,0.54951125
967,ot_sym,0.87006974,0.8943133,0.5274286
968,ot_sym,1.0142213,0.8410885,0.5590949
969,ot_sym,0.8146804,0.92890114,0.45311657
970,ot_sym,0.8165356,0.8484695,0.5657596
971,ot_sym,0.9131644,0.788692,0.50945926
972,ot_sym,0.9053782,0.8925055,0.43656442
973,ot_sym,0.9393211,0.88820946,0.48716852
974,ot_sym,1.1694646,0.8478917,0.58529705
975,ot_sym,0.8460573,0.85895824,0.48251638
976,ot_sym,0.90802723,0.82754165,0.5758334
977,ot_sym,0.90878546,0.9842074,0.4711786
978,ot_sym,0.8639096,0.93503326,0.59641343
979,ot_sym,1.0811555,0.9780655,0.57970697
980,ot_sym,0.87361354,0.87387365,0.3637419
981,ot_sym,0.8975461,0.8294241,0.57350534
982,ot_sym,0.86973447,0.76854867,0.51394695
983,ot_sym,1.0224397,0.828796,0.5347357
984,ot_sym,0.99207693,1.0713359,0.7254204
985,ot_sym,0.93693304,0.8707829,0.5080073
986,ot_sym,1.0235454,0.9578012,0.36058643
987,ot_sym,0.89294857,0.76479685,0.507827
988,ot_sym,0.9933902,0.84975374,0.5151178
989,ot_sym,1.0500765,0.9346385,0.40633145
990,ot_sym,0.95409286,0.8246102,0.4698217
991,ot_sym,1.0942924,0.88517624,0.598066
992,ot_sym,1.0399482,0.91481936,0.5155702
993,ot_sym,0.89360166,0.816813,0.5274805
994,ot_sym,0.96275705,0.9507794,0.48049703
995,ot_sym,0.9705672,0.8455518,0.54045874
996,ot_sym,1.0143114,0.75947654,0.4949447
997,ot_sym,0.8487562,0.93624985,0.45627174
998,ot_sym,0.8305228,0.8606883,0.5488111
999,ot_sym,0.9904971,1.0369979,0.7125676
0,gaussian_ot,1.0241319,0.9439627,0.49953857
1,gaussian_ot,0.86433566,0.7979697,0.4952738
2,gaussian_ot,1.0111787,0.808681,0.5316247
3,gaussian_ot,0.8078573,0.7882684,0.51486593
4,gaussian_ot,0.863264,0.84604275,0.48474586
5,gaussian_ot,0.9912843,0.79082435,0.49353263
6,gaussian_ot,0.9187866,0.8014398,0.5404039
7,gaussian_ot,0.7906008,0.88618153,0.5070426
8,gaussian_ot,0.90724105,0.80649567,0.47157377
9,gaussian_ot,0.96438706,0.79830706,0.50184745
10,gaussian_ot,0.81910694,0.8424484,0.50152904
11,gaussian_ot,0.83168143,0.80965,0.519241
12,gaussian_ot,0.9393299,0.80319667,0.46309498
13,gaussian_ot,0.885853,0.76129735,0.5432098
14,gaussian_ot,0.9004171,0.7755007,0.48983914
15,gaussian_ot,0.92175215,0.82415396,0.5250933
16,gaussian_ot,0.9114235,0.84017134,0.4752207
17,gaussian_ot,0.86546344,0.8193081,0.51448566
18,gaussian_ot,0.8739579,0.81919044,0.5482378
19,gaussian_ot,0.93900883,0.8171036,0.5057484
20,gaussian_ot,0.8536632,0.84677535,0.47758493
21,gaussian_ot,0.87988317,0.7988861,0.5216376
22,gaussian_ot,0.8848896,0.7612041,0.50580096
23,gaussian_ot,0.9274237,0.85551864,0.48341107
24,gaussian_ot,1.0164745,0.8437747,0.485717
25,gaussian_ot,0.85371876,0.8208909,0.48098803
26,gaussian_ot,0.9253975,0.79300565,0.5058704
27,gaussian_ot,0.8865878,0.8086217,0.51263475
28,gaussian_ot,0.86676115,0.85118324,0.52317566
29,gaussian_ot,0.8919568,0.80928475,0.47807524
30,gaussian_ot,0.88171154,0.7994795,0.491423
31,gaussian_ot,0.84910786,0.8806443,0.42983678
32,gaussian_ot,0.8600499,0.8177364,0.48727894
33,gaussian_ot,0.8615209,0.81701046,0.56442285
34,gaussian_ot,0.7948639,0.76759815,0.483429
35,gaussian_ot,0.7919296,0.87411475,0.4822771
36,gaussian_ot,0.8006734,0.8540379,0.48809353
37,gaussian_ot,0.8918322,0.79308635,0.4800774
38,gaussian_ot,0.8483219,0.8115366,0.47008076
39,gaussian_ot,0.78883195,0.7727461,0.53129536
40,gaussian_ot,0.8335715,0.7812824,0.510837
41,gaussian_ot,0.87803954,0.79061043,0.46959692
42,gaussian_ot,0.944169,0.81344074,0.47952706
43,gaussian_ot,0.8704073,0.8033681,0.48630878
44,gaussian_ot,0.9155374,0.81906056,0.45609012
45,gaussian_ot,0.9180613,0.79015195,0.48494026
46,gaussian_ot,0.8011739,0.8871011,0.5138077
47,gaussian_ot,0.79759127,0.82003427,0.4850363
48,gaussian_ot,0.88834566,0.88287437,0.47213492
49,gaussian_ot,0.9124444,0.8384622,0.5313129
50,gaussian_ot,0.76891243,0.82728964,0.48632604
51,gaussian_ot,0.7957427,0.8676598,0.50278145
52,gaussian_ot,0.8165413,0.8472824,0.49644336
53,gaussian_ot,0.8989241,0.8098024,0.4882874
54,gaussian_ot,0.96577424,0.8182366,0.48968002
55,gaussian_ot,0.8983865,0.7821754,0.4672019
56,gaussian_ot,0.8740648,0.8290843,0.4679937
57,gaussian_ot,0.93636334,0.82731336,0.5034868
58,gaussian_ot,0.9889848,0.7863297,0.51577747
59,gaussian_ot,0.83197427,0.798332,0.48203093
60,gaussian_ot,0.8055733,0.89917326,0.5059428
61,gaussian_ot,0.80238616,0.80805326,0.48124105
62,gaussian_ot,0.8270978,0.82628554,0.49001157
63,gaussian_ot,0.90820295,0.8242897,0.49463975
64,gaussian_ot,0.88897127,0.7735731,0.51187795
65,gaussian_ot,0.9378034,0.80972207,0.49958134
66,gaussian_ot,0.81222427,0.7954325,0.5121158
67,gaussian_ot,0.7454943,0.8015682,0.48524874
68,gaussian_ot,0.7903169,0.82494026,0.4624956
69,gaussian_ot,0.94557744,0.8283836,0.5191729
70,gaussian_ot,0.805096,0.8430252,0.53229064
71,gaussian_ot,1.0398356,0.79315245,0.48431033
72,gaussian_ot,0.92208344,0.79827315,0.5083382
73,gaussian_ot,0.84119767,0.82555187,0.47499648
74,gaussian_ot,0.96411544,0.85386443,0.48606637
75,gaussian_ot,0.8430265,0.8138342,0.5105573
76,gaussian_ot,0.78329164,0.8015598,0.5044533
77,gaussian_ot,0.86565393,0.79081166,0.50773036
78,gaussian_ot,0.9138038,0.8093693,0.5057032
79,gaussian_ot,0.95982325,0.81355333,0.48664516
80,gaussian_ot,0.8540354,0.81067216,0.4883837
81,gaussian_ot,0.8195016,0.8152228,0.49602902
82,gaussian_ot,0.8383394,0.80686533,0.45528534
83,gaussian_ot,0.9121465,0.8102271,0.42694783
84,gaussian_ot,0.83008677,0.8471024,0.49586302
85,gaussian_ot,0.88905483,0.79002523,0.57448715
86,gaussian_ot,0.87928915,0.80832595,0.53637993
87,gaussian_ot,0.8163906,0.77863324,0.5187384
88,gaussian_ot,0.897028,0.8401685,0.47771147
89,gaussian_ot,0.8150174,0.7867811,0.4878649
90,gaussian_ot,0.9261518,0.80839825,0.5126563
91,gaussian_ot,0.88444805,0.83066016,0.4918587
92,gaussian_ot,0.7847942,0.8072977,0.5178266
93,gaussian_ot,0.81363297,0.86131734,0.4812866
94,gaussian_ot,0.8680119,0.7958491,0.5010688
95,gaussian_ot,0.92683214,0.79260534,0.5282798
96,gaussian_ot,0.8781164,0.80394995,0.49804267
97,gaussian_ot,0.8631729,0.81823814,0.49835932
98,gaussian_ot,0.8919813,0.8280785,0.48907173
99,gaussian_ot,0.95940197,0.80978477,0.5183138
100,gaussian_ot,0.95420426,0.7851943,0.49924052
101,gaussian_ot,0.83510715,0.8137595,0.47116753
102,gaussian_ot,0.9768434,0.7954786,0.5129123
103,gaussian_ot,0.86392206,0.8146826,0.5135104
104,gaussian_ot,0.94987804,0.78344685,0.48759302
105,gaussian_ot,0.8303439,0.815348,0.49488467
106,gaussian_ot,0.8151705,0.8571911,0.44655758
107,gaussian_ot,0.8553571,0.8475577,0.5052278
108,gaussian_ot,1.0135297,0.8625502,0.34973094
109,gaussian_ot,0.9952459,0.8187882,0.5200051
110,gaussian_ot,0.82484496,0.8019285,0.5104077
111,gaussian_ot,1.0195712,0.819509,0.51606554
112,gaussian_ot,0.89633596,0.8049347,0.53035414
113,gaussian_ot,0.9248041,0.8433174,0.5557953
114,gaussian_ot,0.9313937,0.8281154,0.4871293
115,gaussian_ot,0.7771026,0.8241122,0.48514223
116,gaussian_ot,0.8723818,0.823689,0.47802326
117,gaussian_ot,0.898678,0.8114846,0.5149309
118,gaussian_ot,0.80319744,0.8004061,0.5378141
119,gaussian_ot,0.91639984,0.8169676,0.53695005
120,gaussian_ot,0.9239888,0.7138201,0.5116445
121,gaussian_ot,0.97999597,0.7939514,0.52150816
122,gaussian_ot,0.7635199,0.8315804,0.51521754
123,gaussian_ot,0.9750082,0.8083456,0.47400978
124,gaussian_ot,0.94251627,0.8223503,0.48348564
125,gaussian_ot,0.9224901,0.8439217,0.45801815
126,gaussian_ot,0.8873183,0.8286213,0.47706643
127,gaussian_ot,0.87087554,0.8654845,0.5245134
128,gaussian_ot,0.9290955,0.8089191,0.4809001
129,gaussian_ot,0.7892158,0.79239494,0.48354545
130,gaussian_ot,0.80743945,0.7605787,0.51788706
131,gaussian_ot,0.94574386,0.8220943,0.4662615
132,gaussian_ot,0.9022341,0.8219197,0.576709
133,gaussian_ot,0.8060209,0.76382625,0.51116735
134,gaussian_ot,0.85545987,0.79813373,0.47519916
135,gaussian_ot,0.8735849,0.8661654,0.53817296
136,gaussian_ot,0.81540567,0.85826564,0.48493916
137,gaussian_ot,0.9255937,0.8751723,0.48012885
138,gaussian_ot,0.87549824,0.82629836,0.47637078
139,gaussian_ot,1.0416142,0.7841701,0.50813484
140,gaussian_ot,0.8134806,0.78138214,0.49409062
141,gaussian_ot,0.8880791,0.80900955,0.5069845
142,gaussian_ot,0.86553055,0.7285297,0.4914642
143,gaussian_ot,0.83491284,0.7715208,0.48212215
144,gaussian_ot,0.8973217,0.8342407,0.49867725
145,gaussian_ot,0.88211554,0.76958644,0.48776308
146,gaussian_ot,0.886125,0.80661786,0.47075275
147,gaussian_ot,0.85779536,0.8147008,0.48721096
148,gaussian_ot,0.88818586,0.8215725,0.4748642
149,gaussian_ot,0.81251866,0.8125894,0.48717043
150,gaussian_ot,0.7793258,0.8292235,0.48876658
151,gaussian_ot,0.8134675,0.827029,0.52412385
152,gaussian_ot,0.8229846,0.7648359,0.50406057
153,gaussian_ot,0.89874226,0.8067425,0.5153837
154,gaussian_ot,0.8164912,0.77678186,0.48357463
155,gaussian_ot,0.9225141,0.83333445,0.5006135
156,gaussian_ot,0.918705,0.8528492,0.48490667
157,gaussian_ot,0.89171326,0.8048012,0.51032305
158,gaussian_ot,0.92539513,0.79763806,0.49909803
159,gaussian_ot,0.85775393,0.8589321,0.52292037
160,gaussian_ot,0.85738385,0.8286942,0.4853383
161,gaussian_ot,0.82038546,0.785954,0.51218426
162,gaussian_ot,0.9249493,0.77931994,0.49125156
163,gaussian_ot,0.93100935,0.8295562,0.5137981
164,gaussian_ot,0.92993706,0.80748904,0.52896243
165,gaussian_ot,0.8750775,0.8089755,0.5101075
166,gaussian_ot,0.92711574,0.8293011,0.45441964
167,gaussian_ot,0.8861208,0.833317,0.49268818
168,gaussian_ot,0.8667475,0.82103705,0.52073824
169,gaussian_ot,0.8838846,0.7962302,0.4987356
170,gaussian_ot,1.0041047,0.82870024,0.4884505
171,gaussian_ot,0.8336001,0.7995618,0.43783188
172,gaussian_ot,0.85185957,0.7773115,0.49176
173,gaussian_ot,0.9215115,0.8226519,0.4949495
174,gaussian_ot,0.89613384,0.81313145,0.53105867
175,gaussian_ot,0.7109802,0.83073705,0.5140202
176,gaussian_ot,0.90570045,0.82595617,0.44918287
177,gaussian_ot,0.93051916,0.7917765,0.4835819
178,gaussian_ot,0.81599975,0.8155427,0.5322322
179,gaussian_ot,0.8083506,0.8152457,0.49880728
180,gaussian_ot,0.88384646,0.8353977,0.48745275
181,gaussian_ot,0.9462589,0.8141245,0.4965526
182,gaussian_ot,0.9273416,0.81049204,0.46946827
183,gaussian_ot,0.8972246,0.7860372,0.4935316
184,gaussian_ot,0.97477996,0.83110195,0.53429943
185,gaussian_ot,0.8741788,0.8183335,0.4868679
186,gaussian_ot,0.86545926,0.8364047,0.49961874
187,gaussian_ot,0.85511154,0.85314107,0.50573397
188,gaussian_ot,0.85631466,0.80683416,0.4993603
189,gaussian_ot,0.76487046,0.8123957,0.47463262
190,gaussian_ot,0.97103447,0.82663965,0.48983994
191,gaussian_ot,0.89760333,0.82988536,0.54238135
192,gaussian_ot,0.78922784,0.81534016,0.52467626
193,gaussian_ot,0.93972677,0.84181917,0.47646147
194,gaussian_ot,0.81072843,0.80857545,0.48264128
195,gaussian_ot,0.78632593,0.7926055,0.48821655
196,gaussian_ot,0.810233,0.7993431,0.47507638
197,gaussian_ot,0.78942525,0.800186,0.4596103
198,gaussian_ot,0.80671906,0.7863032,0.5238403
199,gaussian_ot,0.90779054,0.8514792,0.53632295
200,gaussian_ot,0.82965887,0.82065666,0.50177693
201,gaussian_ot,1.0029514,0.7945499,0.4856483
202,gaussian_ot,0.85064447,0.7740525,0.48560333
203,gaussian_ot,0.90562654,0.8224852,0.5192854
204,gaussian_ot,0.88787305,0.8335591,0.48347628
205,gaussian_ot,0.8679623,0.79264486,0.5055405
206,gaussian_ot,0.91685784,0.7837997,0.4853185
207,gaussian_ot,0.84928274,0.83153534,0.48264515
208,gaussian_ot,0.8505472,0.811113,0.50886875
209,gaussian_ot,0.9382102,0.7993081,0.5124097
210,gaussian_ot,0.8605721,0.8218709,0.4924025
211,gaussian_ot,0.83541685,0.8264879,0.51446396
212,gaussian_ot,0.795409,0.7998345,0.49609584
213,gaussian_ot,0.87775916,0.7993463,0.47824904
214,gaussian_ot,0.86102176,0.8200142,0.45769063
215,gaussian_ot,0.8129944,0.8658569,0.46831417
216,gaussian_ot,0.8593657,0.84360796,0.5238697
217,gaussian_ot,0.91529644,0.81317586,0.49380106
218,gaussian_ot,0.8055309,0.82490736,0.4891507
219,gaussian_ot,0.8076704,0.7948322,0.52178323
220,gaussian_ot,0.7542383,0.75734246,0.48087406
221,gaussian_ot,0.81403106,0.86058366,0.5019052
222,gaussian_ot,0.84534067,0.83969516,0.50310713
223,gaussian_ot,0.9302381,0.8010919,0.49362367
224,gaussian_ot,0.8184169,0.8512135,0.52876437
225,gaussian_ot,0.84788316,0.82372,0.48871428
226,gaussian_ot,0.91374946,0.76254654,0.46072215
227,gaussian_ot,0.88509595,0.8117842,0.52463025
228,gaussian_ot,0.9205648,0.8193472,0.5070681
229,gaussian_ot,0.8815161,0.8297017,0.49092802
230,gaussian_ot,0.8894683,0.8285267,0.4852033
231,gaussian_ot,0.9500354,0.78152287,0.48786655
232,gaussian_ot,0.9997284,0.8570425,0.4506508
233,gaussian_ot,0.7829791,0.8089441,0.5216664
234,gaussian_ot,0.88482785,0.8383541,0.523414
235,gaussian_ot,0.7890754,0.80421144,0.51063347
236,gaussian_ot,0.8459575,0.7965155,0.5365854
237,gaussian_ot,0.8027964,0.82439584,0.4955606
238,gaussian_ot,0.8832225,0.8450192,0.5075426
239,gaussian_ot,0.8470743,0.8204687,0.51596874
240,gaussian_ot,0.83662516,0.78112984,0.50594
241,gaussian_ot,0.7522652,0.7699197,0.47750863
242,gaussian_ot,0.8828117,0.8180993,0.5392102
243,gaussian_ot,0.92839855,0.7974326,0.36413574
244,gaussian_ot,0.8518516,0.79549664,0.5129896
245,gaussian_ot,0.83979905,0.83711874,0.48504618
246,gaussian_ot,0.8950347,0.8604372,0.50359786
247,gaussian_ot,0.97173107,0.7849115,0.49481955
248,gaussian_ot,0.77569836,0.81960636,0.511113
249,gaussian_ot,0.87313193,0.8133553,0.45833048
250,gaussian_ot,0.83803755,0.8337567,0.49896273
251,gaussian_ot,0.98675305,0.81125796,0.4626842
252,gaussian_ot,0.88966495,0.8041816,0.48900303
253,gaussian_ot,0.7424318,0.8500729,0.49040917
254,gaussian_ot,0.8784829,0.8002215,0.5051278
255,gaussian_ot,0.918702,0.81116754,0.4552437
256,gaussian_ot,0.8648871,0.793119,0.4862914
257,gaussian_ot,0.86933243,0.78369915,0.5263922
258,gaussian_ot,0.8539976,0.8058896,0.4599674
259,gaussian_ot,0.8714355,0.8151767,0.49352014
260,gaussian_ot,0.899234,0.7903037,0.52764714
261,gaussian_ot,0.76071984,0.8311297,0.49695984
262,gaussian_ot,0.9587976,0.8411611,0.49811873
263,gaussian_ot,0.9064593,0.82329684,0.49440962
264,gaussian_ot,0.85490704,0.85795796,0.55978733
265,gaussian_ot,0.91529024,0.8060106,0.5095291
266,gaussian_ot,0.92824674,0.791504,0.5070565
267,gaussian_ot,0.9440411,0.82814974,0.48944438
268,gaussian_ot,0.8388379,0.8407952,0.5066578
269,gaussian_ot,0.8891528,0.84758526,0.47519317
270,gaussian_ot,0.92361194,0.754809,0.50058573
271,gaussian_ot,0.83745205,0.8269401,0.45608535
272,gaussian_ot,0.89844084,0.7871338,0.50341636
273,gaussian_ot,1.0163283,0.8371227,0.49869633
274,gaussian_ot,0.82410383,0.8195671,0.4854962
275,gaussian_ot,0.83548015,0.84087324,0.48954877
276,gaussian_ot,0.9085015,0.8234299,0.4684374
277,gaussian_ot,0.8761493,0.8412232,0.49146825
278,gaussian_ot,0.9114276,0.81257623,0.5213049
279,gaussian_ot,0.8811632,0.8140825,0.49623796
280,gaussian_ot,0.82668257,0.7648898,0.490935
281,gaussian_ot,1.022175,0.7926137,0.48458338
282,gaussian_ot,0.7947005,0.80025166,0.49868983
283,gaussian_ot,0.7617201,0.8105953,0.5107494
284,gaussian_ot,0.827544,0.7956292,0.5133362
285,gaussian_ot,0.8774624,0.8029491,0.51200384
286,gaussian_ot,0.7870363,0.83976454,0.45686388
287,gaussian_ot,0.75935745,0.7955256,0.4964258
288,gaussian_ot,0.83886427,0.79463756,0.4634165
289,gaussian_ot,0.8092293,0.7892171,0.49160782
290,gaussian_ot,0.9507094,0.80125684,0.50210166
291,gaussian_ot,0.82100946,0.80096555,0.51198584
292,gaussian_ot,0.8214235,0.848675,0.51061594
293,gaussian_ot,0.8368103,0.81761235,0.4882245
294,gaussian_ot,0.8590268,0.8332418,0.5014631
295,gaussian_ot,0.8152587,0.8045476,0.50536096
296,gaussian_ot,0.9621958,0.82207656,0.49395764
297,gaussian_ot,0.93282694,0.80065644,0.49205688
298,gaussian_ot,0.8573441,0.84149444,0.5125894
299,gaussian_ot,0.8020205,0.7688508,0.523311
300,gaussian_ot,0.9118341,0.8073535,0.51555705
301,gaussian_ot,0.7347071,0.8317463,0.49679044
302,gaussian_ot,0.8373622,0.8269163,0.5267784
303,gaussian_ot,0.9720836,0.78777343,0.54188776
304,gaussian_ot,0.9246509,0.7934555,0.48494098
305,gaussian_ot,0.854191,0.82790637,0.49366486
306,gaussian_ot,0.78410834,0.7942866,0.4692167
307,gaussian_ot,0.8816442,0.8205037,0.48091653
308,gaussian_ot,0.91510415,0.8341404,0.50252736
309,gaussian_ot,0.8463381,0.79090196,0.4556417
310,gaussian_ot,0.9810319,0.81552905,0.49864534
311,gaussian_ot,0.8515724,0.84080714,0.44741952
312,gaussian_ot,0.83146816,0.8028479,0.46463987
313,gaussian_ot,0.8828991,0.80502516,0.5212053
314,gaussian_ot,0.9064809,0.81186825,0.4893593
315,gaussian_ot,0.96657425,0.819983,0.49935865
316,gaussian_ot,0.9220213,0.8212444,0.46991014
317,gaussian_ot,0.92950726,0.8094803,0.5223643
318,gaussian_ot,0.82227033,0.7811662,0.46946818
319,gaussian_ot,0.76006776,0.81699926,0.49530324
320,gaussian_ot,0.90494573,0.7769282,0.4889702
321,gaussian_ot,0.83802176,0.78897953,0.4431571
322,gaussian_ot,0.9084394,0.8269719,0.5225194
323,gaussian_ot,0.82506144,0.78955716,0.5064622
324,gaussian_ot,0.87515676,0.8542162,0.5186559
325,gaussian_ot,0.93243074,0.8028591,0.4775285
326,gaussian_ot,0.8880828,0.80330426,0.4851688
327,gaussian_ot,0.8169535,0.8177385,0.51145154
328,gaussian_ot,0.8934039,0.801196,0.51987267
329,gaussian_ot,0.8220705,0.8664412,0.4642375
330,gaussian_ot,0.84492034,0.82094944,0.5197944
331,gaussian_ot,0.8503472,0.82612896,0.51890945
332,gaussian_ot,0.8062599,0.8124835,0.50605786
333,gaussian_ot,0.8925106,0.7751592,0.5070289
334,gaussian_ot,0.9158928,0.8215681,0.5048044
335,gaussian_ot,0.94583887,0.81949186,0.50347006
336,gaussian_ot,0.94239783,0.86905384,0.49634755
337,gaussian_ot,0.79959905,0.83607787,0.54604733
338,gaussian_ot,0.8705794,0.8373263,0.5032152
339,gaussian_ot,1.0037835,0.79402584,0.49818492
340,gaussian_ot,0.9688291,0.79888517,0.4839621
341,gaussian_ot,0.92902315,0.79549253,0.4642251
342,gaussian_ot,0.9341416,0.8156183,0.5355518
343,gaussian_ot,0.88824725,0.79378414,0.49872664
344,gaussian_ot,0.8643908,0.8268709,0.51167
345,gaussian_ot,0.9137449,0.8127656,0.53204346
346,gaussian_ot,0.83887243,0.76768184,0.48377636
347,gaussian_ot,0.9867779,0.7848208,0.4625495
348,gaussian_ot,0.8711452,0.86750823,0.52680933
349,gaussian_ot,0.84058565,0.7932209,0.48822966
350,gaussian_ot,0.9718458,0.77941823,0.5238631
351,gaussian_ot,0.88581985,0.79715973,0.5054083
352,gaussian_ot,0.93373805,0.8247388,0.4627522
353,gaussian_ot,1.0419918,0.82618237,0.40503708
354,gaussian_ot,0.8171462,0.8132757,0.49046233
355,gaussian_ot,0.86769515,0.81074905,0.50221556
356,gaussian_ot,0.8195102,0.806344,0.52690816
357,gaussian_ot,0.86904943,0.83392096,0.49170947
358,gaussian_ot,0.8657365,0.7738542,0.4907687
359,gaussian_ot,0.7116687,0.8636621,0.502788
360,gaussian_ot,0.7484725,0.8038291,0.48251984
361,gaussian_ot,0.77710235,0.8084683,0.5109468
362,gaussian_ot,0.8638813,0.76987755,0.49876475
363,gaussian_ot,0.81285757,0.7885526,0.48708418
364,gaussian_ot,0.8611956,0.8271906,0.47597176
365,gaussian_ot,0.8563987,0.8120454,0.46979228
366,gaussian_ot,0.9542274,0.7774727,0.48665473
367,gaussian_ot,1.0095732,0.8274908,0.47497985
368,gaussian_ot,0.8402054,0.85007113,0.50783163
369,gaussian_ot,0.87702554,0.76418537,0.4662405
370,gaussian_ot,0.7979215,0.7703439,0.48006305
371,gaussian_ot,0.8554592,0.7936665,0.4888992
372,gaussian_ot,0.9778341,0.80441207,0.46958274
373,gaussian_ot,0.8754354,0.8303748,0.5240425
374,gaussian_ot,0.9582835,0.80321455,0.47733453
375,gaussian_ot,0.8008706,0.7797774,0.5267082
376,gaussian_ot,1.0308788,0.77287656,0.4572716
377,gaussian_ot,0.9933242,0.85842186,0.5099933
378,gaussian_ot,0.8338287,0.84840065,0.539129
379,gaussian_ot,0.8018762,0.8555797,0.48587278
380,gaussian_ot,0.8307116,0.7859033,0.512981
381,gaussian_ot,0.8998186,0.7804805,0.5092916
382,gaussian_ot,0.8330064,0.72724056,0.512989
383,gaussian_ot,0.87260103,0.7985431,0.4765218
384,gaussian_ot,0.8069648,0.83925855,0.48258787
385,gaussian_ot,0.9256839,0.7696467,0.5080667
386,gaussian_ot,0.98172164,0.8217654,0.4956686
387,gaussian_ot,0.8759045,0.81703496,0.49350378
388,gaussian_ot,0.8747168,0.81674045,0.4894123
389,gaussian_ot,1.0027755,0.7728967,0.4782873
390,gaussian_ot,0.7439365,0.81496036,0.49550602
391,gaussian_ot,0.8983122,0.8214294,0.5037596
392,gaussian_ot,0.9060979,0.85306525,0.5142276
393,gaussian_ot,0.90542716,0.8590716,0.5055235
394,gaussian_ot,0.7724818,0.7972283,0.52318835
395,gaussian_ot,0.86005765,0.78421783,0.47653612
396,gaussian_ot,0.83109194,0.7897566,0.5176651
397,gaussian_ot,0.8559054,0.8641181,0.51855606
398,gaussian_ot,0.7461506,0.7815906,0.46558142
399,gaussian_ot,0.8998387,0.8349245,0.48398247
400,gaussian_ot,0.9044793,0.8364476,0.49182138
401,gaussian_ot,0.89238495,0.79138523,0.51319844
402,gaussian_ot,0.9181083,0.771492,0.52270585
403,gaussian_ot,0.89289266,0.7795321,0.4832683
404,gaussian_ot,0.9074876,0.75713825,0.48122633
405,gaussian_ot,0.9232092,0.8475224,0.4864166
406,gaussian_ot,0.850571,0.8045187,0.5033738
407,gaussian_ot,0.82551557,0.78735346,0.47138757
408,gaussian_ot,0.80084777,0.7812765,0.4765251
409,gaussian_ot,0.8804611,0.7810871,0.5519503
410,gaussian_ot,0.9029226,0.8300278,0.49725568
411,gaussian_ot,0.8418648,0.8032178,0.48775283
412,gaussian_ot,0.9159272,0.76162696,0.5030361
413,gaussian_ot,0.7964221,0.9285607,0.46880084
414,gaussian_ot,0.92953163,0.8112728,0.505172
415,gaussian_ot,0.86751044,0.8035525,0.51971775
416,gaussian_ot,0.92143,0.84401304,0.4839656
417,gaussian_ot,0.819109,0.82814026,0.4432811
418,gaussian_ot,0.84251,0.84185237,0.4770512
419,gaussian_ot,0.85939085,0.80201566,0.43328342
420,gaussian_ot,0.845052,0.79546994,0.50432116
421,gaussian_ot,0.8047368,0.79644996,0.5204702
422,gaussian_ot,0.9091685,0.7352312,0.47817975
423,gaussian_ot,0.83807963,0.86998564,0.51083314
424,gaussian_ot,0.8919607,0.8404613,0.51146287
425,gaussian_ot,0.8090714,0.8475067,0.5232307
426,gaussian_ot,0.89211035,0.8020803,0.49097383
427,gaussian_ot,0.8872329,0.7639867,0.5132439
428,gaussian_ot,0.8362388,0.8119553,0.4575225
429,gaussian_ot,0.92834485,0.79332346,0.4852762
430,gaussian_ot,0.81506187,0.82000905,0.51573974
431,gaussian_ot,0.94109994,0.80696243,0.48301423
432,gaussian_ot,0.9508193,0.81437457,0.4961943
433,gaussian_ot,0.8762603,0.7875148,0.4638061
434,gaussian_ot,0.785564,0.9049631,0.49876633
435,gaussian_ot,0.9108452,0.81627524,0.50857437
436,gaussian_ot,0.99020505,0.8659111,0.4627051
437,gaussian_ot,0.9801321,0.79876196,0.5181947
438,gaussian_ot,0.95405436,0.79305774,0.5212665
439,gaussian_ot,0.88921434,0.76495504,0.51450706
440,gaussian_ot,0.9023745,0.80335486,0.52660686
441,gaussian_ot,0.8023113,0.7991597,0.4968454
442,gaussian_ot,0.85987496,0.83641815,0.5254319
443,gaussian_ot,0.95897317,0.8089039,0.51061875
444,gaussian_ot,0.90657634,0.833112,0.5220373
445,gaussian_ot,0.8988611,0.80210334,0.5067128
446,gaussian_ot,0.880398,0.7868539,0.4857463
447,gaussian_ot,0.87537366,0.84737265,0.50245935
448,gaussian_ot,0.85943705,0.89721584,0.5171124
449,gaussian_ot,0.94538933,0.85652065,0.47717726
450,gaussian_ot,0.94061434,0.83058286,0.49767444
451,gaussian_ot,0.9190725,0.8255304,0.479637
452,gaussian_ot,0.87906116,0.8178301,0.48382634
453,gaussian_ot,0.9071784,0.8384402,0.5037025
454,gaussian_ot,0.8593891,0.820469,0.48797593
455,gaussian_ot,0.8132901,0.80853844,0.50355697
456,gaussian_ot,0.8436366,0.81223804,0.49198166
457,gaussian_ot,0.8436437,0.78786695,0.45363638
458,gaussian_ot,0.9992701,0.829658,0.5011352
459,gaussian_ot,0.8829996,0.8289914,0.48153353
460,gaussian_ot,0.8777634,0.8383514,0.5138635
461,gaussian_ot,1.0347233,0.8106991,0.5119299
462,gaussian_ot,0.9821905,0.81750774,0.4990276
463,gaussian_ot,0.86480826,0.80276304,0.49943167
464,gaussian_ot,1.0261784,0.7744343,0.46515346
465,gaussian_ot,0.90474635,0.8508013,0.48209056
466,gaussian_ot,0.98422986,0.80767,0.5131125
467,gaussian_ot,0.81890637,0.81411767,0.4872014
468,gaussian_ot,0.9714228,0.8001381,0.49654454
469,gaussian_ot,0.87416023,0.83299196,0.4831671
470,gaussian_ot,0.9027747,0.83185166,0.52843726
471,gaussian_ot,0.86524403,0.78823763,0.5077612
472,gaussian_ot,0.84073913,0.8183116,0.50308144
473,gaussian_ot,0.8211967,0.7993312,0.45639783
474,gaussian_ot,0.75243086,0.8313685,0.48107195
475,gaussian_ot,0.7716681,0.8274998,0.48342946
476,gaussian_ot,0.858358,0.82358676,0.46653506
477,gaussian_ot,0.98814124,0.8314689,0.5118167
478,gaussian_ot,0.94934934,0.8006012,0.51215273
479,gaussian_ot,0.9133518,0.8370925,0.4913109
480,gaussian_ot,0.89562553,0.7763575,0.4899088
481,gaussian_ot,0.9376709,0.8166839,0.45644897
482,gaussian_ot,0.7940464,0.75131834,0.51781726
483,gaussian_ot,0.88624626,0.7968403,0.47836012
484,gaussian_ot,0.9510619,0.81551826,0.50526464
485,gaussian_ot,0.8345871,0.8464084,0.54729706
486,gaussian_ot,1.0616767,0.831332,0.50344205
487,gaussian_ot,0.89884996,0.8476366,0.50052583
488,gaussian_ot,0.8463066,0.8062085,0.5020206
489,gaussian_ot,0.8596951,0.8108133,0.4995117
490,gaussian_ot,0.949723,0.77535576,0.49537444
491,gaussian_ot,0.9435792,0.8530199,0.5135752
492,gaussian_ot,0.7916766,0.84889317,0.505677
493,gaussian_ot,0.91704565,0.81373096,0.5104428
494,gaussian_ot,0.8857305,0.8083012,0.48859164
495,gaussian_ot,0.7898279,0.7974578,0.47953078
496,gaussian_ot,0.80532616,0.8046969,0.49480358
497,gaussian_ot,0.87084484,0.8135293,0.5270838
498,gaussian_ot,0.818508,0.7888365,0.52743345
499,gaussian_ot,0.98771626,0.80142593,0.505297
500,gaussian_ot,0.8705414,0.8243297,0.46598062
501,gaussian_ot,0.99091524,0.8470997,0.4805013
502,gaussian_ot,0.8451396,0.8040898,0.50293195
503,gaussian_ot,0.9925791,0.7877374,0.49613315
504,gaussian_ot,0.9422051,0.8191415,0.4961209
505,gaussian_ot,0.8302362,0.7717091,0.49527887
506,gaussian_ot,0.9122587,0.7984022,0.49729097
507,gaussian_ot,0.8957904,0.82351625,0.504085
508,gaussian_ot,0.87656283,0.7954032,0.50717545
509,gaussian_ot,0.8423037,0.81122667,0.4828583
510,gaussian_ot,0.8501416,0.87248826,0.512175
511,gaussian_ot,0.8962874,0.82660896,0.49723256
512,gaussian_ot,0.8326571,0.78422046,0.5055647
513,gaussian_ot,0.81098425,0.81830114,0.49890292
514,gaussian_ot,0.79515696,0.8020786,0.5228671
515,gaussian_ot,0.9604515,0.77362037,0.5058518
516,gaussian_ot,0.91745603,0.72783023,0.49668556
517,gaussian_ot,0.8196998,0.8066839,0.49434364
518,gaussian_ot,0.93247217,0.7972586,0.4831536
519,gaussian_ot,0.8108321,0.8837374,0.50194925
520,gaussian_ot,0.74852204,0.8221059,0.48519382
521,gaussian_ot,0.85628307,0.8022443,0.5020686
522,gaussian_ot,0.9523966,0.7727251,0.5130199
523,gaussian_ot,0.8447823,0.8346398,0.4466106
524,gaussian_ot,0.8265827,0.75748956,0.5124062
525,gaussian_ot,0.8124953,0.85718995,0.5266815
526,gaussian_ot,0.7764857,0.81417215,0.44072098
527,gaussian_ot,0.8471727,0.81467986,0.5062062
528,gaussian_ot,0.85258114,0.8023972,0.5080135
529,gaussian_ot,0.8894592,0.80757993,0.51016855
530,gaussian_ot,0.8917003,0.80236906,0.48194924
531,gaussian_ot,0.98531586,0.8132435,0.49767378
532,gaussian_ot,0.81785816,0.8187722,0.51520944
533,gaussian_ot,0.842244,0.7560785,0.49824333
534,gaussian_ot,0.9230605,0.8266253,0.4982633
535,gaussian_ot,0.87576693,0.79065764,0.47626
536,gaussian_ot,1.0210578,0.81942,0.501205
537,gaussian_ot,0.90164167,0.7665246,0.5075861
538,gaussian_ot,0.87958544,0.7979249,0.48034257
539,gaussian_ot,1.005261,0.82145745,0.4628552
540,gaussian_ot,0.9013902,0.8048438,0.49518886
541,gaussian_ot,0.89273834,0.8031655,0.46170992
542,gaussian_ot,0.80800307,0.7888125,0.5227318
543,gaussian_ot,0.86111623,0.78790694,0.51463753
544,gaussian_ot,0.9143647,0.8079655,0.49743536
545,gaussian_ot,0.82785934,0.81060517,0.50997
546,gaussian_ot,0.890906,0.8086417,0.5228138
547,gaussian_ot,0.94738525,0.8115132,0.50694335
548,gaussian_ot,0.78073806,0.84991574,0.52725697
549,gaussian_ot,0.7918409,0.777246,0.4930538
550,gaussian_ot,0.86174005,0.7771224,0.5374831
551,gaussian_ot,0.840126,0.81610376,0.55096483
552,gaussian_ot,0.91625935,0.79205436,0.4942681
553,gaussian_ot,0.8982297,0.80446917,0.467008
554,gaussian_ot,0.80709165,0.76709527,0.51876473
555,gaussian_ot,0.8208009,0.798808,0.51292485
556,gaussian_ot,0.85653126,0.7696434,0.52530485
557,gaussian_ot,0.9066638,0.8712232,0.50695467
558,gaussian_ot,0.8356059,0.79205835,0.50572693
559,gaussian_ot,0.8497895,0.8526317,0.48831475
560,gaussian_ot,1.0559944,0.7959856,0.49152854
561,gaussian_ot,0.7735776,0.8754118,0.45504305
562,gaussian_ot,0.8560869,0.8446377,0.49830478
563,gaussian_ot,0.77989256,0.78985554,0.50531626
564,gaussian_ot,0.85924053,0.81968284,0.46710047
565,gaussian_ot,0.86054784,0.82660735,0.4869559
566,gaussian_ot,0.9318453,0.82165253,0.46604872
567,gaussian_ot,0.82794803,0.7426318,0.4903258
568,gaussian_ot,0.90537494,0.8570921,0.48831224
569,gaussian_ot,0.8200378,0.79580104,0.49455553
570,gaussian_ot,0.846132,0.86371565,0.4950844
571,gaussian_ot,0.9594141,0.78492147,0.46077102
572,gaussian_ot,0.90713114,0.8018201,0.4960489
573,gaussian_ot,0.91633874,0.8162651,0.52741176
574,gaussian_ot,0.86665565,0.77532417,0.4698084
575,gaussian_ot,0.8582881,0.8042519,0.50206476
576,gaussian_ot,0.89101756,0.8385089,0.43887955
577,gaussian_ot,0.910492,0.8101172,0.52379274
578,gaussian_ot,0.9391665,0.82894576,0.47941878
579,gaussian_ot,0.8673845,0.8703785,0.50348634
580,gaussian_ot,0.90321845,0.82281053,0.45444733
581,gaussian_ot,0.9158625,0.83091825,0.5015764
582,gaussian_ot,0.92866904,0.83722717,0.49476644
583,gaussian_ot,0.845747,0.77948534,0.47120404
584,gaussian_ot,0.89030135,0.8102152,0.5242162
585,gaussian_ot,0.9216771,0.8429475,0.4878089
586,gaussian_ot,0.76286805,0.78773165,0.5364522
587,gaussian_ot,0.894696,0.83962363,0.5030494
588,gaussian_ot,0.7996341,0.81037045,0.48615837
589,gaussian_ot,0.86562675,0.8047366,0.5325779
590,gaussian_ot,0.89845425,0.7869935,0.51485324
591,gaussian_ot,0.87706286,0.78987855,0.50340587
592,gaussian_ot,0.8319379,0.7786199,0.49860567
593,gaussian_ot,0.9364079,0.798921,0.5158154
594,gaussian_ot,0.8697883,0.82323366,0.50953037
595,gaussian_ot,0.8654675,0.8350627,0.54154617
596,gaussian_ot,0.80188245,0.8075752,0.47519913
597,gaussian_ot,0.91067654,0.8138844,0.51086277
598,gaussian_ot,0.9950706,0.7939855,0.50659627
599,gaussian_ot,0.8940164,0.8267243,0.5204175
600,gaussian_ot,0.8581927,0.7701085,0.467251
601,gaussian_ot,0.92889166,0.81584406,0.51331437
602,gaussian_ot,0.9665575,0.8657863,0.5161881
603,gaussian_ot,0.8258407,0.81911707,0.44940907
604,gaussian_ot,0.8375697,0.8307307,0.48798713
605,gaussian_ot,1.0202309,0.8084618,0.48999056
606,gaussian_ot,0.82960695,0.79544675,0.4596421
607,gaussian_ot,0.85087454,0.81307244,0.5062897
608,gaussian_ot,0.8828306,0.8281668,0.4811255
609,gaussian_ot,1.0414523,0.8335101,0.5056844
610,gaussian_ot,0.8906374,0.83007157,0.52233785
611,gaussian_ot,0.889667,0.7688911,0.50680846
612,gaussian_ot,0.90484416,0.8128643,0.48504224
613,gaussian_ot,0.89636207,0.83344346,0.49231142
614,gaussian_ot,0.88963646,0.8151365,0.5106252
615,gaussian_ot,0.87896335,0.8263756,0.47350633
616,gaussian_ot,0.89107794,0.78231734,0.5129246
617,gaussian_ot,0.82088566,0.86754364,0.47212437
618,gaussian_ot,0.89576524,0.7682998,0.5245308
619,gaussian_ot,0.8606728,0.8504305,0.50049955
620,gaussian_ot,0.94328916,0.7677161,0.5012099
621,gaussian_ot,0.8931998,0.79494596,0.5257684
622,gaussian_ot,0.7540724,0.7463116,0.481306
623,gaussian_ot,0.9312212,0.8533846,0.53176653
624,gaussian_ot,0.83354694,0.7866483,0.51475286
625,gaussian_ot,0.7625039,0.78534377,0.5056809
626,gaussian_ot,0.7961828,0.85239667,0.4828557
627,gaussian_ot,0.82142043,0.8104136,0.48334134
628,gaussian_ot,0.9190676,0.8030818,0.5296638
629,gaussian_ot,0.883934,0.83695906,0.468388
630,gaussian_ot,0.9299674,0.8438807,0.4506607
631,gaussian_ot,0.8608892,0.830496,0.5031969
632,gaussian_ot,0.9680514,0.795137,0.49788418
633,gaussian_ot,0.8653367,0.8289095,0.47565332
634,gaussian_ot,0.8626507,0.8142435,0.45165542
635,gaussian_ot,0.835779,0.7571671,0.50094765
636,gaussian_ot,0.86242455,0.82924384,0.4960481
637,gaussian_ot,0.9095779,0.8531786,0.5030082
638,gaussian_ot,0.9105998,0.8083277,0.46911976
639,gaussian_ot,0.90315557,0.79667765,0.48483637
640,gaussian_ot,0.83440596,0.81559014,0.5033592
641,gaussian_ot,0.868252,0.85598516,0.51745784
642,gaussian_ot,0.9249957,0.83528566,0.47196245
643,gaussian_ot,0.8808685,0.80329174,0.4687367
644,gaussian_ot,0.84386855,0.8553981,0.4899065
645,gaussian_ot,1.058327,0.7866387,0.4848652
646,gaussian_ot,0.8038734,0.8226089,0.48582208
647,gaussian_ot,0.9636042,0.7929394,0.49416307
648,gaussian_ot,0.9249758,0.79375124,0.49733585
649,gaussian_ot,0.8916996,0.7948078,0.5216417
650,gaussian_ot,0.8191403,0.71363705,0.4871037
651,gaussian_ot,0.90261924,0.771797,0.4808606
652,gaussian_ot,0.9037597,0.8273637,0.518827
653,gaussian_ot,0.96415657,0.8144613,0.48957717
654,gaussian_ot,0.8634938,0.83485866,0.49889642
655,gaussian_ot,0.8230188,0.83340824,0.51985234
656,gaussian_ot,1.0150157,0.82432145,0.4878441
657,gaussian_ot,0.93005776,0.7955839,0.4881102
658,gaussian_ot,0.98766726,0.81302905,0.50556976
659,gaussian_ot,0.7995533,0.77435374,0.446152
660,gaussian_ot,0.9232366,0.8459168,0.55736756
661,gaussian_ot,0.9058164,0.7738651,0.5210797
662,gaussian_ot,0.90199,0.7564407,0.48777053
663,gaussian_ot,0.98684734,0.78611183,0.48140305
664,gaussian_ot,0.88985866,0.8155336,0.5216861
665,gaussian_ot,1.0018893,0.80806965,0.49978873
666,gaussian_ot,0.83466744,0.78983235,0.4874542
667,gaussian_ot,0.7683693,0.8208979,0.46708563
668,gaussian_ot,0.78426486,0.80162364,0.47134668
669,gaussian_ot,0.89878076,0.8115881,0.49598897
670,gaussian_ot,0.8242123,0.7666373,0.45073217
671,gaussian_ot,0.9011665,0.8117817,0.5027833
672,gaussian_ot,0.88137376,0.8055937,0.5406822
673,gaussian_ot,0.8208112,0.8201253,0.481203
674,gaussian_ot,0.9550736,0.79994977,0.47508392
675,gaussian_ot,0.90215224,0.82568073,0.49916902
676,gaussian_ot,1.0073794,0.83339167,0.48418197
677,gaussian_ot,0.9154138,0.80068624,0.49511036
678,gaussian_ot,0.88147736,0.75987214,0.4963117
679,gaussian_ot,0.8394671,0.7936586,0.4888597
680,gaussian_ot,0.777435,0.81100094,0.5274545
681,gaussian_ot,0.83817315,0.86230356,0.49544472
682,gaussian_ot,0.8766984,0.82978314,0.47332966
683,gaussian_ot,0.8404355,0.80865616,0.48741058
684,gaussian_ot,0.78485733,0.80907804,0.51807666
685,gaussian_ot,0.82167876,0.8258274,0.5058353
686,gaussian_ot,0.8769244,0.8046856,0.5101978
687,gaussian_ot,0.9747393,0.79010373,0.47458714
688,gaussian_ot,0.944887,0.8415643,0.5022653
689,gaussian_ot,0.94489384,0.85276324,0.50193024
690,gaussian_ot,0.86919373,0.7639732,0.47725907
691,gaussian_ot,0.84542185,0.80810297,0.4908865
692,gaussian_ot,0.8055169,0.7992482,0.5299537
693,gaussian_ot,0.84930044,0.8018646,0.47859216
694,gaussian_ot,0.81549543,0.85879487,0.544771
695,gaussian_ot,0.90358543,0.8273666,0.45912996
696,gaussian_ot,0.75734407,0.78061795,0.49956474
697,gaussian_ot,0.89991754,0.8071005,0.49038398
698,gaussian_ot,0.89382815,0.8057714,0.49548274
699,gaussian_ot,0.9135378,0.83959156,0.5077114
700,gaussian_ot,0.9195008,0.82573104,0.4772543
701,gaussian_ot,0.8643711,0.8364857,0.48470187
702,gaussian_ot,0.86272866,0.80248415,0.5405543
703,gaussian_ot,0.8802398,0.80551934,0.5104394
704,gaussian_ot,0.815828,0.75670534,0.49285907
705,gaussian_ot,0.8945748,0.8033239,0.53346485
706,gaussian_ot,0.84526914,0.92529786,0.48267922
707,gaussian_ot,0.8901841,0.8841013,0.4976235
708,gaussian_ot,0.8008885,0.79270464,0.5099937
709,gaussian_ot,0.8398334,0.8171623,0.4981821
710,gaussian_ot,0.9193493,0.81869423,0.5363447
711,gaussian_ot,0.95107424,0.80915385,0.5252012
712,gaussian_ot,0.8382778,0.8189826,0.49949038
713,gaussian_ot,0.9589698,0.8250465,0.47081682
714,gaussian_ot,0.80106014,0.80833864,0.5292578
715,gaussian_ot,0.82710934,0.8153776,0.49640945
716,gaussian_ot,0.8944377,0.8409405,0.5047892
717,gaussian_ot,0.8530527,0.86079144,0.49838907
718,gaussian_ot,0.8112056,0.7579795,0.46939847
719,gaussian_ot,0.8055728,0.80146617,0.49040464
720,gaussian_ot,0.8737011,0.82167995,0.48584405
721,gaussian_ot,0.83547425,0.8280342,0.5018851
722,gaussian_ot,0.85332036,0.80054986,0.48767266
723,gaussian_ot,0.81531644,0.8110094,0.49360353
724,gaussian_ot,0.8814938,0.79655874,0.5198272
725,gaussian_ot,0.8773544,0.8210517,0.507752
726,gaussian_ot,0.88374305,0.8357203,0.47935468
727,gaussian_ot,0.81305563,0.809302,0.49396858
728,gaussian_ot,0.8938035,0.8241164,0.51489186
729,gaussian_ot,0.88471013,0.824697,0.49483705
730,gaussian_ot,0.73166126,0.8120428,0.5405406
731,gaussian_ot,0.88816184,0.83890533,0.49266204
732,gaussian_ot,0.7980872,0.76697296,0.4966567
733,gaussian_ot,0.8071439,0.80571294,0.4803069
734,gaussian_ot,0.71239257,0.8561537,0.46639282
735,gaussian_ot,0.84957814,0.78116524,0.49701083
736,gaussian_ot,0.8486333,0.8715665,0.5090288
737,gaussian_ot,0.85336226,0.855749,0.48080495
738,gaussian_ot,0.9765856,0.7814593,0.49312818
739,gaussian_ot,0.85476065,0.830083,0.50696987
740,gaussian_ot,0.9177759,0.80244195,0.4911747
741,gaussian_ot,0.9611591,0.7761179,0.5104869
742,gaussian_ot,0.8861473,0.76988345,0.5118489
743,gaussian_ot,0.9072731,0.77235705,0.49170572
744,gaussian_ot,0.89360493,0.81001765,0.50015557
745,gaussian_ot,0.9152713,0.84419316,0.50836307
746,gaussian_ot,0.84466624,0.8167503,0.47817627
747,gaussian_ot,0.943155,0.83926356,0.5595478
748,gaussian_ot,0.83665323,0.8132071,0.49528155
749,gaussian_ot,0.8548605,0.8019999,0.5067059
750,gaussian_ot,0.9693903,0.80463785,0.4620383
751,gaussian_ot,0.9914349,0.78701323,0.45306888
752,gaussian_ot,0.84630996,0.8312125,0.5080151
753,gaussian_ot,0.9576298,0.77689946,0.5368524
754,gaussian_ot,0.82505023,0.7541039,0.47868252
755,gaussian_ot,0.9819004,0.82523423,0.47412372
756,gaussian_ot,0.7794019,0.7868532,0.5203447
757,gaussian_ot,0.9376314,0.8297852,0.4749921
758,gaussian_ot,0.89111775,0.7897675,0.5030585
759,gaussian_ot,0.8825797,0.84368366,0.50755054
760,gaussian_ot,0.8678385,0.79333055,0.51140195
761,gaussian_ot,0.82255167,0.8213507,0.5124194
762,gaussian_ot,0.86227477,0.7862474,0.47796598
763,gaussian_ot,0.9103398,0.8474308,0.5240562
764,gaussian_ot,0.8688839,0.79111445,0.461286
765,gaussian_ot,0.8733519,0.8202852,0.5105472
766,gaussian_ot,0.8321303,0.8272838,0.49330267
767,gaussian_ot,0.79223,0.7954597,0.50084186
768,gaussian_ot,0.90769565,0.8148214,0.4810456
769,gaussian_ot,0.9129294,0.8000926,0.5128276
770,gaussian_ot,0.7720101,0.82936835,0.433335
771,gaussian_ot,0.83849657,0.80782187,0.5269008
772,gaussian_ot,0.84675735,0.78983635,0.51286733
773,gaussian_ot,0.84022003,0.8216056,0.4698317
774,gaussian_ot,0.83751786,0.8477663,0.47417903
775,gaussian_ot,0.920644,0.776405,0.47413337
776,gaussian_ot,0.8774438,0.84335625,0.5079259
777,gaussian_ot,0.89689946,0.8129239,0.4764186
778,gaussian_ot,0.9599769,0.887966,0.5340162
779,gaussian_ot,0.9011001,0.8158721,0.5692312
780,gaussian_ot,0.9280143,0.85872686,0.5094458
781,gaussian_ot,0.8957403,0.77631474,0.4901512
782,gaussian_ot,0.83815914,0.7674215,0.5164279
783,gaussian_ot,0.8829048,0.8142258,0.50015384
784,gaussian_ot,0.9172005,0.7869012,0.49397877
785,gaussian_ot,0.88752925,0.7755747,0.45002386
786,gaussian_ot,0.7742613,0.77788866,0.50061995
787,gaussian_ot,0.8976469,0.82094246,0.47308335
788,gaussian_ot,0.9039226,0.82572734,0.501696
789,gaussian_ot,0.9041518,0.82423085,0.46922293
790,gaussian_ot,0.90781873,0.8241772,0.49018157
791,gaussian_ot,0.8203271,0.7781635,0.48053026
792,gaussian_ot,0.8743241,0.7928312,0.5036975
793,gaussian_ot,0.8886237,0.7756728,0.4832525
794,gaussian_ot,0.8210462,0.81742644,0.48030144
795,gaussian_ot,0.91347134,0.8188007,0.4977983
796,gaussian_ot,0.9078075,0.8146868,0.4964253
797,gaussian_ot,0.81636155,0.8289682,0.5205798
798,gaussian_ot,0.846997,0.8231838,0.6089195
799,gaussian_ot,0.91815054,0.77468705,0.47100985
800,gaussian_ot,0.84436977,0.7887561,0.49516523
801,gaussian_ot,0.90891784,0.8346974,0.48279968
802,gaussian_ot,0.94549054,0.77594954,0.47563985
803,gaussian_ot,0.857843,0.84093684,0.5252276
804,gaussian_ot,0.89539635,0.7871224,0.45003965
805,gaussian_ot,0.89674246,0.78145635,0.48974562
806,gaussian_ot,0.82119817,0.82949096,0.5313625
807,gaussian_ot,0.85488325,0.7749366,0.50893915
808,gaussian_ot,0.8818531,0.8317933,0.51888454
809,gaussian_ot,0.7987703,0.80453503,0.46664044
810,gaussian_ot,0.7832062,0.8363489,0.5261541
811,gaussian_ot,0.8180987,0.7406021,0.507925
812,gaussian_ot,0.933029,0.8210443,0.52743685
813,gaussian_ot,0.89714986,0.826528,0.49368462
814,gaussian_ot,0.98992956,0.81564397,0.5435427
815,gaussian_ot,0.9671458,0.82492536,0.50682116
816,gaussian_ot,0.83648133,0.78304476,0.45887408
817,gaussian_ot,0.827564,0.81314784,0.49276793
818,gaussian_ot,0.9641094,0.80339557,0.49991852
819,gaussian_ot,0.9710929,0.7811562,0.5062146
820,gaussian_ot,0.83679,0.8423309,0.5096368
821,gaussian_ot,0.8264224,0.8082423,0.5056814
822,gaussian_ot,0.90091425,0.7984502,0.49837497
823,gaussian_ot,0.8215948,0.795064,0.5053788
824,gaussian_ot,0.8536106,0.7959316,0.5028967
825,gaussian_ot,0.9197743,0.7652606,0.5110409
826,gaussian_ot,0.93729466,0.81801206,0.52307576
827,gaussian_ot,0.83591694,0.79356843,0.49304184
828,gaussian_ot,0.882755,0.832499,0.48656398
829,gaussian_ot,0.91400963,0.84382904,0.5196133
830,gaussian_ot,0.8008896,0.82189757,0.46237567
831,gaussian_ot,0.83909416,0.80107975,0.51413554
832,gaussian_ot,0.8789788,0.81258667,0.5352829
833,gaussian_ot,0.8668618,0.8180766,0.5288888
834,gaussian_ot,0.896665,0.78226614,0.5122605
835,gaussian_ot,0.8825013,0.7972052,0.52582455
836,gaussian_ot,0.8809558,0.87826264,0.451211
837,gaussian_ot,0.8160082,0.80628806,0.53168833
838,gaussian_ot,0.8711323,0.78345865,0.48300588
839,gaussian_ot,0.85154444,0.85085136,0.44120055
840,gaussian_ot,1.0973908,0.8243932,0.49028087
841,gaussian_ot,0.9134794,0.77870655,0.47675017
842,gaussian_ot,0.83320445,0.81536216,0.50068414
843,gaussian_ot,0.8741655,0.7986075,0.47287175
844,gaussian_ot,0.9714138,0.8292482,0.48044804
845,gaussian_ot,0.873275,0.8445551,0.50189763
846,gaussian_ot,0.8305564,0.83587265,0.45450023
847,gaussian_ot,0.894518,0.81644386,0.46331254
848,gaussian_ot,0.8543735,0.8178605,0.470372
849,gaussian_ot,0.79974955,0.820537,0.5176751
850,gaussian_ot,0.75410557,0.8291951,0.508003
851,gaussian_ot,0.82102966,0.8451124,0.5077457
852,gaussian_ot,0.8624316,0.7763176,0.5039049
853,gaussian_ot,0.8652456,0.80114573,0.49987066
854,gaussian_ot,0.7865416,0.81474334,0.507356
855,gaussian_ot,0.89810115,0.84372646,0.4959777
856,gaussian_ot,0.9315814,0.82290155,0.47980464
857,gaussian_ot,0.84399974,0.8001345,0.5273665
858,gaussian_ot,0.8777834,0.76821125,0.49026322
859,gaussian_ot,0.8428277,0.82008433,0.50312287
860,gaussian_ot,0.8838348,0.83190256,0.50805503
861,gaussian_ot,0.8505177,0.8133174,0.4913366
862,gaussian_ot,0.9324406,0.837804,0.485714
863,gaussian_ot,0.8590423,0.8291866,0.4899785
864,gaussian_ot,0.8429542,0.7996399,0.52299243
865,gaussian_ot,0.9211167,0.7871107,0.48136103
866,gaussian_ot,0.95082605,0.8646174,0.48130882
867,gaussian_ot,0.87047535,0.91456515,0.52007776
868,gaussian_ot,0.8563618,0.79778177,0.49784693
869,gaussian_ot,0.8691384,0.81013393,0.48462707
870,gaussian_ot,0.8690863,0.7697906,0.4875313
871,gaussian_ot,0.95866555,0.76745325,0.47981724
872,gaussian_ot,0.88042426,0.81796134,0.47247407
873,gaussian_ot,0.9015478,0.79907954,0.4985675
874,gaussian_ot,0.92002153,0.8380457,0.52181375
875,gaussian_ot,0.99225885,0.7933048,0.4830684
876,gaussian_ot,0.891,0.76195395,0.48139784
877,gaussian_ot,0.8375781,0.8124561,0.47816038
878,gaussian_ot,0.86360925,0.8209084,0.5003586
879,gaussian_ot,0.9612781,0.8560054,0.45533794
880,gaussian_ot,0.889144,0.8027858,0.4759194
881,gaussian_ot,0.9088464,0.80181235,0.51219654
882,gaussian_ot,0.87059075,0.8092705,0.5471843
883,gaussian_ot,0.8320241,0.8448191,0.48528346
884,gaussian_ot,0.85133415,0.79393995,0.5167256
885,gaussian_ot,0.94298184,0.78189796,0.47773117
886,gaussian_ot,0.91196823,0.7796791,0.50865465
887,gaussian_ot,0.8892444,0.80401534,0.4879026
888,gaussian_ot,0.9271618,0.791271,0.50613946
889,gaussian_ot,0.9627228,0.7366285,0.49654734
890,gaussian_ot,0.84238356,0.83976614,0.5011743
891,gaussian_ot,0.8765871,0.8011413,0.5011356
892,gaussian_ot,0.8405524,0.8192982,0.5087641
893,gaussian_ot,0.84923434,0.8461087,0.5302227
894,gaussian_ot,0.8532259,0.832778,0.48303205
895,gaussian_ot,0.8979776,0.85950387,0.515794
896,gaussian_ot,0.795852,0.8220819,0.48540866
897,gaussian_ot,0.8519284,0.82086915,0.4679993
898,gaussian_ot,0.8731472,0.81491584,0.5144513
899,gaussian_ot,0.94845414,0.7822036,0.50011885
900,gaussian_ot,0.80577916,0.8415722,0.50248086
901,gaussian_ot,0.859891,0.8622175,0.49095383
902,gaussian_ot,0.9764875,0.8019649,0.4891776
903,gaussian_ot,0.841761,0.8113349,0.5094356
904,gaussian_ot,0.86941963,0.8050456,0.49158695
905,gaussian_ot,0.8465944,0.7595983,0.46786073
906,gaussian_ot,0.8560479,0.776658,0.5051865
907,gaussian_ot,1.0227295,0.81449896,0.43215138
908,gaussian_ot,0.84403133,0.8556807,0.48407796
909,gaussian_ot,0.99209607,0.8308192,0.5185558
910,gaussian_ot,0.90129054,0.83480734,0.4920603
911,gaussian_ot,0.82548064,0.7984749,0.5032557
912,gaussian_ot,0.8642011,0.786829,0.49755514
913,gaussian_ot,0.9151344,0.81726146,0.49915984
914,gaussian_ot,0.90264475,0.8248054,0.490579
915,gaussian_ot,0.9239072,0.80460304,0.50141984
916,gaussian_ot,0.99887204,0.8014958,0.46405864
917,gaussian_ot,0.85289294,0.83943087,0.46892777
918,gaussian_ot,0.86867267,0.79382724,0.46425343
919,gaussian_ot,0.882662,0.77762175,0.4994815
920,gaussian_ot,0.85727626,0.7910934,0.5098291
921,gaussian_ot,0.9264597,0.85598564,0.5028794
922,gaussian_ot,0.8173482,0.8498042,0.45383456
923,gaussian_ot,0.8645511,0.88389623,0.54585004
924,gaussian_ot,0.8390308,0.80559033,0.51016134
925,gaussian_ot,0.83795613,0.78737956,0.49165925
926,gaussian_ot,0.8450839,0.8351906,0.48950252
927,gaussian_ot,0.9519681,0.8276954,0.44848436
928,gaussian_ot,0.84463954,0.809167,0.5094692
929,gaussian_ot,0.85837793,0.83520126,0.5171749
930,gaussian_ot,0.85961056,0.8218258,0.48447222
931,gaussian_ot,0.8841537,0.8387048,0.53565085
932,gaussian_ot,0.8691653,0.81094146,0.5574747
933,gaussian_ot,0.9795229,0.80812246,0.5093556
934,gaussian_ot,0.903342,0.8238639,0.4822224
935,gaussian_ot,0.7972386,0.8066504,0.5320609
936,gaussian_ot,0.7840387,0.78464496,0.49938416
937,gaussian_ot,0.91817915,0.8050954,0.5271407
938,gaussian_ot,0.7853217,0.8186332,0.5153593
939,gaussian_ot,0.8629791,0.83843416,0.49886152
940,gaussian_ot,0.83676434,0.77774084,0.48887232
941,gaussian_ot,0.97201085,0.80887765,0.50847596
942,gaussian_ot,0.8935544,0.7867321,0.47172442
943,gaussian_ot,0.96815056,0.8165974,0.47357476
944,gaussian_ot,0.8532198,0.82536596,0.45622292
945,gaussian_ot,0.8345463,0.8063308,0.48300126
946,gaussian_ot,0.87963206,0.79784507,0.46222368
947,gaussian_ot,0.7557766,0.79325587,0.480861
948,gaussian_ot,0.90470487,0.8272638,0.47583115
949,gaussian_ot,0.7635691,0.7995534,0.46197608
950,gaussian_ot,0.8600156,0.80512464,0.4957583
951,gaussian_ot,0.90897334,0.8330609,0.5111353
952,gaussian_ot,0.8560618,0.80549556,0.5039208
953,gaussian_ot,0.76814526,0.8400468,0.51974255
954,gaussian_ot,0.905601,0.817595,0.5078328
955,gaussian_ot,0.84842306,0.843744,0.48482838
956,gaussian_ot,0.9631667,0.8195297,0.45272157
957,gaussian_ot,0.82593876,0.7799854,0.49713856
958,gaussian_ot,0.93931437,0.86469996,0.566155
959,gaussian_ot,0.91629034,0.8712977,0.4697757
960,gaussian_ot,0.8713129,0.81181175,0.50714576
961,gaussian_ot,0.7946235,0.8217299,0.49434122
962,gaussian_ot,0.97967166,0.82462734,0.47529963
963,gaussian_ot,0.8620854,0.7490911,0.49139553
964,gaussian_ot,0.8204927,0.8682135,0.5258077
965,gaussian_ot,0.9439347,0.81629986,0.5515036
966,gaussian_ot,0.84629714,0.8164571,0.51253295
967,gaussian_ot,0.8873172,0.7881172,0.50168866
968,gaussian_ot,0.8489637,0.7953592,0.49532673
969,gaussian_ot,0.81719226,0.85362995,0.50992775
970,gaussian_ot,0.9023151,0.8116725,0.47732943
971,gaussian_ot,0.89608157,0.7941943,0.46686506
972,gaussian_ot,0.8161263,0.7968268,0.49780023
973,gaussian_ot,0.8231878,0.8522855,0.4634097
974,gaussian_ot,0.82840794,0.7600488,0.49524438
975,gaussian_ot,0.8632424,0.73435324,0.49050242
976,gaussian_ot,0.97172624,0.78964084,0.484651
977,gaussian_ot,0.91838217,0.8292282,0.501668
978,gaussian_ot,0.8917848,0.80067784,0.49206868
979,gaussian_ot,0.87765306,0.78394604,0.5181641
980,gaussian_ot,0.8962217,0.79748315,0.47990462
981,gaussian_ot,0.88489395,0.83235335,0.4880239
982,gaussian_ot,0.9328942,0.80772686,0.52580684
983,gaussian_ot,0.7458923,0.82595676,0.5237546
984,gaussian_ot,0.89534426,0.80998,0.50950813
985,gaussian_ot,0.84605086,0.80344087,0.4938142
986,gaussian_ot,0.83485013,0.83722615,0.49940783
987,gaussian_ot,0.8000085,0.8280371,0.49997574
988,gaussian_ot,0.8515386,0.8605743,0.46337068
989,gaussian_ot,0.8612757,0.81440485,0.5040744
990,gaussian_ot,0.8597662,0.7882991,0.5010972
991,gaussian_ot,0.8854654,0.8294885,0.51036465
992,gaussian_ot,0.94974697,0.785586,0.45814398
993,gaussian_ot,0.8323241,0.79474103,0.5164969
994,gaussian_ot,0.8483077,0.8761382,0.4714727
995,gaussian_ot,0.87047285,0.84854335,0.47879952
996,gaussian_ot,0.88443387,0.79508203,0.4819141
997,gaussian_ot,0.8359271,0.8071411,0.4993067
998,gaussian_ot,0.887308,0.78598285,0.51956135
999,gaussian_ot,0.95331365,0.7958285,0.49993187
0,pixel_linear,0.8706405,0.8955357,0.48934358
1,pixel_linear,0.90405464,0.8587607,0.59983
2,pixel_linear,0.86716074,0.806496,0.53923386
3,pixel_linear,0.95770884,0.9399189,0.41497537
4,pixel_linear,0.9339311,0.9330378,0.4572034
5,pixel_linear,0.98023736,0.82904553,0.4681852
6,pixel_linear,0.8543421,0.8544693,0.45774207
7,pixel_linear,0.82450974,0.8629377,0.58861727
8,pixel_linear,0.95287985,0.86251336,0.4944658
9,pixel_linear,1.0653003,0.8436674,0.47222227
10,pixel_linear,1.0175375,0.8852338,0.44570467
11,pixel_linear,0.9809098,0.8885722,0.48075992
12,pixel_linear,0.9443427,0.9172221,0.5709826
13,pixel_linear,0.81995624,0.8224033,0.49101314
14,pixel_linear,1.0729127,0.8880326,0.5113412
15,pixel_linear,0.94036436,0.7636424,0.3954929
16,pixel_linear,0.87848103,0.85503834,0.44930074
17,pixel_linear,0.88867104,0.8812108,0.48394427
18,pixel_linear,0.9639504,0.93570095,0.4755196
19,pixel_linear,0.94468355,0.7928399,0.5620599
20,pixel_linear,0.9541598,0.8313254,0.44827217
21,pixel_linear,0.9050333,0.87419087,0.48267785
22,pixel_linear,0.8849705,0.9133736,0.533509
23,pixel_linear,0.8314165,0.8901709,0.39453664
24,pixel_linear,1.1330444,1.0149592,0.5244925
25,pixel_linear,1.2787108,1.0096548,0.59630316
26,pixel_linear,0.98301053,0.85281074,0.48987967
27,pixel_linear,0.87834615,0.91948634,0.4119775
28,pixel_linear,0.88051206,0.74539,0.43016765
29,pixel_linear,0.92542344,0.8289889,0.49470198
30,pixel_linear,1.0426573,0.876213,0.54619455
31,pixel_linear,1.014733,0.77352774,0.5119815
32,pixel_linear,0.82551104,0.87039524,0.4189171
33,pixel_linear,0.8853865,0.85078573,0.5605067
34,pixel_linear,0.92075413,0.7907045,0.4248988
35,pixel_linear,1.1216816,0.8759868,0.45367992
36,pixel_linear,0.9133889,0.97671896,0.54462695
37,pixel_linear,0.83469605,0.8289224,0.5521124
38,pixel_linear,0.75757277,1.0576934,0.6361732
39,pixel_linear,0.7332747,0.85953486,0.50251263
40,pixel_linear,0.8961469,0.94875395,0.4802707
41,pixel_linear,0.9067105,0.94831127,0.59619015
42,pixel_linear,0.88809425,0.78778905,0.46693653
43,pixel_linear,0.765458,0.78212744,0.41685244
44,pixel_linear,1.036662,0.7469342,0.5553992
45,pixel_linear,1.0367591,0.8548539,0.44133967
46,pixel_linear,1.1314278,0.84287214,0.45543164
47,pixel_linear,0.87097365,0.85351837,0.5041143
48,pixel_linear,0.8069531,0.73519427,0.48950812
49,pixel_linear,0.9144705,0.85278624,0.39650726
50,pixel_linear,1.1246983,0.82993376,0.5364233
51,pixel_linear,0.8349354,0.82624793,0.5325247
52,pixel_linear,0.87382585,0.8485224,0.4689395
53,pixel_linear,0.9274916,0.8974882,0.49698862
54,pixel_linear,0.94125605,0.82755446,0.49427718
55,pixel_linear,0.9346079,0.8924258,0.5612478
56,pixel_linear,0.8200356,0.805545,0.5459757
57,pixel_linear,0.734393,0.80996495,0.50567114
58,pixel_linear,0.8487827,0.76766604,0.5337085
59,pixel_linear,0.8834737,0.80167556,0.46301344
60,pixel_linear,0.86789894,0.90299314,0.5284765
61,pixel_linear,0.8982304,0.76926404,0.5522712
62,pixel_linear,0.89420986,0.82205707,0.4607814
63,pixel_linear,0.8963036,0.78277713,0.36294565
64,pixel_linear,0.8908373,0.77877504,0.42129162
65,pixel_linear,1.0532864,0.8342022,0.43611974
66,pixel_linear,0.98295313,0.8575221,0.46593297
67,pixel_linear,0.75837636,1.035827,0.4659681
68,pixel_linear,0.9242374,0.90965736,0.4168079
69,pixel_linear,0.88525176,0.85299695,0.59792536
70,pixel_linear,0.960841,0.93030745,0.52275735
71,pixel_linear,0.8758176,0.8580452,0.47051576
72,pixel_linear,1.1036847,0.88762194,0.53589535
73,pixel_linear,0.9125655,0.8556947,0.47909
74,pixel_linear,0.96860397,0.8939369,0.37208617
75,pixel_linear,0.95936203,0.83088773,0.43493354
76,pixel_linear,1.0290272,0.8618604,0.4866094
77,pixel_linear,0.90031266,1.0201195,0.28144163
78,pixel_linear,0.9052498,0.74876547,0.7109411
79,pixel_linear,0.8704351,0.8517308,0.58864456
80,pixel_linear,1.5024345,0.96874243,0.37800354
81,pixel_linear,1.1579721,0.9068394,0.42800394
82,pixel_linear,0.9348188,0.8716599,0.5378471
83,pixel_linear,0.8286115,0.82400006,0.5436241
84,pixel_linear,0.9628732,0.8308366,0.6884999
85,pixel_linear,0.8953138,0.8083689,0.51602125
86,pixel_linear,0.852638,0.7832158,0.53109175
87,pixel_linear,1.0650898,0.8710219,0.47473884
88,pixel_linear,1.026523,0.82037395,0.44436827
89,pixel_linear,1.0090823,0.86754197,0.5023489
90,pixel_linear,0.98775643,0.95031536,0.39870706
91,pixel_linear,1.0274593,0.8140184,0.44529003
92,pixel_linear,0.9624285,0.84233403,0.4658475
93,pixel_linear,0.92968297,0.83379686,0.5332175
94,pixel_linear,0.94466484,0.88474274,0.49331877
95,pixel_linear,0.81078935,0.8118958,0.46315205
96,pixel_linear,0.994089,0.8957401,0.5511503
97,pixel_linear,1.0935936,0.8737004,0.5524541
98,pixel_linear,0.81742007,0.8922909,0.5624483
99,pixel_linear,1.0994927,0.9398176,0.4944354
100,pixel_linear,0.984842,0.84656054,0.46313864
101,pixel_linear,0.8520303,0.91325927,0.5189607
102,pixel_linear,0.88377166,0.7824619,0.3924082
103,pixel_linear,1.2077625,0.84431374,0.4233243
104,pixel_linear,0.90353584,0.9313983,0.47135377
105,pixel_linear,1.0053908,0.8389868,0.4686648
106,pixel_linear,0.8388994,0.81044006,0.4423932
107,pixel_linear,0.83564025,0.86150503,0.41995248
108,pixel_linear,0.7335217,0.8417208,0.4480518
109,pixel_linear,0.74633664,0.775826,0.6094952
110,pixel_linear,0.89093953,0.8289062,0.5179342
111,pixel_linear,0.8482083,0.97930366,0.634318
112,pixel_linear,0.97887003,0.95148,0.4763555
113,pixel_linear,0.8851007,0.8207588,0.51515454
114,pixel_linear,0.9456223,0.7805045,0.46889794
115,pixel_linear,0.9181852,0.92391884,0.5255808
116,pixel_linear,0.9897804,0.8568496,0.42589182
117,pixel_linear,0.86857903,0.83982646,0.57974356
118,pixel_linear,0.8115886,0.8496553,0.57530385
119,pixel_linear,0.8756524,0.8090816,0.46473542
120,pixel_linear,0.9459373,0.79124403,0.4636742
121,pixel_linear,0.9256396,0.8521032,0.42057008
122,pixel_linear,0.9628313,0.87225384,0.59363973
123,pixel_linear,0.9844668,1.0159591,0.4456352
124,pixel_linear,0.73034585,0.7656822,0.49901462
125,pixel_linear,0.981712,1.0689945,0.40507612
126,pixel_linear,0.8701254,0.8051253,0.420788
127,pixel_linear,0.85197157,0.72083545,0.47929585
128,pixel_linear,0.80209213,0.8364315,0.5329184
129,pixel_linear,0.94410485,0.98265857,0.4021179
130,pixel_linear,0.82874006,0.9561233,0.40095675
131,pixel_linear,0.992928,0.85973006,0.48921603
132,pixel_linear,0.87829137,0.82860863,0.46593595
133,pixel_linear,1.1345686,0.96599776,0.43901023
134,pixel_linear,0.8537404,0.8347143,0.43341002
135,pixel_linear,0.93519366,0.8310148,0.45849735
136,pixel_linear,0.94289,0.92325616,0.46131748
137,pixel_linear,0.7588357,0.7786714,0.42835194
138,pixel_linear,1.0784558,0.86654586,0.44164547
139,pixel_linear,0.9540951,0.88670635,0.5641565
140,pixel_linear,0.89288336,0.87202084,0.5104681
141,pixel_linear,0.92058986,0.9248567,0.59663004
142,pixel_linear,0.9749966,1.1835403,0.29447797
143,pixel_linear,0.9259534,0.94120026,0.38510013
144,pixel_linear,0.8382575,0.88142866,0.48519015
145,pixel_linear,0.9947429,0.8874744,0.43273637
146,pixel_linear,0.9252576,1.0624686,0.44575998
147,pixel_linear,0.89358294,0.86317855,0.45074233
148,pixel_linear,0.8276953,0.8707441,0.4812336
149,pixel_linear,0.9016415,0.8566641,0.4234802
150,pixel_linear,1.0366237,1.0002351,0.5566213
151,pixel_linear,1.1285797,0.860055,0.4649001
152,pixel_linear,0.91553456,0.87757725,0.5126925
153,pixel_linear,0.78599554,0.8961778,0.5587343
154,pixel_linear,0.9399411,0.9127739,0.4171993
155,pixel_linear,0.8134202,0.88070834,0.5353488
156,pixel_linear,0.91714853,0.845706,0.48838434
157,pixel_linear,0.9307179,0.8814384,0.5359125
158,pixel_linear,1.0148476,0.8453523,0.52645934
159,pixel_linear,1.0369192,0.96174514,0.49567392
160,pixel_linear,0.9870543,0.88585657,0.5369985
161,pixel_linear,1.0194952,0.7690488,0.52573144
162,pixel_linear,0.89644194,0.9090505,0.626774
163,pixel_linear,1.0095272,0.9383026,0.49741897
164,pixel_linear,0.9616981,0.8464713,0.5021766
165,pixel_linear,0.92142946,0.8552296,0.5279135
166,pixel_linear,0.82782257,0.7793568,0.4795843
167,pixel_linear,0.871177,0.786565,0.5349144
168,pixel_linear,0.9378525,0.79230237,0.49051213
169,pixel_linear,0.928854,0.8293028,0.5784099
170,pixel_linear,0.857141,0.91521364,0.50005406
171,pixel_linear,0.94549894,0.83815426,0.54109603
172,pixel_linear,0.97316426,0.82147896,0.37004614
173,pixel_linear,0.87285316,0.910914,0.5681706
174,pixel_linear,0.96405756,0.88064474,0.5304438
175,pixel_linear,0.9604424,0.73289496,0.64347297
176,pixel_linear,0.84282184,0.8371378,0.5498416
177,pixel_linear,0.9331354,0.8379472,0.42951354
178,pixel_linear,1.0134792,0.92688376,0.5451574
179,pixel_linear,1.0700253,0.9558734,0.6013689
180,pixel_linear,1.0604048,0.958117,0.5378989
181,pixel_linear,0.8719933,0.92739016,0.5145572
182,pixel_linear,1.1574299,0.89066017,0.49915317
183,pixel_linear,0.82465214,0.8807984,0.4396207
184,pixel_linear,0.85698324,0.78265756,0.55737907
185,pixel_linear,0.85821766,0.76230633,0.48371097
186,pixel_linear,0.82126874,0.82713914,0.5405624
187,pixel_linear,1.0660055,0.8555661,0.47291675
188,pixel_linear,1.0941826,1.1215019,0.48830175
189,pixel_linear,1.0057083,0.86408824,0.52058536
190,pixel_linear,0.8368935,0.86322695,0.60092354
191,pixel_linear,0.75879925,0.8995236,0.5111295
192,pixel_linear,1.0328609,0.96907085,0.5621984
193,pixel_linear,0.8030792,0.8595756,0.38018143
194,pixel_linear,0.9506085,0.8970301,0.36909577
195,pixel_linear,0.9230924,0.8590882,0.5263372
196,pixel_linear,0.9289845,0.7761721,0.3968084
197,pixel_linear,0.8780057,0.7992669,0.42225966
198,pixel_linear,0.92876107,0.8820526,0.56667924
199,pixel_linear,0.8602714,0.9226794,0.5949751
200,pixel_linear,0.99938613,0.93266755,0.64309233
201,pixel_linear,1.0140679,0.8731954,0.5645101
202,pixel_linear,0.7177712,0.7922839,0.435665
203,pixel_linear,0.79281044,0.7939697,0.499681
204,pixel_linear,0.95285887,0.81690735,0.36324364
205,pixel_linear,0.98621094,0.83376044,0.54391485
206,pixel_linear,0.9616136,0.81488645,0.47726375
207,pixel_linear,0.6107261,0.8077256,0.46453434
208,pixel_linear,0.9727307,0.8047006,0.56964797
209,pixel_linear,0.8737134,0.8672563,0.5098019
210,pixel_linear,0.9550311,0.8323019,0.45053273
211,pixel_linear,0.95577294,0.94737613,0.5449138
212,pixel_linear,1.1074564,0.95162076,0.5128152
213,pixel_linear,0.89407074,0.83632594,0.48334363
214,pixel_linear,0.88660246,0.81252575,0.4712627
215,pixel_linear,0.767111,0.84391856,0.4749596
216,pixel_linear,0.83801544,0.7639861,0.4443937
217,pixel_linear,0.92813104,0.86063784,0.4275518
218,pixel_linear,1.0688293,0.9867293,0.36416683
219,pixel_linear,0.9442557,0.8854101,0.45939386
220,pixel_linear,0.88774544,0.92884743,0.49137458
221,pixel_linear,0.9099966,0.94005334,0.55573285
222,pixel_linear,0.8930961,0.92347324,0.54410934
223,pixel_linear,0.9189239,0.80370545,0.56772035
224,pixel_linear,1.0700282,0.85434216,0.39227945
225,pixel_linear,0.9686791,0.91871256,0.5459402
226,pixel_linear,0.8996498,1.0223958,0.3123746
227,pixel_linear,0.71973926,0.9595453,0.6469998
228,pixel_linear,1.0678853,0.9471175,0.43266648
229,pixel_linear,1.0431467,0.8712752,0.5711823
230,pixel_linear,0.8398688,0.8736173,0.46238622
231,pixel_linear,0.82285905,0.9632631,0.5860408
232,pixel_linear,0.82216996,0.8674577,0.48475674
233,pixel_linear,0.88272905,0.8102958,0.4557571
234,pixel_linear,0.863761,0.84764147,0.533343
235,pixel_linear,1.0059633,0.9086409,0.523353
236,pixel_linear,1.0409007,0.9023913,0.5193048
237,pixel_linear,0.98248583,0.8888047,0.5280884
238,pixel_linear,0.8819311,0.80188537,0.49513572
239,pixel_linear,1.0445713,0.79822105,0.5044133
240,pixel_linear,0.88156575,0.8324546,0.38381624
241,pixel_linear,0.90096873,0.8285773,0.47516698
242,pixel_linear,0.88795555,1.0187076,0.6260729
243,pixel_linear,0.79111546,0.800436,0.4345134
244,pixel_linear,0.94249296,0.9523996,0.63428634
245,pixel_linear,0.90667695,0.8638142,0.46394613
246,pixel_linear,0.9211241,0.9283936,0.5617597
247,pixel_linear,0.8929973,0.849852,0.45958278
248,pixel_linear,0.8756671,0.83471686,0.42830646
249,pixel_linear,0.9188877,0.817614,0.52174526
250,pixel_linear,1.0419707,0.8669054,0.5525209
251,pixel_linear,0.7031787,0.8633676,0.5863687
252,pixel_linear,1.042754,0.8739426,0.42330867
253,pixel_linear,0.9015581,0.9540359,0.37879944
254,pixel_linear,0.81163096,0.89434874,0.65933746
255,pixel_linear,0.9491875,0.78679484,0.5600338
256,pixel_linear,0.7906779,0.8070235,0.44163263
257,pixel_linear,0.9069382,0.74819356,0.49743658
258,pixel_linear,0.8413721,0.8649092,0.3639535
259,pixel_linear,0.8470526,0.84042037,0.5002291
260,pixel_linear,0.9727553,0.8982643,0.64622724
261,pixel_linear,0.8128241,0.77025115,0.52529186
262,pixel_linear,1.0088397,0.78371567,0.53771627
263,pixel_linear,0.82959104,0.85589284,0.61212766
264,pixel_linear,0.9789166,0.8062029,0.5843239
265,pixel_linear,0.9039746,0.9174777,0.6088006
266,pixel_linear,0.99997735,0.8011063,0.4667156
267,pixel_linear,1.1293815,1.0750058,0.47184053
268,pixel_linear,1.0485911,0.81489295,0.4705426
269,pixel_linear,1.0523916,0.80648255,0.50735927
270,pixel_linear,1.0046309,0.8439224,0.48157662
271,pixel_linear,0.9255202,0.8692831,0.5145068
272,pixel_linear,0.8657553,0.773523,0.44754177
273,pixel_linear,0.92457163,1.0476102,0.27734447
274,pixel_linear,0.90065014,0.92568725,0.43242428
275,pixel_linear,0.81252563,0.81014234,0.5020492
276,pixel_linear,1.0992544,1.022681,0.49730182
277,pixel_linear,1.005896,0.9650614,0.5331634
278,pixel_linear,0.9940192,0.8030449,0.5877456
279,pixel_linear,0.87796044,0.7643753,0.4919735
280,pixel_linear,0.87705404,0.84050864,0.39943862
281,pixel_linear,0.9348084,0.94341075,0.44815
282,pixel_linear,0.9363559,0.88090307,0.55369925
283,pixel_linear,0.9790519,0.8762354,0.40816885
284,pixel_linear,0.9721171,0.82226515,0.601067
285,pixel_linear,1.1099346,0.9447661,0.5198408
286,pixel_linear,0.83471113,0.8335589,0.4401976
287,pixel_linear,0.99627405,1.0628257,0.4941371
288,pixel_linear,0.8344405,0.8180803,0.564741
289,pixel_linear,0.97075427,0.968989,0.3387969
290,pixel_linear,1.01948,0.80192363,0.4506603
291,pixel_linear,0.9442106,0.750179,0.46630028
292,pixel_linear,1.0204369,0.873371,0.49014136
293,pixel_linear,1.0237876,0.9353541,0.49411127
294,pixel_linear,0.9827338,0.8921428,0.5532763
295,pixel_linear,0.99380517,0.9509492,0.50959456
296,pixel_linear,0.99545604,0.7867891,0.5755404
297,pixel_linear,0.89202017,0.8181637,0.48016346
298,pixel_linear,0.933852,1.0936084,0.37868
299,pixel_linear,0.8311072,0.9435339,0.46707296
300,pixel_linear,0.9352305,0.83786255,0.60985583
301,pixel_linear,0.8709469,0.9782508,0.5086237
302,pixel_linear,0.9333024,0.95349145,0.44418553
303,pixel_linear,0.775181,0.83901006,0.6193728
304,pixel_linear,0.9494593,0.88518524,0.35478
305,pixel_linear,1.0049729,0.91049296,0.5591629
306,pixel_linear,1.0718826,1.0964319,0.5761914
307,pixel_linear,0.8859963,0.794405,0.36757085
308,pixel_linear,0.8512946,0.78170604,0.47190592
309,pixel_linear,0.8452634,0.88388985,0.537367
310,pixel_linear,1.0035868,0.8116428,0.51568234
311,pixel_linear,0.8732089,0.802333,0.5894632
312,pixel_linear,0.9591596,0.8993375,0.37187082
313,pixel_linear,0.9944746,0.87516415,0.5912364
314,pixel_linear,0.95157254,0.92990947,0.56204766
315,pixel_linear,1.0229688,0.85816747,0.48213023
316,pixel_linear,0.72871614,0.98012394,0.43180707
317,pixel_linear,0.9384057,0.87366664,0.6145228
318,pixel_linear,0.95929265,0.89660364,0.38904014
319,pixel_linear,0.78687066,0.8275067,0.45970717
320,pixel_linear,0.83458716,0.8264437,0.54835045
321,pixel_linear,0.90207046,0.86487854,0.39971855
322,pixel_linear,0.8186263,0.9001658,0.44617948
323,pixel_linear,0.9072564,0.82147765,0.49079633
324,pixel_linear,1.0141094,0.82309586,0.6176163
325,pixel_linear,1.0043422,0.78750664,0.396517
326,pixel_linear,0.9456466,0.80536413,0.48118147
327,pixel_linear,0.8051084,0.88408923,0.5331537
328,pixel_linear,0.9314349,0.8353118,0.37216035
329,pixel_linear,0.9426495,0.84288764,0.4743364
330,pixel_linear,0.8099887,0.82695353,0.58224666
331,pixel_linear,0.96862453,0.8285746,0.5272757
332,pixel_linear,0.92409873,0.9874785,0.37255165
333,pixel_linear,0.67604935,0.7664194,0.49294356
334,pixel_linear,1.1161808,0.82383114,0.503486
335,pixel_linear,0.92473614,0.8089392,0.4728431
336,pixel_linear,0.8016633,0.8432873,0.5081346
337,pixel_linear,1.0467691,0.99365366,0.5233967
338,pixel_linear,0.98524565,0.849216,0.5871686
339,pixel_linear,0.9627028,0.8194168,0.6270279
340,pixel_linear,0.85345435,0.9082343,0.496646
341,pixel_linear,0.92412484,0.9045404,0.48110494
342,pixel_linear,0.9407806,0.7916233,0.51674694
343,pixel_linear,0.9173784,0.79307383,0.47700256
344,pixel_linear,1.0104259,0.98349136,0.5384618
345,pixel_linear,0.95990473,0.7732457,0.4713361
346,pixel_linear,0.8761664,0.8954274,0.51440823
347,pixel_linear,0.9272113,0.8854379,0.5159124
348,pixel_linear,1.0141693,0.81408834,0.6119369
349,pixel_linear,0.8710655,0.8317774,0.45288068
350,pixel_linear,0.6851218,0.8199019,0.58924747
351,pixel_linear,0.98685974,0.87984985,0.47176614
352,pixel_linear,0.73382455,0.8686134,0.5051445
353,pixel_linear,0.8884216,0.97912604,0.36935475
354,pixel_linear,1.0108963,0.83798707,0.50111765
355,pixel_linear,0.90072495,0.9104933,0.3922558
356,pixel_linear,0.8085732,0.8771983,0.56912524
357,pixel_linear,0.8528522,0.8070309,0.4232771
358,pixel_linear,1.0088332,0.99037623,0.35160872
359,pixel_linear,1.0297167,0.84339213,0.51853484
360,pixel_linear,1.1314913,0.913084,0.4510012
361,pixel_linear,0.94163793,0.90627,0.5246847
362,pixel_linear,1.1236387,0.84297997,0.4832181
363,pixel_linear,0.784255,0.82045645,0.5274445
364,pixel_linear,1.1425306,0.8527507,0.46768874
365,pixel_linear,0.71694267,0.7967209,0.4931635
366,pixel_linear,0.9247741,0.91360873,0.46691716
367,pixel_linear,0.905621,0.7683911,0.38005036
368,pixel_linear,0.9134765,0.91073006,0.34556666
369,pixel_linear,0.8810731,0.81363463,0.5735984
370,pixel_linear,0.76828694,0.9323386,0.47174278
371,pixel_linear,1.0316812,0.85379726,0.41670433
372,pixel_linear,0.72070885,0.8928829,0.4768259
373,pixel_linear,0.7954504,0.81026274,0.6038047
374,pixel_linear,0.92254144,0.9191015,0.4415648
375,pixel_linear,0.841901,0.8608042,0.46966523
376,pixel_linear,0.92495686,0.90557915,0.56897825
377,pixel_linear,0.8178942,0.8020474,0.44493744
378,pixel_linear,0.9838428,0.87106395,0.5861317
379,pixel_linear,0.9427037,0.86748,0.41148847
380,pixel_linear,0.95598346,0.86741006,0.47610545
381,pixel_linear,1.0045363,0.9171968,0.5514526
382,pixel_linear,0.82548577,0.9945862,0.3878894
383,pixel_linear,1.103986,1.0004715,0.6124419
384,pixel_linear,0.9920673,1.0145881,0.572355
385,pixel_linear,0.95114964,0.83170533,0.51862913
386,pixel_linear,1.0109551,0.82008964,0.44493747
387,pixel_linear,0.7520577,0.8590147,0.4959539
388,pixel_linear,1.0639652,0.73963624,0.38031772
389,pixel_linear,0.8939869,0.82890975,0.49481872
390,pixel_linear,0.8911038,0.8864476,0.51717824
391,pixel_linear,0.9877364,0.80531013,0.47857305
392,pixel_linear,0.9422744,0.84727854,0.58932865
393,pixel_linear,1.1076177,0.76512444,0.4939484
394,pixel_linear,0.81958914,0.84846467,0.477758
395,pixel_linear,0.8737182,0.8159848,0.5271217
396,pixel_linear,0.8834931,0.7632401,0.4220971
397,pixel_linear,1.1142131,0.97773844,0.44829157
398,pixel_linear,0.77609766,0.7842107,0.43867767
399,pixel_linear,0.85972124,0.79485357,0.5373568
400,pixel_linear,0.96520805,0.8762497,0.5093236
401,pixel_linear,0.96657956,0.89175105,0.4095019
402,pixel_linear,1.0203971,0.8285461,0.5327267
403,pixel_linear,0.89745665,1.0247976,0.70028514
404,pixel_linear,0.9811677,0.7918398,0.49888167
405,pixel_linear,1.0490236,0.94662225,0.41849673
406,pixel_linear,0.91544,0.7463747,0.58135515
407,pixel_linear,0.8142199,0.87580365,0.58089876
408,pixel_linear,0.94457173,0.84972495,0.390719
409,pixel_linear,1.0670958,0.71142876,0.35553777
410,pixel_linear,0.93628526,0.90114385,0.4294437
411,pixel_linear,1.009494,0.85686535,0.42528862
412,pixel_linear,1.0151398,0.7886688,0.5403583
413,pixel_linear,0.90187776,0.85063547,0.43366492
414,pixel_linear,0.8286686,0.8452992,0.4464417
415,pixel_linear,0.92324394,0.7583001,0.38786915
416,pixel_linear,1.0394483,0.9800706,0.34689617
417,pixel_linear,0.83296144,0.7984069,0.44664782
418,pixel_linear,0.9122276,0.76558864,0.48690292
419,pixel_linear,0.8672337,0.8530629,0.51521367
420,pixel_linear,1.122133,1.0355349,0.43541718
421,pixel_linear,1.1898718,0.94499856,0.45872408
422,pixel_linear,1.0536565,0.90275234,0.50427383
423,pixel_linear,0.98214805,0.9390588,0.56492996
424,pixel_linear,0.9431926,0.85952586,0.5449438
425,pixel_linear,0.9479468,0.94265616,0.5981086
426,pixel_linear,1.0384215,0.8175898,0.48436594
427,pixel_linear,0.86217475,0.87665886,0.53820187
428,pixel_linear,0.9175545,0.90475994,0.40405586
429,pixel_linear,0.86522204,0.83698094,0.5079068
430,pixel_linear,1.0472676,0.8645379,0.3944164
431,pixel_linear,0.9227934,0.8056903,0.41556773
432,pixel_linear,0.8601945,0.9122006,0.3778553
433,pixel_linear,0.91760296,0.8818697,0.49277765
434,pixel_linear,0.9607281,0.83934903,0.45624527
435,pixel_linear,0.915788,0.81330186,0.5311761
436,pixel_linear,0.9362521,0.7209609,0.365619
437,pixel_linear,0.9237863,1.0229949,0.53540736
438,pixel_linear,0.8795581,0.949817,0.58921
439,pixel_linear,0.83989286,0.76070195,0.5402694
440,pixel_linear,0.783635,0.7871039,0.39616403
441,pixel_linear,0.991289,0.8601071,0.36253694
442,pixel_linear,0.9758224,0.7952004,0.54802066
443,pixel_linear,0.930034,0.91734153,0.5868194
444,pixel_linear,0.7814403,0.8399448,0.52177536
445,pixel_linear,0.7228214,0.83707196,0.441471
446,pixel_linear,0.9051537,0.79921925,0.46035928
447,pixel_linear,0.82784295,0.84767485,0.3692311
448,pixel_linear,0.9235288,0.8131505,0.47176617
449,pixel_linear,0.9298093,0.8167346,0.5484413
450,pixel_linear,1.0640574,0.9633511,0.5333056
451,pixel_linear,0.84400344,0.8741988,0.4706239
452,pixel_linear,0.92179203,0.91073143,0.5507305
453,pixel_linear,1.0953771,0.93391275,0.5318109
454,pixel_linear,0.8666991,0.7855281,0.5127631
455,pixel_linear,0.87854815,0.82447326,0.42513296
456,pixel_linear,0.9129819,0.90400857,0.3668721
457,pixel_linear,0.7862935,0.800403,0.39935666
458,pixel_linear,0.79103804,0.7905247,0.40683356
459,pixel_linear,0.89509124,0.85303736,0.3615355
460,pixel_linear,1.0360339,0.9289639,0.59907305
461,pixel_linear,0.98446256,0.9634933,0.54959136
462,pixel_linear,0.90011066,0.9701642,0.38008234
463,pixel_linear,0.8383945,0.76016796,0.5602334
464,pixel_linear,0.8321845,0.8200101,0.5030792
465,pixel_linear,0.798435,0.7699496,0.5415149
466,pixel_linear,0.7863505,0.8132134,0.5334864
467,pixel_linear,0.7528103,0.93734413,0.44297308
468,pixel_linear,0.94515926,0.8642376,0.50422955
469,pixel_linear,0.9903171,0.77334094,0.49017727
470,pixel_linear,1.0059009,0.8789657,0.5527856
471,pixel_linear,0.9561445,0.945835,0.50369316
472,pixel_linear,1.0091019,0.8670372,0.46146226
473,pixel_linear,0.84710044,0.838607,0.40206754
474,pixel_linear,0.74743575,0.9071339,0.57339597
475,pixel_linear,1.0209197,0.8514855,0.5213254
476,pixel_linear,0.833483,0.83146924,0.49735862
477,pixel_linear,0.9779386,0.7581213,0.60282177
478,pixel_linear,0.87709,0.82332873,0.44446027
479,pixel_linear,0.89771384,0.92291117,0.59627914
480,pixel_linear,1.1047878,0.8626873,0.52812886
481,pixel_linear,1.0037891,0.8394428,0.48375556
482,pixel_linear,0.963408,0.95531064,0.37368125
483,pixel_linear,0.84315795,0.9418213,0.45709568
484,pixel_linear,1.0544922,0.747904,0.4864237
485,pixel_linear,0.9309015,1.0183086,0.64129955
486,pixel_linear,1.235161,1.2519294,0.72815245
487,pixel_linear,1.2893213,0.80744076,0.26533246
488,pixel_linear,0.92691815,0.79759955,0.4832313
489,pixel_linear,0.909275,0.8686152,0.54334605
490,pixel_linear,1.0533601,0.9369088,0.5571599
491,pixel_linear,0.88517183,0.8415523,0.52926856
492,pixel_linear,1.1540402,0.9807909,0.31974706
493,pixel_linear,0.93307775,0.7585755,0.46960515
494,pixel_linear,0.96525127,0.8595065,0.401145
495,pixel_linear,0.91256726,0.7819513,0.38282436
496,pixel_linear,0.92881984,0.8787651,0.42902502
497,pixel_linear,0.85049325,0.7944574,0.5013951
498,pixel_linear,0.8400958,0.9307005,0.2863916
499,pixel_linear,1.015106,1.0658293,0.43847996
500,pixel_linear,0.95663005,0.83576316,0.5572389
501,pixel_linear,1.0605656,0.8955247,0.53338623
502,pixel_linear,0.981648,0.91477877,0.5556941
503,pixel_linear,1.0944278,0.8178847,0.54383546
504,pixel_linear,0.90356994,0.97042996,0.34369957
505,pixel_linear,0.91605526,0.8157641,0.4795028
506,pixel_linear,1.0151771,0.8108567,0.5108816
507,pixel_linear,0.977109,0.926329,0.49477804
508,pixel_linear,0.93931705,1.0334522,0.38518295
509,pixel_linear,0.99617106,0.7887926,0.4260857
510,pixel_linear,1.0045474,0.9699301,0.5941725
511,pixel_linear,0.8977333,0.71499425,0.59552956
512,pixel_linear,0.83649457,1.0071306,0.3424232
513,pixel_linear,1.062958,0.8431374,0.40259862
514,pixel_linear,1.0062009,0.895679,0.5246905
515,pixel_linear,0.9615526,0.82779557,0.6325706
516,pixel_linear,0.8538014,0.76959366,0.50095236
517,pixel_linear,0.81061643,0.8343154,0.52997327
518,pixel_linear,0.9150165,0.92233163,0.6066857
519,pixel_linear,1.023305,0.9828599,0.4387488
520,pixel_linear,0.8674196,0.89139396,0.51733196
521,pixel_linear,1.1042808,0.9560581,0.47855425
522,pixel_linear,0.91950095,0.8490757,0.5071459
523,pixel_linear,0.7978642,0.8758291,0.4369643
524,pixel_linear,0.80532545,0.78639865,0.46511486
525,pixel_linear,1.1116498,0.9216886,0.37966523
526,pixel_linear,0.9626946,0.73121583,0.49706945
527,pixel_linear,1.0010862,0.78669745,0.4133398
528,pixel_linear,0.754702,0.82442576,0.41803598
529,pixel_linear,0.9698557,0.9222685,0.51616746
530,pixel_linear,1.0518472,0.8898713,0.4810486
531,pixel_linear,0.95879436,0.9147804,0.48934776
532,pixel_linear,0.7796546,0.7914565,0.44100237
533,pixel_linear,0.85407287,0.955247,0.54082906
534,pixel_linear,0.79890174,0.86453277,0.4426832
535,pixel_linear,0.865013,0.90096766,0.46581167
536,pixel_linear,0.82457477,0.8754119,0.5954799
537,pixel_linear,0.7197739,0.9063574,0.4763829
538,pixel_linear,0.9001197,0.901458,0.39575276
539,pixel_linear,0.79215616,0.77059084,0.5430294
540,pixel_linear,1.0185946,0.7915884,0.6261834
541,pixel_linear,0.8974761,0.86344,0.36018187
542,pixel_linear,0.82554394,0.9417828,0.52860534
543,pixel_linear,0.8428542,0.7749821,0.6255247
544,pixel_linear,1.0141238,0.74225914,0.37743396
545,pixel_linear,0.996946,0.8258753,0.50136155
546,pixel_linear,0.8313194,0.78576136,0.46880642
547,pixel_linear,0.86623275,0.8354392,0.43049595
548,pixel_linear,0.98926836,0.8918665,0.5596868
549,pixel_linear,0.91469675,0.8340098,0.4682975
550,pixel_linear,1.1460369,0.82313275,0.5055973
551,pixel_linear,0.95040375,0.9169474,0.573422
552,pixel_linear,0.84486693,0.8458707,0.4141755
553,pixel_linear,0.87958986,0.8208723,0.38665828
554,pixel_linear,0.87598515,0.83147365,0.6136372
555,pixel_linear,0.9066373,0.9441913,0.54308414
556,pixel_linear,0.95584273,0.89118993,0.4803514
557,pixel_linear,0.80558985,0.90101504,0.5558739
558,pixel_linear,1.0831541,0.8848861,0.39857253
559,pixel_linear,1.1800659,0.8725171,0.5712111
560,pixel_linear,0.91751915,0.83672345,0.50870204
561,pixel_linear,0.8258704,0.7752869,0.5049976
562,pixel_linear,0.8511926,0.94253975,0.5448614
563,pixel_linear,0.91278094,0.85235405,0.5015755
564,pixel_linear,0.8535737,0.8950107,0.5417722
565,pixel_linear,0.9606321,0.84499824,0.4672831
566,pixel_linear,1.0261495,1.0772635,0.4186306
567,pixel_linear,0.8560826,0.8710462,0.44083628
568,pixel_linear,1.0801164,1.1149477,0.3952286
569,pixel_linear,0.9334528,0.92998475,0.45958984
570,pixel_linear,0.81104875,0.77697265,0.6298684
571,pixel_linear,0.8838548,0.7797877,0.46970716
572,pixel_linear,1.0051779,1.000112,0.50392675
573,pixel_linear,0.9401881,0.87875164,0.5348767
574,pixel_linear,0.8826072,0.9038953,0.47040933
575,pixel_linear,1.0121477,0.9339049,0.5284233
576,pixel_linear,1.0829608,0.88377905,0.44151506
577,pixel_linear,1.017691,0.7078176,0.41611424
578,pixel_linear,0.8697576,0.8170069,0.4795636
579,pixel_linear,1.1442316,0.81348425,0.50313044
580,pixel_linear,0.9044847,0.82642776,0.50799906
581,pixel_linear,0.9631776,0.8965969,0.42620492
582,pixel_linear,0.920415,0.8140794,0.45400408
583,pixel_linear,0.8098217,0.913665,0.48950836
584,pixel_linear,0.98749506,0.7308285,0.39791837
585,pixel_linear,0.85387754,0.9816488,0.5124544
586,pixel_linear,0.948008,0.85375386,0.58601546
587,pixel_linear,0.9241341,0.85702616,0.41024268
588,pixel_linear,0.8939403,0.9635755,0.47411934
589,pixel_linear,0.9805703,0.8074685,0.58108544
590,pixel_linear,0.83152586,1.0210671,0.7076635
591,pixel_linear,0.9133755,0.87576616,0.50333434
592,pixel_linear,1.1142355,0.91099364,0.47537822
593,pixel_linear,0.73360705,0.8970802,0.44231686
594,pixel_linear,0.93394643,0.82095426,0.5113018
595,pixel_linear,1.0292642,0.91559476,0.46336845
596,pixel_linear,0.9954792,0.92621833,0.40128568
597,pixel_linear,0.88707244,0.80020094,0.5775764
598,pixel_linear,1.0684338,0.83288914,0.4226261
599,pixel_linear,1.0107291,0.8120406,0.49304745
600,pixel_linear,0.8594511,0.83292747,0.49697003
601,pixel_linear,1.028383,0.74778694,0.39309505
602,pixel_linear,0.9635462,0.93893707,0.7218796
603,pixel_linear,0.9329991,0.86034995,0.46781972
604,pixel_linear,0.9235173,0.86977655,0.49695957
605,pixel_linear,0.9049179,0.9682927,0.45237023
606,pixel_linear,0.80157655,0.8108019,0.34771115
607,pixel_linear,0.94712967,0.8638932,0.42061552
608,pixel_linear,1.0464907,0.89395344,0.5751359
609,pixel_linear,0.9387226,0.8914858,0.4943792
610,pixel_linear,0.84959406,0.9053235,0.47525606
611,pixel_linear,0.8387368,0.7592933,0.40018302
612,pixel_linear,0.9553167,0.83802414,0.50427544
613,pixel_linear,0.83807707,0.8149143,0.42201123
614,pixel_linear,0.915727,0.8115872,0.5392521
615,pixel_linear,0.837542,0.87205464,0.44690275
616,pixel_linear,0.8522975,0.7945638,0.4413487
617,pixel_linear,0.9582385,0.79265964,0.4752252
618,pixel_linear,0.97261965,0.8190907,0.5483235
619,pixel_linear,0.99617285,0.79814637,0.43133566
620,pixel_linear,0.91902643,0.89190084,0.40062976
621,pixel_linear,0.9766339,0.85590845,0.4657289
622,pixel_linear,0.92010087,0.9652325,0.5220715
623,pixel_linear,0.9869762,0.83380264,0.50838244
624,pixel_linear,1.074378,0.7609002,0.44336247
625,pixel_linear,0.92230475,0.87589043,0.49517033
626,pixel_linear,1.0025262,0.82377666,0.32520652
627,pixel_linear,0.8872932,0.8512796,0.62134635
628,pixel_linear,0.8647195,0.9006139,0.552892
629,pixel_linear,1.0369968,0.967486,0.53446805
630,pixel_linear,0.86744505,0.79677856,0.5019907
631,pixel_linear,1.0642704,0.8648718,0.61415493
632,pixel_linear,0.8444963,0.7833555,0.46516058
633,pixel_linear,0.85082537,0.78387034,0.46584317
634,pixel_linear,1.0153204,0.83437485,0.43144047
635,pixel_linear,0.8624761,0.86488694,0.43733191
636,pixel_linear,0.79945827,0.8622019,0.3846392
637,pixel_linear,0.83613414,0.8416557,0.47182837
638,pixel_linear,0.97811824,0.8987606,0.37598556
639,pixel_linear,1.1758735,0.8037272,0.50613534
640,pixel_linear,0.97529316,0.8673777,0.5134439
641,pixel_linear,0.8043718,0.8244309,0.42408562
642,pixel_linear,0.9325102,0.86192447,0.40979424
643,pixel_linear,0.9182187,0.8648863,0.5286733
644,pixel_linear,0.94155324,0.90967965,0.5274395
645,pixel_linear,0.87540716,0.9838252,0.5247035
646,pixel_linear,0.6048649,0.90942776,0.40986463
647,pixel_linear,0.8978393,0.8180704,0.47002468
648,pixel_linear,0.8916108,0.8548005,0.56204194
649,pixel_linear,1.0358456,0.8118327,0.4259576
650,pixel_linear,0.828358,0.87148315,0.4636804
651,pixel_linear,0.9235389,0.82851946,0.33469698
652,pixel_linear,0.8158512,0.7527099,0.5313251
653,pixel_linear,1.0149,0.8583692,0.47631854
654,pixel_linear,1.0620031,0.91035235,0.5323458
655,pixel_linear,0.91769093,0.8633129,0.50034153
656,pixel_linear,0.92891526,0.8798233,0.4774017
657,pixel_linear,0.9749755,0.7854481,0.4529076
658,pixel_linear,0.8674477,0.78930163,0.44282854
659,pixel_linear,0.9824702,0.8058693,0.51987946
660,pixel_linear,0.97508943,0.8690899,0.4452785
661,pixel_linear,1.0521216,0.95944566,0.6280464
662,pixel_linear,0.9412318,0.96519417,0.5379719
663,pixel_linear,0.9339226,0.83845526,0.5670719
664,pixel_linear,1.0067822,0.85066503,0.4829263
665,pixel_linear,0.90429884,0.9257174,0.52905273
666,pixel_linear,1.0328399,0.808755,0.4341452
667,pixel_linear,0.9522003,0.82485396,0.4848413
668,pixel_linear,0.91398954,0.8589169,0.4725916
669,pixel_linear,0.9062901,0.8091385,0.5547147
670,pixel_linear,0.7974472,0.88213795,0.4842717
671,pixel_linear,0.91214883,0.9153062,0.47791243
672,pixel_linear,1.0986238,1.0395149,0.60196
673,pixel_linear,0.8021771,0.81655014,0.48138195
674,pixel_linear,0.97876364,0.97382545,0.6884523
675,pixel_linear,0.96759415,0.89609784,0.53228295
676,pixel_linear,1.1208054,0.8512975,0.53981745
677,pixel_linear,0.840336,0.7426025,0.50152737
678,pixel_linear,0.9256832,0.9619421,0.54868656
679,pixel_linear,0.8084857,0.7890236,0.39134526
680,pixel_linear,0.84499335,0.9186426,0.47675654
681,pixel_linear,0.9065382,0.87258184,0.46331388
682,pixel_linear,1.1173066,1.0163723,0.4658234
683,pixel_linear,1.0224371,0.8377052,0.59853584
684,pixel_linear,1.0354228,0.9204642,0.31479865
685,pixel_linear,0.949874,0.85000354,0.4827688
686,pixel_linear,0.9184621,0.9040566,0.41226584
687,pixel_linear,0.86301935,0.8431819,0.5988747
688,pixel_linear,0.8816114,0.875037,0.5237052
689,pixel_linear,0.7489066,0.81477493,0.46786228
690,pixel_linear,0.88194615,0.90301913,0.44400612
691,pixel_linear,1.0180545,0.8561694,0.61163723
692,pixel_linear,1.005407,0.8298099,0.5011447
693,pixel_linear,0.79147106,0.81857944,0.453802
694,pixel_linear,0.87597543,0.93393207,0.59685206
695,pixel_linear,0.9604135,0.92357993,0.40305257
696,pixel_linear,0.8754131,0.73911273,0.52170986
697,pixel_linear,1.0841558,0.8151295,0.5495221
698,pixel_linear,0.9030214,0.88872135,0.5701041
699,pixel_linear,0.8633129,0.93208045,0.5195067
700,pixel_linear,0.89488935,0.8246932,0.3983074
701,pixel_linear,0.9833872,0.8712493,0.51570773
702,pixel_linear,0.8613581,0.8075662,0.5057415
703,pixel_linear,0.9297778,0.9206477,0.5023843
704,pixel_linear,0.94640845,0.8817486,0.5425741
705,pixel_linear,0.9329434,0.95494634,0.40669867
706,pixel_linear,0.81189597,0.799388,0.42328057
707,pixel_linear,0.96293324,0.7736654,0.5664386
708,pixel_linear,0.8129875,1.1386864,0.3314484
709,pixel_linear,0.86100245,1.0564036,0.35405928
710,pixel_linear,0.9174817,0.8719539,0.5316662
711,pixel_linear,1.0035176,0.87350494,0.5096149
712,pixel_linear,0.8748192,1.0432746,0.4022556
713,pixel_linear,0.9623398,0.844775,0.4249721
714,pixel_linear,0.89546216,0.78015375,0.56990814
715,pixel_linear,0.91149545,0.9840595,0.524041
716,pixel_linear,0.7557216,0.7742953,0.55746126
717,pixel_linear,0.9189366,0.81946796,0.5170044
718,pixel_linear,0.8989816,0.75726587,0.4390983
719,pixel_linear,1.0104963,1.0154344,0.31523418
720,pixel_linear,1.0300499,0.8813237,0.57964694
721,pixel_linear,1.0021583,0.8231038,0.39883837
722,pixel_linear,0.96657,0.8005596,0.4921134
723,pixel_linear,0.94591594,0.8247332,0.47928485
724,pixel_linear,1.0510783,0.8508386,0.49810162
725,pixel_linear,0.89507306,0.93595606,0.50895596
726,pixel_linear,0.97434664,0.8522381,0.49395895
727,pixel_linear,0.8301961,0.82875186,0.43545842
728,pixel_linear,0.97918737,0.85634726,0.52439433
729,pixel_linear,0.8537026,0.82060003,0.53488916
730,pixel_linear,0.9740826,0.9415266,0.52363616
731,pixel_linear,1.1657695,0.88155043,0.46645543
732,pixel_linear,1.0114383,0.8501963,0.49873126
733,pixel_linear,1.0605339,0.9425439,0.42575634
734,pixel_linear,0.67211485,0.85319513,0.49995512
735,pixel_linear,1.1618482,0.97154415,0.58416224
736,pixel_linear,0.83834654,0.9493447,0.43998298
737,pixel_linear,0.8989414,1.1097771,0.56473196
738,pixel_linear,0.93690884,0.7571438,0.3703404
739,pixel_linear,0.9790606,0.89929044,0.45317423
740,pixel_linear,0.88518757,0.8403055,0.42654896
741,pixel_linear,1.1102145,0.83574516,0.43984708
742,pixel_linear,1.0411601,0.9291222,0.6034129
743,pixel_linear,0.88883924,0.77222484,0.49953514
744,pixel_linear,0.93311656,0.9006836,0.43576264
745,pixel_linear,0.85020137,0.8526365,0.40872097
746,pixel_linear,0.8601294,0.8869187,0.42699045
747,pixel_linear,1.0676811,0.91668963,0.57451314
748,pixel_linear,0.9630739,0.8901171,0.41876945
749,pixel_linear,1.0388921,0.9244491,0.58998114
750,pixel_linear,0.92407334,0.7995991,0.53867316
751,pixel_linear,0.85723263,0.76247656,0.5161324
752,pixel_linear,0.81016666,0.8030688,0.41680646
753,pixel_linear,0.9455122,0.8400721,0.6065835
754,pixel_linear,0.8622709,0.9348592,0.49484763
755,pixel_linear,0.9179735,0.756471,0.34607083
756,pixel_linear,1.0615814,0.8228149,0.5623596
757,pixel_linear,1.0568063,0.9676589,0.4363642
758,pixel_linear,0.8975936,0.929905,0.48316297
759,pixel_linear,0.8836378,0.80211467,0.572011
760,pixel_linear,0.99914044,0.8381764,0.3542116
761,pixel_linear,0.9486308,0.81240106,0.40620667
762,pixel_linear,0.8459301,0.81067884,0.4037673
763,pixel_linear,0.9746951,0.9205402,0.50628465
764,pixel_linear,1.0502253,0.9162812,0.41245654
765,pixel_linear,0.8907547,0.8536205,0.52288043
766,pixel_linear,0.8701171,0.9400087,0.5126775
767,pixel_linear,1.226541,0.9601324,0.38003543
768,pixel_linear,1.1635848,0.97355175,0.42423823
769,pixel_linear,0.8510606,0.7777085,0.52428514
770,pixel_linear,0.91232044,0.75810826,0.5136272
771,pixel_linear,0.9280613,0.85771596,0.53841
772,pixel_linear,0.822002,0.8572743,0.5776951
773,pixel_linear,1.1746632,1.0006666,0.5178779
774,pixel_linear,0.86147344,0.78276676,0.40888125
775,pixel_linear,0.99214596,0.999027,0.31896272
776,pixel_linear,1.0253838,0.8604813,0.43343237
777,pixel_linear,1.1721106,0.9211375,0.522848
778,pixel_linear,0.95848674,0.9132791,0.5240476
779,pixel_linear,0.7436745,0.7993272,0.5666645
780,pixel_linear,1.0598886,1.0209203,0.51384425
781,pixel_linear,0.796304,0.8702726,0.5015761
782,pixel_linear,0.8632088,0.92249715,0.56731266
783,pixel_linear,1.0088987,0.9375584,0.43936127
784,pixel_linear,1.0302198,0.954367,0.70121247
785,pixel_linear,1.0149138,0.8594281,0.43894097
786,pixel_linear,0.89349425,0.84824175,0.533647
787,pixel_linear,0.78837955,0.84503573,0.49341527
788,pixel_linear,0.8910227,0.8428688,0.46477303
789,pixel_linear,0.9666929,0.88619876,0.4204693
790,pixel_linear,0.83732533,0.77640605,0.4862967
791,pixel_linear,0.9725695,0.758171,0.34499463
792,pixel_linear,0.92641985,0.8135825,0.46846855
793,pixel_linear,0.9598738,0.92467123,0.43544072
794,pixel_linear,0.8604838,0.89014095,0.5161849
795,pixel_linear,0.8233857,0.78479207,0.63204455
796,pixel_linear,0.9800557,0.9236637,0.51638585
797,pixel_linear,1.04089,0.921158,0.51691633
798,pixel_linear,0.9464853,0.95408595,0.46591428
799,pixel_linear,0.95880073,0.83460236,0.4695098
800,pixel_linear,0.87595606,0.8697531,0.5471865
801,pixel_linear,0.88913053,0.81158525,0.43070844
802,pixel_linear,0.9955928,0.84082437,0.53635687
803,pixel_linear,1.0820185,0.7874223,0.44777733
804,pixel_linear,0.91924554,0.8306031,0.48967722
805,pixel_linear,0.8626562,0.8079007,0.4033587
806,pixel_linear,0.95429075,0.78255457,0.45328957
807,pixel_linear,0.95361966,0.8901279,0.5687946
808,pixel_linear,1.116197,0.8648846,0.5554466
809,pixel_linear,0.87991047,0.76591146,0.4680894
810,pixel_linear,0.87491375,0.82957405,0.5649815
811,pixel_linear,0.96584266,0.81637156,0.51282245
812,pixel_linear,0.84150606,0.8679706,0.54090375
813,pixel_linear,0.84000665,0.7888688,0.5181688
814,pixel_linear,0.8238047,0.83189267,0.5758203
815,pixel_linear,0.91417396,0.81270367,0.54923713
816,pixel_linear,0.9631569,0.7997701,0.48379546
817,pixel_linear,0.8293912,0.9167334,0.5279108
818,pixel_linear,0.7810765,0.8210821,0.43842706
819,pixel_linear,1.0616158,0.83166504,0.49948746
820,pixel_linear,0.8729668,0.8642841,0.3887253
821,pixel_linear,0.93340856,0.8536362,0.52177966
822,pixel_linear,0.84619033,0.85093606,0.39812785
823,pixel_linear,1.1112748,0.8438497,0.4405982
824,pixel_linear,0.9201996,0.83759314,0.5026612
825,pixel_linear,0.80670834,0.88729674,0.52968013
826,pixel_linear,0.8944167,0.96900535,0.51573896
827,pixel_linear,1.088135,1.0300639,0.5463422
828,pixel_linear,0.99129295,1.03041,0.37599063
829,pixel_linear,0.90055776,0.79780364,0.45428085
830,pixel_linear,0.8221394,0.8381736,0.44989327
831,pixel_linear,0.8682933,0.91053945,0.5529127
832,pixel_linear,0.8826196,0.77212775,0.6074869
833,pixel_linear,1.0365477,0.77534324,0.55124897
834,pixel_linear,1.1538483,0.8542644,0.5933023
835,pixel_linear,0.9405427,0.8652718,0.47367266
836,pixel_linear,0.8749621,0.80343467,0.49075535
837,pixel_linear,0.8293358,0.8486612,0.49798957
838,pixel_linear,0.9224091,0.8266647,0.5261189
839,pixel_linear,0.90269697,0.80279106,0.5558509
840,pixel_linear,1.1808851,0.8674918,0.46824032
841,pixel_linear,0.9999982,0.9086544,0.47527346
842,pixel_linear,0.91886604,0.93310434,0.47135028
843,pixel_linear,1.0245728,0.8999513,0.5379045
844,pixel_linear,1.05869,0.94715005,0.5498006
845,pixel_linear,0.8222123,0.93106574,0.44250643
846,pixel_linear,0.8076938,0.9113849,0.3896065
847,pixel_linear,0.90728277,0.84100425,0.40787512
848,pixel_linear,0.8657641,0.8541402,0.35350007
849,pixel_linear,0.93878406,0.7792604,0.4970244
850,pixel_linear,0.97396034,0.75567865,0.4302757
851,pixel_linear,0.99050486,0.9411413,0.64275426
852,pixel_linear,0.82092375,0.77333915,0.44034347
853,pixel_linear,0.9011551,0.9535307,0.41221043
854,pixel_linear,0.9771448,0.86909693,0.48208132
855,pixel_linear,0.88283885,0.8108172,0.5299593
856,pixel_linear,0.8927486,0.89334035,0.41439262
857,pixel_linear,1.0924951,0.9676627,0.47121245
858,pixel_linear,0.90366185,0.7916566,0.45414504
859,pixel_linear,1.0668237,0.82969064,0.5895433
860,pixel_linear,0.9521287,0.79975003,0.4892284
861,pixel_linear,0.9917751,0.81016546,0.50934494
862,pixel_linear,0.88107497,0.91828406,0.5149776
863,pixel_linear,1.0141628,0.88243616,0.5442704
864,pixel_linear,0.8985004,0.8554455,0.63750345
865,pixel_linear,0.9737645,0.8700672,0.50847477
866,pixel_linear,0.9523631,0.8479499,0.5162488
867,pixel_linear,1.0368642,0.83629465,0.49954116
868,pixel_linear,0.9272729,0.8085368,0.6907649
869,pixel_linear,0.9170602,0.8820155,0.56231415
870,pixel_linear,1.0682544,0.92478925,0.5727829
871,pixel_linear,1.1090736,0.89193153,0.4430553
872,pixel_linear,1.041972,0.9578475,0.38476935
873,pixel_linear,1.0218744,0.7753031,0.55748
874,pixel_linear,1.013687,0.93633056,0.550735
875,pixel_linear,1.196826,0.8703924,0.43529063
876,pixel_linear,0.98962116,0.9386013,0.50697184
877,pixel_linear,0.97330797,0.9056125,0.36736864
878,pixel_linear,0.7897203,0.84525955,0.53044116
879,pixel_linear,0.92312986,0.8212652,0.46835053
880,pixel_linear,1.0457134,0.85313267,0.47234228
881,pixel_linear,0.9028149,0.8888899,0.54503316
882,pixel_linear,1.0283369,0.9290216,0.49723005
883,pixel_linear,0.8821084,0.9051965,0.498754
884,pixel_linear,0.78021955,0.8741523,0.60747266
885,pixel_linear,0.960364,0.92461795,0.51659906
886,pixel_linear,0.84868515,0.7638126,0.4565724
887,pixel_linear,1.0432799,0.8140804,0.35793632
888,pixel_linear,1.0622299,0.881764,0.57543725
889,pixel_linear,0.9713445,0.871736,0.53784066
890,pixel_linear,1.0336479,0.8543163,0.47363636
891,pixel_linear,0.8867544,0.8702339,0.5087395
892,pixel_linear,1.0307806,0.820482,0.51569223
893,pixel_linear,0.94120485,0.79187614,0.50848955
894,pixel_linear,0.84225714,0.8014352,0.5552291
895,pixel_linear,0.95795697,0.9558872,0.49571937
896,pixel_linear,1.0149806,0.82749254,0.47823253
897,pixel_linear,0.8353296,0.79877764,0.40431
898,pixel_linear,1.1549718,0.93314207,0.51993513
899,pixel_linear,0.80636793,0.7631934,0.4777036
900,pixel_linear,0.95347357,0.87897897,0.4395891
901,pixel_linear,0.91524893,0.92256254,0.41925508
902,pixel_linear,0.8851412,0.9177034,0.48740107
903,pixel_linear,0.9026017,0.84920573,0.40865937
904,pixel_linear,1.1269066,0.80099726,0.44619218
905,pixel_linear,0.8548027,0.91819763,0.5025478
906,pixel_linear,1.003547,0.8438839,0.4521561
907,pixel_linear,0.89175534,0.88165116,0.4240422
908,pixel_linear,0.96946406,0.8055001,0.47109926
909,pixel_linear,1.007639,0.8575979,0.50092065
910,pixel_linear,0.85362995,0.75023216,0.5111809
911,pixel_linear,0.9251272,0.918692,0.38165575
912,pixel_linear,0.9903009,0.88436294,0.5034711
913,pixel_linear,1.0056394,0.83328074,0.4772101
914,pixel_linear,0.8882895,0.8140667,0.3865849
915,pixel_linear,1.0847168,0.8601394,0.42075488
916,pixel_linear,0.99407893,0.777772,0.52792186
917,pixel_linear,0.797338,0.789191,0.46000725
918,pixel_linear,1.0129328,0.7741489,0.51931757
919,pixel_linear,0.9196981,0.83642524,0.44559646
920,pixel_linear,0.9069852,0.7800646,0.44058245
921,pixel_linear,0.846302,0.85165036,0.52468973
922,pixel_linear,0.89284116,0.8483007,0.49484184
923,pixel_linear,0.92880064,0.86869866,0.46043602
924,pixel_linear,0.8996408,0.8386073,0.4118397
925,pixel_linear,0.81209505,0.8449645,0.5663246
926,pixel_linear,1.024403,0.84026074,0.42358574
927,pixel_linear,0.9681872,0.83852434,0.42384398
928,pixel_linear,0.9117236,0.9023755,0.47295427
929,pixel_linear,1.1502383,0.85261923,0.50319916
930,pixel_linear,1.0009176,0.81736445,0.5855218
931,pixel_linear,0.885634,0.92107636,0.48173612
932,pixel_linear,0.8790069,0.77202195,0.55677396
933,pixel_linear,0.857294,0.8489789,0.6197627
934,pixel_linear,0.91860354,0.81564045,0.4106261
935,pixel_linear,0.8125216,0.9650376,0.44939315
936,pixel_linear,0.9547991,1.0356662,0.45815235
937,pixel_linear,0.81414807,0.7637129,0.5303343
938,pixel_linear,0.85378504,0.78741676,0.54330397
939,pixel_linear,0.87099683,0.782643,0.5766863
940,pixel_linear,0.98782206,0.87814206,0.4020722
941,pixel_linear,0.9083569,0.8644284,0.5619813
942,pixel_linear,0.9597602,0.8400094,0.46489885
943,pixel_linear,1.1032284,0.8023172,0.47958323
944,pixel_linear,0.9435317,0.867408,0.5098622
945,pixel_linear,0.8663565,0.86622727,0.59904534
946,pixel_linear,0.7063912,0.8388643,0.5065076
947,pixel_linear,0.9797034,0.9199946,0.41862476
948,pixel_linear,0.8459572,0.86322534,0.4118407
949,pixel_linear,0.87005377,0.84197634,0.3856886
950,pixel_linear,0.95753646,0.87626606,0.46205807
951,pixel_linear,1.0431792,1.0319148,0.49840572
952,pixel_linear,0.9502293,0.80061466,0.46516412
953,pixel_linear,0.9897261,0.9304139,0.5531687
954,pixel_linear,0.7365697,0.86836964,0.5300097
955,pixel_linear,0.8776231,0.8287468,0.5080467
956,pixel_linear,0.92471087,0.89894515,0.4965554
957,pixel_linear,0.7386637,0.8325798,0.32709944
958,pixel_linear,0.8906613,0.77158535,0.49798903
959,pixel_linear,0.91603774,0.8746732,0.4821193
960,pixel_linear,0.98626757,0.949191,0.39572874
961,pixel_linear,1.0362177,0.9285508,0.5212292
962,pixel_linear,1.0341609,0.9714815,0.5066307
963,pixel_linear,0.9025335,0.93745446,0.35723075
964,pixel_linear,0.74175763,0.8420063,0.40916365
965,pixel_linear,0.8443675,0.82230145,0.48775515
966,pixel_linear,1.0201112,0.9912876,0.45829064
967,pixel_linear,0.96407646,0.8937249,0.55966675
968,pixel_linear,0.9430226,0.9004418,0.6533162
969,pixel_linear,0.72909814,0.93990487,0.41275528
970,pixel_linear,0.8707535,0.8263342,0.56298196
971,pixel_linear,0.957092,0.79023594,0.49438268
972,pixel_linear,0.9399989,0.81437314,0.3888004
973,pixel_linear,1.0096684,0.8917263,0.44182318
974,pixel_linear,1.0389436,0.8329517,0.5648191
975,pixel_linear,0.8878066,0.8411593,0.5057688
976,pixel_linear,0.8869586,0.7835133,0.5778024
977,pixel_linear,0.8882428,0.9871979,0.45962876
978,pixel_linear,0.9313153,0.9846246,0.6563299
979,pixel_linear,1.0470753,0.826882,0.52556705
980,pixel_linear,0.9527155,0.8739641,0.4272214
981,pixel_linear,0.92278296,0.8037461,0.47419786
982,pixel_linear,0.89011073,0.8002397,0.56727254
983,pixel_linear,0.98526686,0.84322906,0.5140352
984,pixel_linear,1.0758224,1.1229886,0.7648682
985,pixel_linear,0.9420966,0.8979554,0.48982105
986,pixel_linear,1.0464915,0.8850397,0.3898699
987,pixel_linear,0.85830325,0.72930735,0.45942855
988,pixel_linear,0.8816002,0.95981336,0.41981214
989,pixel_linear,0.9916694,0.8675026,0.4231151
990,pixel_linear,0.87738186,0.8444668,0.44044733
991,pixel_linear,1.0437819,0.89044785,0.5652051
992,pixel_linear,0.8486586,0.90591955,0.50848526
993,pixel_linear,0.87709713,0.7862122,0.48480418
994,pixel_linear,0.9056351,0.87288475,0.3990881
995,pixel_linear,0.82485855,0.81589395,0.46097502
996,pixel_linear,1.0338895,0.78717774,0.44234678
997,pixel_linear,0.85202104,0.940476,0.51527756
998,pixel_linear,0.83951426,0.9495594,0.5875298
999,pixel_linear,1.0282226,1.0317265,0.75091267
0,texton_linear,0.75056356,0.844576,0.5046103
1,texton_linear,0.88398254,0.8016606,0.6173424
2,texton_linear,0.89932615,0.7487449,0.53170127
3,texton_linear,0.98255855,0.88665444,0.52787215
4,texton_linear,0.8089001,0.80995613,0.4822544
5,texton_linear,0.99814194,0.8241122,0.40169665
6,texton_linear,0.912943,0.80306417,0.5279108
7,texton_linear,0.7995832,0.8390597,0.56808645
8,texton_linear,0.89843124,0.8927549,0.51033723
9,texton_linear,1.0295957,0.84360564,0.47380817
10,texton_linear,0.968316,0.854685,0.52095556
11,texton_linear,0.98715186,0.82864046,0.5206735
12,texton_linear,0.97505397,0.8384672,0.4903634
13,texton_linear,0.8185066,0.80464596,0.5175326
14,texton_linear,1.0449876,0.8962893,0.48895216
15,texton_linear,0.8259901,0.9002439,0.5953761
16,texton_linear,0.94035196,0.9520039,0.44924462
17,texton_linear,0.9516421,0.9746729,0.557808
18,texton_linear,0.9927949,0.9177159,0.43779582
19,texton_linear,0.94659704,0.87398696,0.5659648
20,texton_linear,0.9830804,0.88835984,0.46870497
21,texton_linear,0.9064463,0.8238432,0.5065872
22,texton_linear,0.8921399,0.8591372,0.5923367
23,texton_linear,0.8966773,0.8525336,0.4002334
24,texton_linear,0.86373687,0.8687361,0.48716417
25,texton_linear,1.2488728,1.0524645,0.608436
26,texton_linear,1.0823237,0.808302,0.48895782
27,texton_linear,0.94769955,0.8921342,0.47883552
28,texton_linear,0.83027667,0.8214296,0.54374075
29,texton_linear,0.85958457,0.7746211,0.5503862
30,texton_linear,0.7934424,0.81896895,0.56327826
31,texton_linear,0.9121549,0.7977035,0.4584017
32,texton_linear,0.77960527,0.7836289,0.4839949
33,texton_linear,0.84183544,0.942574,0.5828443
34,texton_linear,0.9443979,0.82546973,0.4626147
35,texton_linear,1.0638546,0.8052358,0.4482822
36,texton_linear,0.9558893,0.9172414,0.532266
37,texton_linear,0.9029742,0.8593527,0.43677247
38,texton_linear,0.86722165,0.8833542,0.47155854
39,texton_linear,0.84438956,0.8168758,0.5214412
40,texton_linear,0.803464,0.87036645,0.49474955
41,texton_linear,0.8728884,0.8756906,0.5256562
42,texton_linear,0.81264323,0.7636352,0.4423071
43,texton_linear,0.7381004,0.8331044,0.49889803
44,texton_linear,1.0109602,0.7583126,0.50315297
45,texton_linear,1.0832016,0.86380005,0.47812307
46,texton_linear,0.9729111,0.78438264,0.49215412
47,texton_linear,0.9519572,0.8635064,0.462593
48,texton_linear,0.77178603,0.74990606,0.52273077
49,texton_linear,0.98494524,0.92513794,0.5864765
50,texton_linear,1.0980945,0.87713045,0.61424583
51,texton_linear,0.9119985,0.79686755,0.5098621
52,texton_linear,0.854545,0.8059097,0.5778779
53,texton_linear,0.88339424,0.8987689,0.47502455
54,texton_linear,0.9269047,0.83516324,0.5160622
55,texton_linear,0.91416997,0.90792215,0.5495557
56,texton_linear,0.6498414,0.90035397,0.47545177
57,texton_linear,0.8388224,0.75985175,0.57157385
58,texton_linear,1.0261648,0.73852044,0.53308034
59,texton_linear,0.7647091,0.8754833,0.5379624
60,texton_linear,0.82568115,0.84516007,0.46586296
61,texton_linear,1.0034661,0.96850514,0.56948096
62,texton_linear,0.79860234,0.876282,0.48127896
63,texton_linear,0.9371294,0.83763915,0.50347453
64,texton_linear,0.951215,0.87965304,0.48315635
65,texton_linear,0.95424575,0.87191474,0.4488297
66,texton_linear,1.0610689,0.8924105,0.5515516
67,texton_linear,0.7820859,0.90536743,0.4847487
68,texton_linear,0.98108226,0.91887575,0.410924
69,texton_linear,0.9088112,0.86801845,0.58108056
70,texton_linear,0.9499378,0.93268865,0.5335333
71,texton_linear,0.79400414,0.88123393,0.47762772
72,texton_linear,0.92262137,0.85786194,0.53515106
73,texton_linear,0.78710145,0.86271626,0.4611568
74,texton_linear,0.9337168,0.80869895,0.42911103
75,texton_linear,0.89698,0.8079834,0.5094855
76,texton_linear,1.0020069,0.8892349,0.54655135
77,texton_linear,0.8971497,0.8217012,0.55889547
78,texton_linear,0.8461261,0.7779127,0.6415656
79,texton_linear,0.8645291,0.8650773,0.47474393
80,texton_linear,0.990616,0.8691455,0.42481732
81,texton_linear,0.91329277,0.82735914,0.3560956
82,texton_linear,0.9271846,0.8781002,0.4842076
83,texton_linear,0.8270823,0.821727,0.506413
84,texton_linear,0.7825549,0.83877784,0.5850134
85,texton_linear,0.7562459,0.8070115,0.5497918
86,texton_linear,0.70870286,0.78051317,0.4674265
87,texton_linear,1.077214,0.87017685,0.47469682
88,texton_linear,1.0546652,0.7991152,0.470536
89,texton_linear,0.85038376,0.92357343,0.42784572
90,texton_linear,0.83041894,0.93300813,0.45208317
91,texton_linear,0.94239545,0.77736205,0.43856806
92,texton_linear,0.8660241,0.84724283,0.5146175
93,texton_linear,0.8873721,0.8442606,0.48749644
94,texton_linear,0.8967496,0.82880366,0.49581966
95,texton_linear,0.8618008,0.79619724,0.5404112
96,texton_linear,1.0166318,0.8803563,0.50771254
97,texton_linear,1.0546311,0.82736003,0.5360301
98,texton_linear,0.8789661,0.8477694,0.51445913
99,texton_linear,0.9417387,0.9060476,0.49967408
100,texton_linear,0.85293233,0.7884369,0.5002333
101,texton_linear,0.81969637,0.8105443,0.41352108
102,texton_linear,0.8496794,0.7692297,0.42781875
103,texton_linear,1.0644841,0.8669233,0.4311899
104,texton_linear,0.83915824,0.83571756,0.52639604
105,texton_linear,0.83925784,0.76845855,0.47327346
106,texton_linear,0.8217136,0.82506853,0.45177162
107,texton_linear,0.8501075,0.76328087,0.4835463
108,texton_linear,0.7052976,0.8655362,0.45764056
109,texton_linear,0.8788491,0.79526,0.5193728
110,texton_linear,0.8245597,0.8222613,0.53845465
111,texton_linear,0.8453223,0.7773121,0.5452216
112,texton_linear,1.0113093,0.92740554,0.44189194
113,texton_linear,0.72959405,0.8219829,0.5018697
114,texton_linear,0.93863803,0.8614041,0.47975034
115,texton_linear,1.1745524,0.89832604,0.61318433
116,texton_linear,0.84364605,0.8179733,0.41904142
117,texton_linear,0.8203886,0.79994935,0.5339223
118,texton_linear,0.89441377,0.84331805,0.5833066
119,texton_linear,0.8898473,0.83337015,0.5313772
120,texton_linear,0.9509224,0.7771853,0.49245888
121,texton_linear,0.79370195,0.810073,0.46458232
122,texton_linear,0.82258016,0.82074606,0.60101736
123,texton_linear,0.8510251,0.80855614,0.5180205
124,texton_linear,0.865345,0.7706849,0.49244493
125,texton_linear,0.9008241,0.92775273,0.35028183
126,texton_linear,0.78416413,0.7584326,0.48582202
127,texton_linear,0.8829578,0.81427145,0.5931595
128,texton_linear,0.87918645,0.7904319,0.49423748
129,texton_linear,0.8930445,0.84379727,0.47311553
130,texton_linear,0.72150964,0.89951813,0.45767125
131,texton_linear,0.9013291,0.76924616,0.46282542
132,texton_linear,0.8896412,0.87108785,0.6421406
133,texton_linear,0.79147786,0.8780875,0.534306
134,texton_linear,0.87801206,0.8672235,0.4545763
135,texton_linear,0.90965044,0.8637367,0.56397516
136,texton_linear,0.8743297,0.8847795,0.42004928
137,texton_linear,0.79983866,0.8316482,0.49730048
138,texton_linear,0.9974901,0.93789005,0.43783194
139,texton_linear,0.82477444,0.8983061,0.47085384
140,texton_linear,0.9597818,0.90864885,0.59175617
141,texton_linear,0.92145705,0.8698788,0.56734586
142,texton_linear,0.8532702,0.8632675,0.4385414
143,texton_linear,0.7873685,0.84053123,0.46444994
144,texton_linear,0.78364056,1.0164092,0.52057743
145,texton_linear,0.9280374,0.8025237,0.5115344
146,texton_linear,0.8950655,1.0267109,0.42672187
147,texton_linear,0.8477479,0.85790384,0.46637213
148,texton_linear,0.7048905,0.86008,0.48335657
149,texton_linear,1.0088062,0.9133502,0.37684873
150,texton_linear,1.01033,0.86756337,0.37088466
151,texton_linear,0.8455884,0.78909826,0.56956005
152,texton_linear,0.80014414,0.85318273,0.49654028
153,texton_linear,0.91355723,0.8189123,0.5659293
154,texton_linear,0.8304506,0.9596038,0.53378606
155,texton_linear,0.8030238,0.8250982,0.5554092
156,texton_linear,0.85740566,0.81057143,0.4687968
157,texton_linear,0.89972174,0.8907525,0.5309977
158,texton_linear,0.97586036,0.8409855,0.44479704
159,texton_linear,0.8735518,0.9207851,0.48375198
160,texton_linear,1.0310404,0.93580467,0.51986885
161,texton_linear,1.0953668,0.8683126,0.53284025
162,texton_linear,0.91145676,0.83787084,0.53488475
163,texton_linear,0.99124134,0.93714786,0.536322
164,texton_linear,0.9266145,0.7952622,0.54697883
165,texton_linear,0.9786826,0.856092,0.51403636
166,texton_linear,0.8360905,0.8264401,0.46240354
167,texton_linear,0.83065015,0.8254146,0.5287033
168,texton_linear,0.95610696,0.7925634,0.46760306
169,texton_linear,0.83225155,0.825399,0.5456444
170,texton_linear,0.80359346,0.8378674,0.4891854
171,texton_linear,0.97941655,0.9101329,0.5055232
172,texton_linear,1.1699593,0.79436976,0.36557367
173,texton_linear,0.9464438,0.85450006,0.5065605
174,texton_linear,0.89732075,0.8945276,0.5671664
175,texton_linear,0.8970319,0.7878979,0.5490854
176,texton_linear,1.0101397,0.8166673,0.4192607
177,texton_linear,0.85913664,0.8360812,0.42626718
178,texton_linear,0.8593135,0.8884861,0.58404
179,texton_linear,1.0112586,0.887333,0.57675266
180,texton_linear,1.0997577,0.86481804,0.4372842
181,texton_linear,0.8623714,0.86664903,0.5006189
182,texton_linear,1.0366834,0.9009398,0.5168452
183,texton_linear,1.0016729,0.87812585,0.44782084
184,texton_linear,0.8144925,0.7424487,0.49310306
185,texton_linear,0.897775,0.80498624,0.5004141
186,texton_linear,0.77548796,0.83299434,0.5613475
187,texton_linear,1.0039412,0.8630436,0.5572951
188,texton_linear,0.8960379,0.89773583,0.4954706
189,texton_linear,0.94465697,0.80314964,0.52866685
190,texton_linear,0.90791285,0.8995661,0.5606347
191,texton_linear,0.7808409,0.9830009,0.62885576
192,texton_linear,0.92827755,0.8341219,0.47970727
193,texton_linear,0.7748155,0.7654278,0.4080389
194,texton_linear,0.8582898,0.8353748,0.42660266
195,texton_linear,0.778881,0.9037436,0.50510573
196,texton_linear,0.8406305,0.7179547,0.48515368
197,texton_linear,0.81429684,0.8104508,0.40843368
198,texton_linear,0.8221222,0.88286686,0.57079715
199,texton_linear,0.96120703,0.8454636,0.4904331
200,texton_linear,0.94572335,0.9256344,0.60155815
201,texton_linear,0.92462575,0.902713,0.56621736
202,texton_linear,0.66387904,0.83096373,0.49912208
203,texton_linear,0.9112376,0.82658106,0.5428153
204,texton_linear,0.9924352,0.81010526,0.48387533
205,texton_linear,0.75171286,0.82141364,0.52093637
206,texton_linear,0.8843624,0.8001165,0.5137554
207,texton_linear,0.7802062,0.9156645,0.44136003
208,texton_linear,1.0221123,0.8407805,0.49673626
209,texton_linear,0.7889871,0.8945388,0.45623606
210,texton_linear,0.94786906,0.8314923,0.36195382
211,texton_linear,0.95847243,0.909323,0.47119156
212,texton_linear,0.83143383,0.87444174,0.37396178
213,texton_linear,0.9094379,0.8418436,0.5131951
214,texton_linear,0.84375006,0.8692481,0.5044436
215,texton_linear,0.80195266,0.8385421,0.49898538
216,texton_linear,0.8524289,0.7798829,0.501603
217,texton_linear,0.8113682,0.9376686,0.49410233
218,texton_linear,1.0673718,0.9412726,0.39829788
219,texton_linear,0.87402934,0.9181707,0.56555194
220,texton_linear,0.90402365,0.872922,0.4340867
221,texton_linear,0.7842898,0.91434777,0.617187
222,texton_linear,0.8066438,0.90460134,0.4515701
223,texton_linear,0.76217437,0.76132643,0.560635
224,texton_linear,0.88260883,0.7570427,0.44167683
225,texton_linear,0.91044205,0.862563,0.46566644
226,texton_linear,0.89884734,0.8420467,0.40532202
227,texton_linear,0.78972733,0.84840447,0.50258183
228,texton_linear,0.9304539,0.8921792,0.5040937
229,texton_linear,0.94436365,0.87269515,0.51638335
230,texton_linear,0.9664645,0.8266409,0.44860867
231,texton_linear,0.81208247,0.83125097,0.5498505
232,texton_linear,0.8634857,0.8690248,0.39275408
233,texton_linear,0.87505794,0.85029864,0.52817696
234,texton_linear,0.846145,0.82452214,0.46630457
235,texton_linear,1.026271,0.9291427,0.5696175
236,texton_linear,0.944202,0.88755804,0.55760497
237,texton_linear,1.025056,0.83918387,0.5920529
238,texton_linear,0.8548969,0.7992993,0.5190733
239,texton_linear,0.92096215,0.8381126,0.46562973
240,texton_linear,0.95434016,0.7971393,0.39142543
241,texton_linear,0.93564314,0.83524626,0.5569273
242,texton_linear,0.90354496,0.84232944,0.52780825
243,texton_linear,0.95192033,0.8702857,0.4056701
244,texton_linear,0.92590034,0.8630217,0.5448757
245,texton_linear,0.9281436,0.8642892,0.44763
246,texton_linear,0.90609145,0.88259757,0.55100024
247,texton_linear,0.86329824,0.8572813,0.44090602
248,texton_linear,0.79994816,0.8071852,0.5834962
249,texton_linear,0.9139406,0.82603467,0.4402176
250,texton_linear,0.95652163,0.8388254,0.53729576
251,texton_linear,0.8098801,0.85110193,0.5737268
252,texton_linear,0.9997912,0.8221538,0.39663538
253,texton_linear,0.8819266,0.96020764,0.43904153
254,texton_linear,0.8551915,0.8307959,0.60084707
255,texton_linear,0.8835451,0.90036815,0.5115347
256,texton_linear,0.9016617,0.85043234,0.46685737
257,texton_linear,0.7893719,0.732924,0.58276695
258,texton_linear,0.8652442,0.822236,0.4598379
259,texton_linear,0.7573656,0.8368394,0.47986218
260,texton_linear,1.0097032,0.84031785,0.5449141
261,texton_linear,0.759354,0.79880065,0.486377
262,texton_linear,0.88660836,0.8002413,0.5343978
263,texton_linear,0.8108958,0.9575035,0.5627172
264,texton_linear,0.8532088,0.84261763,0.6222648
265,texton_linear,0.8012423,0.80076814,0.5118754
266,texton_linear,0.8509372,0.7819715,0.5215745
267,texton_linear,0.97380257,0.92175716,0.44254047
268,texton_linear,1.0537883,0.845306,0.61277574
269,texton_linear,0.8887935,0.88655686,0.5923241
270,texton_linear,0.77151513,0.8877894,0.50955635
271,texton_linear,0.89449,0.87530154,0.47075573
272,texton_linear,0.74792224,0.808064,0.507297
273,texton_linear,0.7946463,0.85514766,0.4588189
274,texton_linear,0.7584782,0.82659763,0.45280346
275,texton_linear,0.83476627,0.7881793,0.50647163
276,texton_linear,1.015044,0.8112358,0.42021304
277,texton_linear,1.011414,0.91400266,0.47213006
278,texton_linear,0.9379608,0.82838374,0.54284245
279,texton_linear,0.8460929,0.76699865,0.48836008
280,texton_linear,0.8677036,0.81732273,0.47478735
281,texton_linear,0.81078124,0.8139095,0.46396273
282,texton_linear,0.8861047,0.7646063,0.55884427
283,texton_linear,0.7642881,0.83245456,0.5316325
284,texton_linear,0.862486,0.8266768,0.5040473
285,texton_linear,1.048083,0.9124873,0.5357978
286,texton_linear,0.7888339,0.81951547,0.42476094
287,texton_linear,0.88762254,0.95396477,0.4994965
288,texton_linear,0.9267642,0.86957353,0.4501399
289,texton_linear,0.79728216,1.0165186,0.3171187
290,texton_linear,0.92298484,0.7843741,0.58368105
291,texton_linear,0.85568875,0.7900682,0.50465494
292,texton_linear,1.0028697,0.8714659,0.54834586
293,texton_linear,0.97254455,0.8756423,0.48536232
294,texton_linear,0.8646108,0.82242084,0.48984218
295,texton_linear,0.9450924,0.81532836,0.49803966
296,texton_linear,0.9677911,0.77051616,0.5414172
297,texton_linear,0.7663701,0.8885089,0.48770034
298,texton_linear,0.9173378,1.0589592,0.41648245
299,texton_linear,0.75120336,0.85060817,0.49491242
300,texton_linear,0.8597832,0.82861555,0.574582
301,texton_linear,0.82522297,0.9112558,0.5119502
302,texton_linear,0.9174704,0.8756148,0.5447746
303,texton_linear,0.81881374,0.8120834,0.57798123
304,texton_linear,0.8817654,0.8547488,0.360401
305,texton_linear,0.9308291,0.7987425,0.5690228
306,texton_linear,0.9764476,0.95138466,0.49649173
307,texton_linear,0.9028575,0.7911639,0.47431278
308,texton_linear,0.8903511,0.76251477,0.44605827
309,texton_linear,0.9178782,0.7877454,0.5059425
310,texton_linear,1.0640748,0.8487216,0.50729984
311,texton_linear,0.89359474,0.86906457,0.5294204
312,texton_linear,0.9179405,0.8190447,0.41748512
313,texton_linear,0.93352866,0.8936554,0.49214473
314,texton_linear,0.9484377,0.82235277,0.46890315
315,texton_linear,0.9197762,0.9006409,0.46071103
316,texton_linear,0.8044868,0.8607565,0.49781486
317,texton_linear,0.88104355,0.8517863,0.6361438
318,texton_linear,0.9734375,0.8553421,0.40358713
319,texton_linear,0.90190536,0.81057304,0.57364935
320,texton_linear,0.90729374,0.80424994,0.54640234
321,texton_linear,0.9511273,0.8320161,0.41791022
322,texton_linear,0.81244224,0.8248557,0.5505728
323,texton_linear,0.83253807,0.8427869,0.5492362
324,texton_linear,0.92417246,0.90724945,0.5093135
325,texton_linear,0.983773,0.8278748,0.52596766
326,texton_linear,0.8690004,0.8039519,0.47929743
327,texton_linear,0.9147521,0.8109084,0.5434152
328,texton_linear,0.86557084,0.80707186,0.500228
329,texton_linear,0.9388735,0.7711868,0.49665928
330,texton_linear,0.9556411,0.832958,0.5540008
331,texton_linear,0.9228851,0.8151809,0.55115753
332,texton_linear,0.95204043,0.83235794,0.52692264
333,texton_linear,0.7622579,0.79754627,0.50364065
334,texton_linear,0.91452295,0.83147925,0.51314235
335,texton_linear,0.8784869,0.8077737,0.4691625
336,texton_linear,0.7920178,0.82882863,0.50001156
337,texton_linear,0.8333425,0.9051015,0.5658641
338,texton_linear,1.0565714,0.89339525,0.56005126
339,texton_linear,0.9023463,0.8354312,0.5468539
340,texton_linear,0.78291655,0.79748434,0.46054268
341,texton_linear,0.9218197,0.78689045,0.44045871
342,texton_linear,0.9363868,0.85792565,0.5435841
343,texton_linear,0.7614304,0.8300696,0.5101753
344,texton_linear,0.962914,0.9177465,0.4756328
345,texton_linear,0.85658514,0.7986719,0.48221356
346,texton_linear,0.7993296,0.8578277,0.5219325
347,texton_linear,0.8711704,0.8455308,0.3899059
348,texton_linear,0.9664596,0.8334364,0.5791945
349,texton_linear,0.89511573,0.8096145,0.43168226
350,texton_linear,0.7501746,0.81680375,0.55988914
351,texton_linear,0.87252045,0.89965343,0.55868423
352,texton_linear,0.8029643,0.8609164,0.43851966
353,texton_linear,0.77111644,0.7724916,0.5130466
354,texton_linear,0.8680778,0.80486345,0.51492035
355,texton_linear,0.85257477,0.88285375,0.42996928
356,texton_linear,0.81250066,0.8549517,0.5962475
357,texton_linear,0.84122413,0.8361212,0.40712118
358,texton_linear,0.9799889,0.91273636,0.34913012
359,texton_linear,0.9454826,0.88595605,0.55441165
360,texton_linear,1.1304259,0.8765701,0.46831033
361,texton_linear,0.92960733,0.7869451,0.50664353
362,texton_linear,0.84763646,0.8681029,0.4961634
363,texton_linear,0.8284077,0.8790385,0.5126412
364,texton_linear,0.9171604,0.79824436,0.45588496
365,texton_linear,0.7483622,0.8171974,0.49175048
366,texton_linear,0.8842863,0.8529566,0.46351933
367,texton_linear,0.85453445,0.8863983,0.42002234
368,texton_linear,0.80473214,0.8217918,0.5698691
369,texton_linear,0.81545603,0.79699755,0.46576518
370,texton_linear,0.7789182,0.8835028,0.453273
371,texton_linear,0.8566539,0.8028707,0.48310035
372,texton_linear,0.7668881,0.9112796,0.4913702
373,texton_linear,0.7870931,0.78452355,0.5799614
374,texton_linear,0.7743025,0.871746,0.4663738
375,texton_linear,0.8794013,0.8578532,0.5286736
376,texton_linear,0.89456636,0.8381838,0.5438186
377,texton_linear,0.9869343,0.7545827,0.50023353
378,texton_linear,0.9771801,0.8161858,0.59306693
379,texton_linear,0.9065242,0.7878751,0.44803903
380,texton_linear,0.8701385,0.8342746,0.44490075
381,texton_linear,0.9417419,0.8516631,0.54463625
382,texton_linear,0.90167224,0.89229095,0.46296105
383,texton_linear,0.8894191,0.84115344,0.47095966
384,texton_linear,0.85103005,0.80023915,0.49050713
385,texton_linear,0.990459,0.8873675,0.49036956
386,texton_linear,0.89831656,0.8126717,0.48924685
387,texton_linear,0.77951103,0.8149916,0.4891066
388,texton_linear,0.78466845,0.7873025,0.40356225
389,texton_linear,0.8379927,0.7844952,0.4796486
390,texton_linear,0.91015434,0.8510066,0.50593185
391,texton_linear,0.91717345,0.8817487,0.5067469
392,texton_linear,0.802797,0.7810338,0.4541648
393,texton_linear,0.99028176,0.7613861,0.56344044
394,texton_linear,0.88069606,0.91143805,0.40067285
395,texton_linear,0.87123245,0.85591394,0.5165003
396,texton_linear,0.8752425,0.81168437,0.53381026
397,texton_linear,1.0047244,0.8204353,0.41262576
398,texton_linear,0.85470563,0.8317539,0.427231
399,texton_linear,0.85606116,0.89337766,0.55275625
400,texton_linear,0.9053146,0.8510861,0.46236655
401,texton_linear,0.8995998,0.9752299,0.49133295
402,texton_linear,0.91786146,0.8262578,0.54425615
403,texton_linear,0.85603297,0.87036335,0.540291
404,texton_linear,0.9006127,0.7656167,0.41283303
405,texton_linear,0.9934957,0.84046614,0.4446116
406,texton_linear,0.93452007,0.747977,0.61173666
407,texton_linear,0.9050776,0.8949005,0.56642705
408,texton_linear,0.8919948,0.83415437,0.36388183
409,texton_linear,1.0757568,0.8096277,0.53918785
410,texton_linear,0.7955961,0.7985374,0.5407002
411,texton_linear,0.9410647,0.86154795,0.37731233
412,texton_linear,0.9616159,0.8174973,0.51738316
413,texton_linear,0.9082091,0.8715519,0.43028393
414,texton_linear,0.83591986,0.8465772,0.5191022
415,texton_linear,0.96197116,0.7778373,0.574429
416,texton_linear,0.8512047,0.92611104,0.43671545
417,texton_linear,0.8384033,0.8077009,0.56201375
418,texton_linear,0.8403237,0.8341173,0.41946352
419,texton_linear,0.89883465,0.863039,0.43091545
420,texton_linear,0.8970315,0.86569244,0.5135539
421,texton_linear,1.1608475,0.86230475,0.57851094
422,texton_linear,0.972183,1.0398276,0.4025207
423,texton_linear,0.8073384,0.89220226,0.5310241
424,texton_linear,0.9607118,0.84496033,0.5630355
425,texton_linear,0.8659343,0.83328503,0.48969138
426,texton_linear,0.9138068,0.80533403,0.48591438
427,texton_linear,0.8852679,0.83719397,0.54907715
428,texton_linear,0.8480227,1.1157149,0.58834016
429,texton_linear,0.8584894,0.83392614,0.5346137
430,texton_linear,0.9694674,0.8034335,0.46218953
431,texton_linear,0.9560005,0.85595506,0.38440534
432,texton_linear,0.848826,0.8853085,0.5466777
433,texton_linear,0.8257569,0.87827855,0.48352414
434,texton_linear,0.90655214,0.7680257,0.47643182
435,texton_linear,0.94413644,0.7059222,0.43456137
436,texton_linear,1.0225737,0.7546028,0.41869798
437,texton_linear,0.84214264,0.94881517,0.49513346
438,texton_linear,0.86417675,0.8849099,0.5667071
439,texton_linear,0.8938499,0.7755344,0.50948715
440,texton_linear,0.91555554,0.80264574,0.4062752
441,texton_linear,0.966284,0.8526883,0.35969046
442,texton_linear,0.9513382,0.8003091,0.5269754
443,texton_linear,0.76029927,0.84405595,0.53186274
444,texton_linear,0.86887544,0.81795007,0.56870925
445,texton_linear,0.8918088,0.91549826,0.66090256
446,texton_linear,0.90775776,0.80248207,0.48257625
447,texton_linear,0.71721065,1.0261168,0.5130495
448,texton_linear,0.8172325,0.8389959,0.5275598
449,texton_linear,0.910562,0.79886967,0.5335739
450,texton_linear,0.9598463,0.85019684,0.44386467
451,texton_linear,0.9633695,0.80361027,0.4718019
452,texton_linear,0.92043936,0.8846912,0.4420654
453,texton_linear,1.0482398,0.81281424,0.47657633
454,texton_linear,0.9608144,0.8431532,0.45096987
455,texton_linear,0.8592393,0.7593684,0.46268573
456,texton_linear,0.8799416,0.9046854,0.52663535
457,texton_linear,0.8510033,0.80686957,0.46688348
458,texton_linear,0.79771554,0.78515476,0.41161618
459,texton_linear,0.87869966,0.8031927,0.44139686
460,texton_linear,0.9064828,0.9334447,0.5352376
461,texton_linear,0.9083275,0.963523,0.5386457
462,texton_linear,0.8536648,0.84565145,0.48055807
463,texton_linear,0.9148753,0.82812524,0.5029415
464,texton_linear,0.81907374,0.7781345,0.5246964
465,texton_linear,0.82390857,0.77318466,0.5071768
466,texton_linear,0.80469805,0.78999233,0.6124311
467,texton_linear,0.8086283,0.84023154,0.4961627
468,texton_linear,0.8720233,0.8425862,0.44181943
469,texton_linear,0.8859446,0.8177514,0.45639607
470,texton_linear,0.9574066,0.89908636,0.58780545
471,texton_linear,0.91453093,0.85442394,0.5484845
472,texton_linear,0.89332616,0.8158482,0.528453
473,texton_linear,0.96327996,0.8671642,0.45375207
474,texton_linear,0.8402652,0.85164356,0.5078064
475,texton_linear,0.87804306,0.8102506,0.5402316
476,texton_linear,0.9586875,0.8733801,0.47230852
477,texton_linear,1.0151442,0.8190674,0.62422115
478,texton_linear,0.8777523,0.8335936,0.5472729
479,texton_linear,0.80406475,0.821054,0.48122373
480,texton_linear,0.81870675,0.8148641,0.493068
481,texton_linear,1.0009845,0.83551216,0.49332592
482,texton_linear,1.0614965,0.8791814,0.40981528
483,texton_linear,0.84518826,0.9297326,0.46592408
484,texton_linear,1.0055275,0.8050921,0.54010105
485,texton_linear,0.922548,0.9008046,0.6663306
486,texton_linear,0.854143,1.0713665,0.6193419
487,texton_linear,0.9405272,0.75943637,0.37087387
488,texton_linear,0.8363968,0.8062153,0.51367986
489,texton_linear,0.85651946,0.8706376,0.52318263
490,texton_linear,0.9844916,0.87949556,0.5089371
491,texton_linear,0.93061805,0.8703115,0.53129137
492,texton_linear,1.0080311,0.90485096,0.35809636
493,texton_linear,0.8310557,0.8920497,0.52480245
494,texton_linear,1.0066117,0.77372384,0.48286542
495,texton_linear,0.7546144,0.8449204,0.40040278
496,texton_linear,0.8193778,0.8200208,0.5046395
497,texton_linear,0.7491611,0.8272601,0.575456
498,texton_linear,0.8084728,0.8132526,0.54413307
499,texton_linear,0.66975856,0.85564834,0.41742763
500,texton_linear,0.9060457,0.8682951,0.48209238
501,texton_linear,0.98509675,0.85532707,0.52291805
502,texton_linear,0.98858374,0.8119996,0.54218733
503,texton_linear,0.9314749,0.7786858,0.49204496
504,texton_linear,0.829504,0.7979678,0.4857384
505,texton_linear,0.8619368,0.8684044,0.5215795
506,texton_linear,0.877369,0.76944494,0.48726347
507,texton_linear,0.916614,0.96344334,0.5014848
508,texton_linear,0.9411957,0.9258268,0.39107785
509,texton_linear,0.93106186,0.83072215,0.44853964
510,texton_linear,0.89457595,0.87341577,0.5501185
511,texton_linear,0.9738378,0.7201284,0.5857931
512,texton_linear,0.83356905,0.9441998,0.5089199
513,texton_linear,0.9918065,0.75451046,0.46306854
514,texton_linear,0.89639735,0.85375416,0.60357416
515,texton_linear,0.91226786,0.8015156,0.5860439
516,texton_linear,0.8442159,0.8546669,0.5003234
517,texton_linear,0.87587845,0.81099576,0.47890994
518,texton_linear,0.96727985,0.845831,0.50688106
519,texton_linear,0.71143806,0.9201683,0.4899502
520,texton_linear,0.9132493,0.8564961,0.51524943
521,texton_linear,0.75345933,0.83053243,0.48011804
522,texton_linear,0.8638809,0.82914966,0.52133507
523,texton_linear,0.97083604,0.8186609,0.48198947
524,texton_linear,0.82581234,0.7842625,0.5422956
525,texton_linear,1.0660055,0.823486,0.448475
526,texton_linear,0.96293485,0.774175,0.47789186
527,texton_linear,0.8775192,0.74531364,0.5462085
528,texton_linear,0.84742093,0.83827776,0.5351851
529,texton_linear,0.88274425,0.8758457,0.48962674
530,texton_linear,0.8609994,0.8597048,0.46930784
531,texton_linear,0.8824606,0.91115385,0.4871023
532,texton_linear,0.93023276,0.75979805,0.5560132
533,texton_linear,1.008419,0.92666334,0.62649286
534,texton_linear,0.86477834,0.88884,0.39630207
535,texton_linear,0.9261527,0.73524904,0.5035125
536,texton_linear,0.9091575,0.90057576,0.4498798
537,texton_linear,0.8506409,0.8692031,0.54685783
538,texton_linear,0.8869696,0.87577367,0.4726628
539,texton_linear,0.88804746,0.8450771,0.43561295
540,texton_linear,0.9369174,0.7595582,0.5661834
541,texton_linear,0.8877686,0.97767466,0.470085
542,texton_linear,1.0442286,0.9159801,0.64692307
543,texton_linear,0.79370224,0.7452673,0.59705496
544,texton_linear,0.92832816,0.85174024,0.4908006
545,texton_linear,0.90708804,0.7735883,0.50793046
546,texton_linear,0.73402494,0.81473297,0.46360913
547,texton_linear,0.7893637,0.86597174,0.45845726
548,texton_linear,1.0764428,0.8478168,0.5531729
549,texton_linear,0.74892837,0.80755454,0.46129125
550,texton_linear,1.0805166,0.7903839,0.50684744
551,texton_linear,0.9249228,0.85242134,0.5378709
552,texton_linear,0.95970446,0.8465422,0.4356926
553,texton_linear,0.8805937,0.8340997,0.39986667
554,texton_linear,0.9698581,0.90346307,0.46778947
555,texton_linear,0.94783497,0.93113446,0.57845026
556,texton_linear,0.9400973,0.8928558,0.45280224
557,texton_linear,0.9035963,0.906616,0.5101371
558,texton_linear,0.9042521,0.8283592,0.44098094
559,texton_linear,0.981414,0.8289818,0.495063
560,texton_linear,0.9299982,0.82004344,0.50078386
561,texton_linear,0.81928813,0.817347,0.4342834
562,texton_linear,0.8293576,0.89294714,0.5106635
563,texton_linear,0.9281953,0.81397,0.60271096
564,texton_linear,0.85798645,0.89750713,0.4506265
565,texton_linear,0.87802714,0.8183553,0.4156286
566,texton_linear,0.89914554,0.9457343,0.40325373
567,texton_linear,0.76846683,0.8600412,0.46658564
568,texton_linear,1.1567311,1.0460157,0.4162642
569,texton_linear,0.9009461,0.838923,0.37214285
570,texton_linear,0.83312887,0.8924436,0.6319289
571,texton_linear,0.913613,0.78441244,0.5025755
572,texton_linear,1.032792,0.93740594,0.48920864
573,texton_linear,1.0057037,0.87858546,0.44120693
574,texton_linear,0.82043576,0.8859986,0.4367612
575,texton_linear,0.9125539,0.9676872,0.5606489
576,texton_linear,1.1203953,0.84226954,0.45423627
577,texton_linear,0.91480273,0.73802704,0.47319734
578,texton_linear,0.84758234,0.7505608,0.45285434
579,texton_linear,1.094195,0.8231617,0.47080767
580,texton_linear,0.77593225,0.78011334,0.45924976
581,texton_linear,1.0878422,0.93698967,0.51290184
582,texton_linear,1.0230644,0.8202556,0.57974154
583,texton_linear,0.76597023,0.84057873,0.48613352
584,texton_linear,0.8192459,0.82274324,0.5101752
585,texton_linear,0.9276441,0.9795788,0.5483684
586,texton_linear,0.9902152,0.8758343,0.5762846
587,texton_linear,0.92508274,0.85030174,0.3408443
588,texton_linear,0.8427104,0.856781,0.513568
589,texton_linear,0.88029736,0.81886506,0.53472215
590,texton_linear,0.8540606,0.9122934,0.63370454
591,texton_linear,0.8652815,0.8943762,0.5550455
592,texton_linear,1.1253147,0.8695859,0.52032244
593,texton_linear,0.56089365,0.8119528,0.50443095
594,texton_linear,0.9276755,0.8763245,0.5591679
595,texton_linear,1.020111,0.89783823,0.48026127
596,texton_linear,0.9748217,0.7638803,0.47440812
597,texton_linear,0.85429955,0.82067066,0.5475822
598,texton_linear,1.0541728,0.8572435,0.45209008
599,texton_linear,0.88542354,0.81309646,0.4756559
600,texton_linear,0.75307274,0.8070437,0.43898237
601,texton_linear,0.94642746,0.7590508,0.4541762
602,texton_linear,0.92565846,0.8985026,0.51385397
603,texton_linear,0.8714311,0.8352021,0.44181243
604,texton_linear,0.8762141,0.77089334,0.4764766
605,texton_linear,0.9852254,0.8620874,0.4345957
606,texton_linear,0.83823466,0.7849528,0.46849647
607,texton_linear,0.89017713,0.804334,0.43480688
608,texton_linear,0.9676679,0.828629,0.44348374
609,texton_linear,0.8305266,0.8478877,0.53050274
610,texton_linear,0.95305777,0.90443486,0.39794165
611,texton_linear,0.9257369,0.7444545,0.4612724
612,texton_linear,0.9863534,0.84490556,0.4706388
613,texton_linear,0.95384586,0.8601277,0.5195033
614,texton_linear,0.8366069,0.83136415,0.4960512
615,texton_linear,0.8665797,0.86103344,0.42303446
616,texton_linear,0.8071821,0.85375226,0.5483981
617,texton_linear,0.9175334,0.8510054,0.46166307
618,texton_linear,0.92037565,0.831804,0.5608354
619,texton_linear,1.136735,0.8397784,0.53147286
620,texton_linear,0.8914927,0.88658047,0.49615824
621,texton_linear,0.8684376,0.77664393,0.5782497
622,texton_linear,0.8504258,0.9928822,0.54130596
623,texton_linear,0.96794766,0.83280104,0.5063152
624,texton_linear,1.0470744,0.76837426,0.5514771
625,texton_linear,0.85844517,0.88227093,0.44475818
626,texton_linear,1.0109643,0.8669703,0.39862686
627,texton_linear,0.8818663,0.82514167,0.577056
628,texton_linear,0.8540608,0.90421534,0.5489535
629,texton_linear,0.8830254,0.8809155,0.4383354
630,texton_linear,0.90114087,0.89236194,0.4065911
631,texton_linear,1.0249527,0.94894433,0.6547512
632,texton_linear,0.9648993,0.7576294,0.4540659
633,texton_linear,0.838,0.7281314,0.4977898
634,texton_linear,0.8948786,0.742933,0.43212423
635,texton_linear,0.9050333,0.93490416,0.4591467
636,texton_linear,0.86516017,0.8643743,0.4129775
637,texton_linear,0.9148236,0.95319366,0.5573573
638,texton_linear,0.82154804,0.8511487,0.4915683
639,texton_linear,0.8751764,0.82882816,0.52385664
640,texton_linear,0.94638443,0.7427527,0.52958816
641,texton_linear,0.90717924,0.86298674,0.55605596
642,texton_linear,0.92179406,0.87658435,0.46616384
643,texton_linear,0.89387083,0.82279384,0.45440894
644,texton_linear,0.9976263,0.98430485,0.5683826
645,texton_linear,0.8016586,0.85997194,0.523262
646,texton_linear,0.7849328,0.8553708,0.4843511
647,texton_linear,0.87658584,0.84915835,0.5700445
648,texton_linear,0.8775671,0.84070474,0.5063274
649,texton_linear,0.98029876,0.8157182,0.4391791
650,texton_linear,0.87794757,0.8682357,0.44169065
651,texton_linear,0.9200887,0.8761498,0.3897792
652,texton_linear,0.8189913,0.8161959,0.5593774
653,texton_linear,0.97042906,0.82620704,0.5118289
654,texton_linear,1.0711737,0.8905057,0.5236664
655,texton_linear,0.98440325,0.8461168,0.534383
656,texton_linear,0.9395998,0.95612764,0.5111511
657,texton_linear,0.8975396,0.7581277,0.43895873
658,texton_linear,0.82780147,0.8395311,0.47100905
659,texton_linear,0.7854903,0.74862266,0.4622075
660,texton_linear,0.8729186,0.93921137,0.53654075
661,texton_linear,0.9983811,1.0282109,0.6406559
662,texton_linear,0.86996037,0.8788633,0.5159249
663,texton_linear,0.9409174,0.8052189,0.47766042
664,texton_linear,0.8503845,0.85248935,0.47052437
665,texton_linear,0.89327973,0.9007563,0.5430531
666,texton_linear,0.949539,0.9141158,0.42457452
667,texton_linear,0.9507016,0.84447545,0.48884445
668,texton_linear,0.8323843,0.8772287,0.45262143
669,texton_linear,0.9465313,0.8378845,0.52689064
670,texton_linear,0.7011578,0.88036126,0.46223262
671,texton_linear,0.93166804,0.88637024,0.50541985
672,texton_linear,1.0508292,0.93336654,0.5790025
673,texton_linear,1.1071944,0.8746112,0.3692403
674,texton_linear,0.91259885,0.8517092,0.57928526
675,texton_linear,0.894053,0.9042193,0.5419954
676,texton_linear,0.99678963,0.87235975,0.4977574
677,texton_linear,1.0291729,0.8210908,0.40123823
678,texton_linear,0.9224896,0.85868126,0.49683037
679,texton_linear,0.7409357,0.8276569,0.43882966
680,texton_linear,0.8434601,0.8650014,0.5177369
681,texton_linear,0.9083615,0.89970064,0.5605733
682,texton_linear,0.8718104,0.94238365,0.47027624
683,texton_linear,0.96760094,0.82480645,0.591445
684,texton_linear,1.1485994,0.85830593,0.37677628
685,texton_linear,0.9425118,0.86496335,0.42997786
686,texton_linear,0.8607299,0.8640519,0.42921466
687,texton_linear,0.8467192,0.8651022,0.40820903
688,texton_linear,0.7562951,0.83027405,0.51865125
689,texton_linear,0.9305758,0.79148513,0.5081319
690,texton_linear,1.0593567,0.83239394,0.4821207
691,texton_linear,0.8651635,0.88524735,0.542212
692,texton_linear,0.87001425,0.72469044,0.5288778
693,texton_linear,0.825459,0.81121737,0.43627575
694,texton_linear,0.82991534,0.9194512,0.57679975
695,texton_linear,0.8382216,0.85860205,0.49743652
696,texton_linear,0.90496135,0.80070394,0.471855
697,texton_linear,0.8144962,0.7997401,0.50576913
698,texton_linear,0.8774777,0.82383883,0.50015324
699,texton_linear,0.9166264,0.9438273,0.4818474
700,texton_linear,0.9073765,0.7732338,0.4419784
701,texton_linear,0.82607085,0.92305547,0.4845543
702,texton_linear,0.8746854,0.8480797,0.56486535
703,texton_linear,0.9105347,0.85003334,0.5173472
704,texton_linear,0.869087,0.84003747,0.4834486
705,texton_linear,0.8230882,0.77041024,0.58766174
706,texton_linear,0.7496495,0.83079463,0.39743537
707,texton_linear,0.8438317,0.77763146,0.4746204
708,texton_linear,0.9883786,0.88690066,0.44835877
709,texton_linear,0.92456865,1.0561067,0.3670445
710,texton_linear,0.85177857,0.8420292,0.5356755
711,texton_linear,1.0388559,0.9243433,0.47392717
712,texton_linear,0.8102597,0.8644836,0.45705652
713,texton_linear,0.7987745,0.8150395,0.4867938
714,texton_linear,0.8507744,0.8092138,0.5597359
715,texton_linear,0.8522187,0.95076525,0.52628577
716,texton_linear,0.92679316,0.856226,0.46653032
717,texton_linear,0.97880346,0.7958194,0.45283988
718,texton_linear,0.8603137,0.7772519,0.4916668
719,texton_linear,0.80082417,0.82858783,0.49986717
720,texton_linear,0.70552665,0.9825087,0.42502022
721,texton_linear,1.0262034,0.8387904,0.46351936
722,texton_linear,0.94204336,0.88472515,0.45373747
723,texton_linear,0.9198036,0.87764907,0.45678377
724,texton_linear,1.0506055,0.80864835,0.52490926
725,texton_linear,0.9439915,0.8888895,0.49002367
726,texton_linear,0.9692728,0.8297628,0.43056637
727,texton_linear,0.91548645,0.83707935,0.44783384
728,texton_linear,1.0025969,0.8940432,0.56932986
729,texton_linear,0.8282087,0.7970642,0.4985399
730,texton_linear,0.86998737,0.91462606,0.57817745
731,texton_linear,0.87477857,0.8890906,0.48330382
732,texton_linear,0.83616954,0.79659903,0.51276475
733,texton_linear,0.9732619,0.8262306,0.47091407
734,texton_linear,0.9114384,0.8794374,0.5590112
735,texton_linear,0.9863862,0.90623426,0.556431
736,texton_linear,0.8374024,0.8302336,0.5015767
737,texton_linear,0.856355,0.88024825,0.48189685
738,texton_linear,0.9779463,0.81635535,0.5532814
739,texton_linear,0.9346837,0.89445025,0.5525112
740,texton_linear,0.86382425,0.82533675,0.4629493
741,texton_linear,0.9381002,0.86458886,0.48572293
742,texton_linear,0.927622,0.82160854,0.4598625
743,texton_linear,0.87577385,0.8538628,0.43829125
744,texton_linear,0.9503715,0.8529581,0.4991971
745,texton_linear,0.8182693,0.82262677,0.51146364
746,texton_linear,0.85483754,0.82894784,0.48717847
747,texton_linear,1.0529094,0.8805657,0.6079437
748,texton_linear,0.8459648,0.7963064,0.51469076
749,texton_linear,1.0058758,0.95049816,0.5435292
750,texton_linear,0.7483364,0.8520159,0.51272357
751,texton_linear,0.8120676,0.7632774,0.4874368
752,texton_linear,0.85750675,0.856767,0.39892322
753,texton_linear,0.8060224,0.88435733,0.5983858
754,texton_linear,0.88863313,0.85811245,0.46113282
755,texton_linear,0.8127819,0.8222066,0.48321295
756,texton_linear,1.1330504,0.83337855,0.5969862
757,texton_linear,1.0287522,0.8095384,0.4359128
758,texton_linear,0.8349703,0.81145674,0.47334218
759,texton_linear,0.83338153,0.80835146,0.50172263
760,texton_linear,0.900768,0.8321535,0.5115341
761,texton_linear,0.9319356,0.7995434,0.42460388
762,texton_linear,0.9226726,0.7227548,0.53917366
763,texton_linear,0.90334666,0.80165,0.540006
764,texton_linear,0.8864368,0.8884531,0.4631809
765,texton_linear,0.89922404,0.8768673,0.5746988
766,texton_linear,0.8818341,0.8582798,0.5277663
767,texton_linear,1.0356703,0.862336,0.4550439
768,texton_linear,0.9857782,0.8530268,0.51846945
769,texton_linear,0.90206397,0.83590215,0.52520996
770,texton_linear,0.92967874,0.73200035,0.47380975
771,texton_linear,0.80594605,0.86447614,0.48978746
772,texton_linear,0.8218907,0.8608411,0.55633736
773,texton_linear,0.91371715,0.84716743,0.46747163
774,texton_linear,0.8545331,0.78600115,0.47294363
775,texton_linear,0.9685997,0.8157588,0.47623703
776,texton_linear,0.97905135,0.894947,0.42314693
777,texton_linear,0.9782004,0.8374977,0.5373861
778,texton_linear,1.0827618,0.8337392,0.5229955
779,texton_linear,0.81279886,0.80930674,0.5890789
780,texton_linear,0.83593893,1.1774049,0.6338866
781,texton_linear,0.71801436,0.84419554,0.49460605
782,texton_linear,0.85494596,0.8534454,0.54858327
783,texton_linear,0.99880683,0.8524801,0.47115603
784,texton_linear,0.9346487,0.8638611,0.5572375
785,texton_linear,0.8989343,0.81767434,0.48573065
786,texton_linear,0.92905784,0.82409286,0.5109176
787,texton_linear,0.826715,0.808508,0.47828987
788,texton_linear,0.8513815,0.8152751,0.51267076
789,texton_linear,0.90639865,0.8705172,0.46463424
790,texton_linear,0.9631878,0.9554454,0.6629612
791,texton_linear,0.928016,0.7743691,0.38507235
792,texton_linear,0.8824962,0.8091045,0.46521112
793,texton_linear,0.8910426,0.9135317,0.47142464
794,texton_linear,0.8178447,0.89891225,0.50928885
795,texton_linear,0.92969,0.8676952,0.5233114
796,texton_linear,0.9380679,0.7973894,0.49656892
797,texton_linear,0.933458,0.9515815,0.5065555
798,texton_linear,0.73893183,0.95498466,0.5607524
799,texton_linear,0.7952277,0.76638025,0.5123245
800,texton_linear,0.92571473,0.859074,0.5013705
801,texton_linear,0.9043639,0.839913,0.43685398
802,texton_linear,0.881614,0.74910104,0.51157576
803,texton_linear,0.9775735,0.798439,0.53333765
804,texton_linear,0.87859464,0.81795657,0.47242862
805,texton_linear,0.90277946,0.8080952,0.48236322
806,texton_linear,0.9813196,0.86426693,0.55977374
807,texton_linear,0.97808504,0.7563787,0.5453899
808,texton_linear,0.9727549,0.9053421,0.5487628
809,texton_linear,0.91641426,0.91422504,0.41460815
810,texton_linear,0.86626375,0.89242643,0.6237173
811,texton_linear,0.8750831,0.7707885,0.49733
812,texton_linear,0.90827733,0.8189232,0.5313119
813,texton_linear,0.87174946,0.798782,0.47049636
814,texton_linear,1.0133295,0.8606027,0.5146247
815,texton_linear,0.85346895,0.80659246,0.5303204
816,texton_linear,0.93260723,0.85243475,0.45535898
817,texton_linear,0.9019233,0.8574999,0.52283126
818,texton_linear,0.7749058,0.8119073,0.46757463
819,texton_linear,0.9362348,0.8456419,0.51045936
820,texton_linear,0.71522266,0.9085776,0.56702256
821,texton_linear,0.9179127,0.86084265,0.53203595
822,texton_linear,0.82335633,0.8270151,0.4485248
823,texton_linear,1.0332314,0.91901284,0.5277899
824,texton_linear,1.0663857,0.81796664,0.37027764
825,texton_linear,0.8777895,0.8491747,0.50757194
826,texton_linear,0.83888835,1.0384426,0.51142985
827,texton_linear,0.985138,0.9644261,0.4579032
828,texton_linear,0.8552656,0.96686834,0.368108
829,texton_linear,0.8091203,0.8214361,0.5082602
830,texton_linear,0.9473695,0.80787843,0.52504516
831,texton_linear,1.0169984,0.82171214,0.53529847
832,texton_linear,0.84428173,0.7803741,0.6160003
833,texton_linear,0.8725278,0.8459804,0.5061018
834,texton_linear,0.9100747,0.864018,0.6657207
835,texton_linear,0.8682062,0.863233,0.44525006
836,texton_linear,0.8641094,0.7990215,0.515854
837,texton_linear,0.8105328,0.7879078,0.5103253
838,texton_linear,0.8416879,0.90139,0.44102746
839,texton_linear,0.85977525,0.86116666,0.49481776
840,texton_linear,1.035668,0.8605998,0.5332081
841,texton_linear,0.8538517,0.86571556,0.4522821
842,texton_linear,0.852031,1.0018841,0.5464355
843,texton_linear,0.7855143,0.8117075,0.4881654
844,texton_linear,0.94746166,0.8924229,0.4695427
845,texton_linear,0.7315772,0.91470754,0.50746715
846,texton_linear,0.8617898,0.8778171,0.38527066
847,texton_linear,0.9548637,0.84310824,0.418314
848,texton_linear,0.8727466,0.8342255,0.3941003
849,texton_linear,0.87669224,0.77982914,0.55571854
850,texton_linear,0.69269884,0.7700899,0.5458744
851,texton_linear,0.8523093,0.7553314,0.50342274
852,texton_linear,0.93983763,0.79035205,0.55058825
853,texton_linear,0.8828336,0.83575666,0.45700184
854,texton_linear,1.0382402,0.9300436,0.51858234
855,texton_linear,0.8789265,0.79829514,0.55404645
856,texton_linear,0.95489305,0.87947416,0.49668178
857,texton_linear,0.88984776,0.9396905,0.5786662
858,texton_linear,0.83916837,0.83359814,0.47832087
859,texton_linear,1.0098598,0.8237674,0.61672014
860,texton_linear,0.90815103,0.8928555,0.4932259
861,texton_linear,0.849094,0.77799314,0.51689535
862,texton_linear,0.9135,0.9005454,0.52162683
863,texton_linear,0.9245554,0.87789136,0.46592927
864,texton_linear,0.81701225,0.8458355,0.6092083
865,texton_linear,0.99204147,0.82957697,0.43847233
866,texton_linear,0.9595759,0.7383275,0.4629289
867,texton_linear,0.945116,0.8061347,0.5639619
868,texton_linear,0.9188965,0.77308667,0.6189208
869,texton_linear,0.8645538,0.89594996,0.4754669
870,texton_linear,1.0906328,0.88545865,0.39784235
871,texton_linear,0.90882736,0.8500559,0.40244853
872,texton_linear,0.8201329,0.8272253,0.5300976
873,texton_linear,1.167773,0.8018428,0.49383274
874,texton_linear,0.89556354,0.86140054,0.5414741
875,texton_linear,0.9590758,0.78546655,0.43251812
876,texton_linear,0.9829448,0.8922958,0.53411776
877,texton_linear,0.7987459,0.8666723,0.45979813
878,texton_linear,0.97607636,0.9390782,0.64864624
879,texton_linear,0.88289005,0.8708161,0.36739814
880,texton_linear,1.0054412,0.8759212,0.42313862
881,texton_linear,0.86968607,0.9044852,0.5983186
882,texton_linear,0.9475589,0.85660654,0.6363169
883,texton_linear,1.007354,0.92303324,0.48566413
884,texton_linear,0.89616776,0.82005763,0.58423746
885,texton_linear,1.093022,0.97185135,0.50440544
886,texton_linear,0.85628235,0.81183743,0.46444085
887,texton_linear,0.860016,0.7658899,0.53981954
888,texton_linear,1.0035266,0.85189396,0.567274
889,texton_linear,0.88629866,0.8792394,0.49718115
890,texton_linear,0.9819515,0.8770621,0.43629083
891,texton_linear,0.90983444,0.85706246,0.47795606
892,texton_linear,0.91595906,0.78517073,0.49065375
893,texton_linear,0.9013869,0.76875234,0.5166675
894,texton_linear,0.89893234,0.8271436,0.4535741
895,texton_linear,0.96316504,0.93267095,0.52873236
896,texton_linear,0.9746583,0.8443833,0.5075536
897,texton_linear,0.83558327,0.84747064,0.4212614
898,texton_linear,0.77233034,0.842893,0.51810366
899,texton_linear,0.84852946,0.75846183,0.516543
900,texton_linear,0.8658302,0.8332874,0.545197
901,texton_linear,0.7840151,0.8625927,0.59738183
902,texton_linear,0.8478782,0.8769191,0.4251269
903,texton_linear,0.8052636,0.84749097,0.4449187
904,texton_linear,0.8242534,0.8296775,0.44767192
905,texton_linear,0.8885389,1.1344295,0.45761096
906,texton_linear,0.8767628,0.79796875,0.49278906
907,texton_linear,0.81442016,0.81056195,0.5253692
908,texton_linear,0.91873544,0.860077,0.472534
909,texton_linear,0.91094023,0.77607954,0.44671574
910,texton_linear,0.8978037,0.7474527,0.6005662
911,texton_linear,1.0271586,0.8730067,0.41029274
912,texton_linear,0.90306973,0.862644,0.5343199
913,texton_linear,0.8690342,0.8889552,0.5039149
914,texton_linear,0.8855119,0.8216833,0.51304764
915,texton_linear,0.9587769,0.85297346,0.46187767
916,texton_linear,1.0258628,0.7655781,0.5727894
917,texton_linear,0.9273666,0.7675331,0.49933094
918,texton_linear,0.958001,0.79639935,0.49392962
919,texton_linear,0.937076,0.8011049,0.46825975
920,texton_linear,0.76830673,0.83656245,0.491308
921,texton_linear,0.900828,0.85150903,0.55902076
922,texton_linear,0.8365466,0.84185654,0.4436446
923,texton_linear,0.86379755,0.83427155,0.50796646
924,texton_linear,0.8972246,0.83788395,0.48180872
925,texton_linear,0.74659795,0.8626775,0.5538972
926,texton_linear,0.850849,0.810046,0.5190733
927,texton_linear,0.9492329,0.7869896,0.44230285
928,texton_linear,0.8806461,0.83922863,0.44473648
929,texton_linear,0.94827366,0.8062127,0.49550113
930,texton_linear,1.0636518,0.9021406,0.45785585
931,texton_linear,0.97439593,0.8512767,0.52115893
932,texton_linear,0.8390334,0.77704716,0.50971246
933,texton_linear,0.95633644,0.8505019,0.5815108
934,texton_linear,0.8995853,0.91327333,0.41533378
935,texton_linear,0.8333932,0.9460859,0.54382193
936,texton_linear,0.9231932,0.8663415,0.4511864
937,texton_linear,0.8647429,0.85672635,0.48167884
938,texton_linear,0.95277655,0.7817145,0.50413465
939,texton_linear,0.7539748,0.7890361,0.48773733
940,texton_linear,0.99073666,0.9032502,0.39933488
941,texton_linear,0.99454993,0.8275847,0.5726295
942,texton_linear,0.9383471,0.8277643,0.5008589
943,texton_linear,1.0734279,0.78420144,0.5559261
944,texton_linear,0.97471595,0.78186023,0.47190306
945,texton_linear,0.8771361,0.78713846,0.50687104
946,texton_linear,0.95729464,0.80931795,0.48097146
947,texton_linear,0.8949834,0.8621197,0.461835
948,texton_linear,0.8827181,0.83271617,0.43359718
949,texton_linear,0.83990276,0.812206,0.44117332
950,texton_linear,0.83397305,0.83410335,0.48218083
951,texton_linear,0.85991645,0.98644453,0.44422925
952,texton_linear,0.83397067,0.82796854,0.44867432
953,texton_linear,0.856903,0.8441112,0.6088775
954,texton_linear,0.9304898,0.8331144,0.5111969
955,texton_linear,0.85500133,0.8724922,0.57463574
956,texton_linear,0.8781055,0.86447924,0.5778271
957,texton_linear,0.799406,0.8284385,0.42822498
958,texton_linear,0.74185634,0.84549606,0.6386919
959,texton_linear,0.8244198,0.8668315,0.47850958
960,texton_linear,1.0429344,0.80790544,0.491203
961,texton_linear,0.96756065,0.9211439,0.4910355
962,texton_linear,0.89197963,0.7950426,0.50872594
963,texton_linear,0.85408586,0.8726538,0.5244883
964,texton_linear,0.77750045,0.90374124,0.5783597
965,texton_linear,0.8778874,0.8251246,0.4953902
966,texton_linear,0.9317082,0.87721926,0.5427619
967,texton_linear,0.8891645,0.83729327,0.50138026
968,texton_linear,0.95071024,0.83774865,0.6518475
969,texton_linear,0.8375992,0.8854099,0.5071665
970,texton_linear,0.83256525,0.7565935,0.5401602
971,texton_linear,0.796022,0.7876165,0.4725635
972,texton_linear,0.9391983,0.8289303,0.45405862
973,texton_linear,0.9119401,0.8475594,0.41638812
974,texton_linear,1.0741757,0.8358726,0.59041524
975,texton_linear,0.76492864,0.91070026,0.45064908
976,texton_linear,0.79485226,0.7654273,0.5292777
977,texton_linear,0.9746443,0.91139627,0.44094455
978,texton_linear,0.84679353,0.81927925,0.5094642
979,texton_linear,1.0269777,0.8465487,0.5987626
980,texton_linear,0.93829036,0.80192125,0.4527591
981,texton_linear,0.89122313,0.8107184,0.4882907
982,texton_linear,0.8139493,0.85044473,0.52849454
983,texton_linear,0.89273846,0.7680773,0.48613083
984,texton_linear,0.8424242,1.0108685,0.6274514
985,texton_linear,0.8166862,0.8096664,0.5001468
986,texton_linear,0.8560484,0.77895236,0.4841576
987,texton_linear,0.76416284,0.8461049,0.5105827
988,texton_linear,0.8808072,0.903348,0.41814137
989,texton_linear,1.0261754,0.86103815,0.4142275
990,texton_linear,0.8957871,0.82418793,0.5274504
991,texton_linear,0.98990995,0.88797987,0.5328738
992,texton_linear,0.91544074,0.80313855,0.4447949
993,texton_linear,0.795441,0.9028269,0.5090083
994,texton_linear,0.79834104,0.82975537,0.5523448
995,texton_linear,0.91333956,0.79452085,0.4850591
996,texton_linear,0.90136003,0.8869655,0.58050877
997,texton_linear,0.8198096,0.8823626,0.42170534
998,texton_linear,0.8243134,0.86698896,0.5445419
999,texton_linear,0.93029296,0.9477187,0.6269687
0,tm,1.0537063,0.9227489,0.453193
1,tm,1.0013974,0.92125654,0.42663452
2,tm,0.87447536,0.89967144,0.486502
3,tm,0.8481001,1.0417022,0.39698097
4,tm,0.99634695,0.88309336,0.5032706
5,tm,1.0120143,0.8562163,0.48590854
6,tm,0.9696079,0.7863378,0.4877175
7,tm,0.7148576,1.1309437,0.6157345
8,tm,0.967024,0.9341554,0.4570981
9,tm,0.8597493,0.83245075,0.4639598
10,tm,1.0338458,0.8413385,0.41565523
11,tm,1.0918092,0.9148498,0.47943482
12,tm,0.9523875,0.8755695,0.53354776
13,tm,0.695129,0.8360366,0.534084
14,tm,1.0449431,0.9805113,0.47754988
15,tm,0.79453486,0.8939736,0.60338986
16,tm,0.8515697,0.8285698,0.42557555
17,tm,0.9224217,1.050813,0.57649654
18,tm,0.8898113,0.8739511,0.56131387
19,tm,0.93021345,0.96541697,0.5397882
20,tm,0.9220898,0.965477,0.43296468
21,tm,0.9174893,0.86300033,0.4472494
22,tm,1.124678,0.8883498,0.5891869
23,tm,0.79048663,0.881956,0.47545293
24,tm,0.8917852,1.1606007,0.6314211
25,tm,0.975626,1.2259789,0.76102054
26,tm,0.85329,0.82681984,0.58166355
27,tm,0.8940898,0.94688225,0.48504004
28,tm,0.9604103,0.75990486,0.41867474
29,tm,0.9501826,0.903107,0.47035405
30,tm,0.7454317,0.9002517,0.5883462
31,tm,0.9312108,0.8324758,0.39521265
32,tm,0.81270254,0.92097884,0.41051403
33,tm,0.9362272,1.1484008,0.5425446
34,tm,0.9524486,0.93653125,0.37951708
35,tm,1.0780663,0.94683015,0.481933
36,tm,1.0823058,0.92549783,0.55941427
37,tm,0.909012,1.0674626,0.54816544
38,tm,0.8288981,0.97378445,0.6380703
39,tm,0.84480757,0.8360731,0.521041
40,tm,0.8615713,0.98806447,0.38719997
41,tm,0.89977455,0.8995953,0.5798575
42,tm,0.9166328,0.96674484,0.5408548
43,tm,0.7401536,0.78441775,0.37345234
44,tm,1.0648181,0.88646597,0.44506374
45,tm,0.95515275,0.92531693,0.52993625
46,tm,0.98425466,0.8676294,0.5525514
47,tm,0.92843723,0.92766255,0.6145218
48,tm,0.8691935,0.8660599,0.4715679
49,tm,1.0749558,1.0987422,0.62206787
50,tm,0.97190684,0.834219,0.58379966
51,tm,1.0317726,0.8807514,0.68554425
52,tm,0.9223497,0.7629164,0.5772264
53,tm,0.9514038,0.95345205,0.43781883
54,tm,0.9385574,0.8422771,0.5561962
55,tm,0.9383791,0.9448059,0.58457553
56,tm,0.78368974,0.9281101,0.5027716
57,tm,0.8598809,0.78879434,0.46608335
58,tm,0.8258192,0.7803123,0.60519755
59,tm,1.0238638,0.8554241,0.49355888
60,tm,0.9555316,0.99481463,0.47214895
61,tm,0.9077485,0.8196164,0.54304034
62,tm,0.7975512,0.9853852,0.4904896
63,tm,0.83630246,0.86849725,0.4942835
64,tm,0.9684399,0.8049274,0.40068325
65,tm,1.0195109,0.935936,0.38754517
66,tm,1.0097572,0.902286,0.4878408
67,tm,0.8026354,0.8953428,0.39166993
68,tm,1.1198555,0.9686168,0.37276584
69,tm,0.89176524,0.8051216,0.39464596
70,tm,0.9381335,0.95764095,0.49543446
71,tm,0.90901333,0.9374814,0.463536
72,tm,1.0028514,0.86092025,0.48144543
73,tm,0.700018,0.868758,0.5051537
74,tm,0.9407571,0.9886972,0.3724047
75,tm,0.95037496,0.76356,0.5887755
76,tm,1.1064483,1.1343668,0.45646852
77,tm,0.8663681,1.3649887,0.3261828
78,tm,0.9412631,1.0649235,0.4856307
79,tm,1.1178029,0.998538,0.51879394
80,tm,1.0048234,0.898452,0.42776725
81,tm,0.95149297,1.1669765,0.563128
82,tm,0.94466066,0.93808126,0.3826661
83,tm,0.8402346,0.94977653,0.57516164
84,tm,0.8984599,0.91760683,0.49220878
85,tm,0.84048504,0.89459556,0.35644826
86,tm,0.89383936,0.92509586,0.6264609
87,tm,0.9428002,1.0013349,0.5218427
88,tm,0.90199375,0.87912524,0.61100525
89,tm,0.94244236,0.84878886,0.530364
90,tm,0.8867439,0.97690254,0.65087855
91,tm,1.1118039,0.81762886,0.42239675
92,tm,0.89800704,0.8520249,0.56358016
93,tm,0.8022397,0.9062648,0.5327542
94,tm,0.9448202,0.88835955,0.6030997
95,tm,0.91179806,0.8497153,0.59122586
96,tm,1.0400761,1.0078989,0.5439973
97,tm,0.9974869,0.8385266,0.6314429
98,tm,0.9233008,0.93914413,0.44766593
99,tm,1.0612154,1.0891297,0.56501025
100,tm,1.0398616,0.95342636,0.5570554
101,tm,0.92588985,0.8345434,0.47037482
102,tm,0.9559601,0.8826722,0.45900816
103,tm,1.0783124,0.8889895,0.46587464
104,tm,0.8185517,0.8794472,0.4977912
105,tm,0.8964414,0.9821766,0.36904192
106,tm,0.8943216,0.9332792,0.4844825
107,tm,0.9194504,0.8133756,0.55477333
108,tm,0.965754,0.8145848,0.4710081
109,tm,0.84401274,0.8214076,0.66301733
110,tm,0.8317624,0.81705093,0.44777384
111,tm,0.9539418,0.8899408,0.406043
112,tm,1.0696107,0.875267,0.5221109
113,tm,0.74110264,0.8416429,0.60257345
114,tm,1.0980729,0.91314787,0.5284783
115,tm,0.96973926,0.9154667,0.6506475
116,tm,0.9717139,0.90739053,0.4755026
117,tm,0.8573681,0.8553011,0.5282309
118,tm,1.0117126,0.90629613,0.50233316
119,tm,1.0382437,0.86769515,0.5153778
120,tm,1.0335563,0.8377892,0.5516881
121,tm,0.8751541,0.8090878,0.4477898
122,tm,0.8826711,0.8554521,0.5255505
123,tm,0.8144617,0.91822296,0.52205914
124,tm,0.86580914,0.8234725,0.5445839
125,tm,0.99384165,0.93383044,0.42161518
126,tm,0.8798098,0.8214874,0.4874221
127,tm,1.0079031,0.8256571,0.55368793
128,tm,0.85680544,0.8985743,0.628636
129,tm,0.8163684,0.9593903,0.4069429
130,tm,0.949405,0.9882552,0.47834373
131,tm,0.9102158,0.9191018,0.50165915
132,tm,1.0788659,0.9489017,0.55084056
133,tm,0.9751088,0.9036692,0.3979594
134,tm,0.8551619,0.9555545,0.37311363
135,tm,1.0354743,0.9788225,0.5710312
136,tm,1.08016,0.99620175,0.5071611
137,tm,0.87598157,1.116195,0.33026466
138,tm,0.91769135,1.0514872,0.40954408
139,tm,1.0812287,0.958964,0.48400086
140,tm,1.1761091,0.86816674,0.4825619
141,tm,0.87255937,0.9575685,0.38517034
142,tm,0.97626466,1.2468823,0.3266029
143,tm,0.95208234,1.0733485,0.36134446
144,tm,0.7923441,0.8351897,0.43844882
145,tm,0.94300437,1.0214437,0.37507558
146,tm,0.8467224,0.9289921,0.4170829
147,tm,0.87278414,0.86361223,0.50684685
148,tm,1.0262642,1.1130539,0.43684053
149,tm,0.97032404,0.9443928,0.5212386
150,tm,1.1283664,1.2314894,0.49680385
151,tm,1.1345588,0.9339546,0.425975
152,tm,0.7950559,0.9146943,0.44139677
153,tm,1.1150398,0.8783264,0.56754595
154,tm,0.9473451,0.8584275,0.359153
155,tm,0.75462717,0.8093704,0.4941542
156,tm,0.83938503,0.9050813,0.4924513
157,tm,0.83813816,0.8891986,0.53100187
158,tm,0.9888196,0.8455834,0.5403524
159,tm,1.0038303,0.99339366,0.5799725
160,tm,0.93509966,0.91415876,0.47633216
161,tm,1.0194616,1.2018074,0.5093363
162,tm,0.9522225,0.9341893,0.66935706
163,tm,1.1756898,1.1502395,0.5490326
164,tm,0.873152,1.0430267,0.5775428
165,tm,1.0453067,0.93327343,0.6144081
166,tm,0.80967903,0.8971486,0.48659647
167,tm,0.79863906,0.91194135,0.51374525
168,tm,0.81225693,0.7964701,0.50670546
169,tm,0.91111535,0.79930514,0.6022752
170,tm,0.86915195,0.9005019,0.4986878
171,tm,0.99408394,0.90656686,0.4794105
172,tm,0.9277722,0.8304165,0.5300926
173,tm,0.8936746,0.8545301,0.6007959
174,tm,0.98454267,0.94409186,0.42632636
175,tm,0.8450393,0.79845005,0.42752942
176,tm,0.90601206,0.93481886,0.46869648
177,tm,0.9740981,0.9107724,0.56510335
178,tm,0.99687696,0.89454174,0.49538934
179,tm,1.1561519,0.9961639,0.5003083
180,tm,0.935687,0.9710584,0.5138409
181,tm,1.1169958,0.85110086,0.50569725
182,tm,1.011872,0.93551487,0.47390205
183,tm,0.9059242,0.95186085,0.45002607
184,tm,0.8339931,0.841639,0.5626761
185,tm,0.91863406,0.8202858,0.50458294
186,tm,0.93507653,1.0010606,0.4604442
187,tm,1.0832607,0.8099786,0.5092779
188,tm,1.0478609,1.0402577,0.48172742
189,tm,1.0323032,0.9307491,0.5384254
190,tm,1.0818347,0.921436,0.56968945
191,tm,0.94004357,0.94830173,0.4829778
192,tm,0.9622959,0.8135685,0.47898903
193,tm,0.820875,0.8937899,0.4597844
194,tm,1.0168649,1.3111961,0.34614712
195,tm,0.9808929,1.047993,0.6211107
196,tm,1.032057,0.9583042,0.501227
197,tm,0.6437694,0.7907622,0.470101
198,tm,0.9367306,0.8357171,0.6067493
199,tm,0.9788016,1.0195869,0.65479
200,tm,0.97677046,0.9773797,0.6522508
201,tm,0.9149043,0.9873438,0.51561916
202,tm,1.0114192,0.99125093,0.49096027
203,tm,0.76267135,1.0321366,0.613801
204,tm,0.9960359,0.8483256,0.40221956
205,tm,0.94552034,1.1134214,0.67207885
206,tm,0.82456243,0.86347264,0.60167384
207,tm,0.8100487,0.9239585,0.37240967
208,tm,1.0071615,0.8645714,0.5213895
209,tm,0.8522698,0.8624536,0.5263935
210,tm,0.80913687,0.8612815,0.42815444
211,tm,1.0843917,1.0837445,0.4912083
212,tm,1.0068733,0.91409194,0.5128543
213,tm,0.8555574,0.85518104,0.51612526
214,tm,0.8588756,1.0090477,0.38235128
215,tm,0.77292377,0.85525316,0.3645587
216,tm,0.95066774,0.9853753,0.35519212
217,tm,0.9637468,0.87611127,0.46416128
218,tm,0.93794376,1.0739114,0.46396318
219,tm,1.0012889,1.174939,0.50898147
220,tm,1.030792,0.9204154,0.4965874
221,tm,1.1054097,1.0455993,0.59886885
222,tm,0.93107307,0.87899315,0.5208247
223,tm,1.0903308,0.9218192,0.5592239
224,tm,0.8415642,0.8670067,0.42061624
225,tm,0.968747,1.0093324,0.63086414
226,tm,0.87121,0.880025,0.432623
227,tm,0.9292717,0.89242107,0.59336716
228,tm,0.9858453,0.8659837,0.5546215
229,tm,1.2492679,1.051985,0.6787054
230,tm,0.94503856,0.93328375,0.44911876
231,tm,0.9791753,1.0209306,0.47241783
232,tm,1.184093,0.92145604,0.42630428
233,tm,1.0906577,1.0802597,0.5252408
234,tm,0.90561235,0.90231967,0.59517545
235,tm,1.1546776,1.0427947,0.46068588
236,tm,0.99438506,0.9356098,0.5032311
237,tm,0.8884268,0.8658143,0.509898
238,tm,0.9711659,1.0176257,0.4776721
239,tm,1.0446266,1.1119599,0.750565
240,tm,0.8903906,0.8447221,0.4600656
241,tm,1.0261294,0.89673007,0.5155163
242,tm,0.89982355,0.8897505,0.5556483
243,tm,0.7224576,0.95477796,0.4300524
244,tm,0.89505905,0.83314157,0.55809134
245,tm,1.058925,0.83324766,0.5468711
246,tm,0.8212102,0.8321018,0.5153591
247,tm,1.0479033,0.9660889,0.42840052
248,tm,0.8044072,1.0964135,0.3889866
249,tm,0.9064548,1.1715947,0.64893925
250,tm,0.87985665,0.8249693,0.49648455
251,tm,0.72438085,0.88633895,0.63464427
252,tm,1.0176336,0.8333635,0.5605682
253,tm,1.0478276,1.0779624,0.38895568
254,tm,0.8012585,1.0159749,0.61949885
255,tm,0.97597706,0.9444811,0.39734504
256,tm,0.8682755,0.88347405,0.4371285
257,tm,0.8575538,0.8372893,0.584832
258,tm,1.0328856,0.9330449,0.5028108
259,tm,0.92207587,0.87891555,0.454732
260,tm,0.951148,0.9807239,0.65456355
261,tm,0.81381834,0.7551051,0.47118452
262,tm,0.9628383,0.76757276,0.52298725
263,tm,0.9218562,1.0574999,0.5839227
264,tm,0.9466618,0.8267579,0.5322748
265,tm,0.8976576,0.76646644,0.47899657
266,tm,0.80027455,0.99192166,0.5754391
267,tm,1.1952258,0.9558696,0.59078026
268,tm,0.7499316,0.7921734,0.48471448
269,tm,1.0448517,1.0076376,0.49360138
270,tm,1.0229539,0.9484431,0.59653205
271,tm,1.0322471,0.9765678,0.4978296
272,tm,1.0446088,0.81594354,0.44672012
273,tm,0.97876316,1.0083796,0.39645633
274,tm,0.96835876,0.9486184,0.52989495
275,tm,0.77577543,0.7596093,0.50970274
276,tm,1.1450218,1.0439397,0.5518598
277,tm,0.9155291,1.0104467,0.44176427
278,tm,0.92311674,0.9169546,0.59028184
279,tm,0.8535928,0.7874575,0.53854746
280,tm,0.9601904,0.94749165,0.42313775
281,tm,0.86744094,0.88209844,0.41866
282,tm,0.9870716,0.8151934,0.503167
283,tm,1.043698,1.250775,0.33581692
284,tm,0.8446721,0.85161734,0.62118024
285,tm,1.0356143,0.956775,0.62021804
286,tm,0.9270708,0.87174517,0.6038884
287,tm,1.0055678,0.980504,0.4887957
288,tm,1.0681478,0.9264442,0.46824494
289,tm,0.7894374,0.9438652,0.38882235
290,tm,1.0589143,0.9254926,0.31275505
291,tm,1.0584834,0.7613978,0.40386063
292,tm,0.8844139,0.9489664,0.40436503
293,tm,0.91830504,0.9009277,0.52378947
294,tm,0.85703886,0.85547376,0.4263227
295,tm,1.1315447,0.8260161,0.5183371
296,tm,0.88945705,0.8104211,0.5629744
297,tm,0.82028645,0.77508837,0.45415854
298,tm,1.0070608,0.9560161,0.5263499
299,tm,1.0057013,0.9885739,0.60046273
300,tm,0.94161874,0.95255095,0.5174068
301,tm,1.0461218,0.8321589,0.41410702
302,tm,0.7642823,0.8319296,0.49260724
303,tm,0.85934556,0.83089876,0.59361696
304,tm,1.1158383,0.9612885,0.39545387
305,tm,1.1679837,0.9088488,0.52591425
306,tm,1.3080311,1.0633456,0.44813263
307,tm,0.8737199,0.8575498,0.48523492
308,tm,0.88082856,0.75992596,0.51124245
309,tm,0.88513494,0.82452196,0.49578938
310,tm,0.882354,0.9731166,0.48385173
311,tm,0.86125404,0.8997594,0.5790764
312,tm,1.0291948,0.8861714,0.4401872
313,tm,0.93811274,1.092311,0.65847
314,tm,0.93715703,0.99681574,0.656131
315,tm,1.0457582,1.252238,0.41458547
316,tm,0.8121319,0.93450075,0.41975448
317,tm,0.9771997,0.9367119,0.52381593
318,tm,1.0691975,0.7942694,0.45719236
319,tm,0.88498694,0.85724556,0.5621118
320,tm,1.1879686,0.83794385,0.6374119
321,tm,0.8766925,0.771269,0.49348938
322,tm,0.95689714,1.1843748,0.31657672
323,tm,0.9828509,0.8119107,0.52703315
324,tm,0.9458496,1.1115663,0.28692847
325,tm,0.97031415,0.8514636,0.43667886
326,tm,0.8635962,0.78867775,0.5550073
327,tm,1.1933701,0.95329267,0.5191263
328,tm,0.95825297,0.84809864,0.34587094
329,tm,0.92134225,0.978224,0.54572165
330,tm,0.98627,0.94439244,0.5928694
331,tm,1.0145687,0.9884889,0.5131508
332,tm,1.0867715,0.9305478,0.30294165
333,tm,0.9047914,0.8468301,0.5693544
334,tm,0.98915946,0.8660136,0.59303427
335,tm,1.0422899,0.79939616,0.4256645
336,tm,0.9919751,0.86147064,0.5620522
337,tm,0.92383945,0.83649737,0.5009371
338,tm,0.94175416,0.94607025,0.6442892
339,tm,0.9936691,0.92058325,0.5447035
340,tm,0.78594136,0.84360194,0.48809642
341,tm,1.0022863,0.92458403,0.41585034
342,tm,1.0217491,0.8693046,0.53454596
343,tm,0.9810441,0.838098,0.526598
344,tm,0.9669299,1.0777103,0.5448908
345,tm,0.85891074,1.1098405,0.57994294
346,tm,0.92932075,0.89539194,0.50694835
347,tm,0.9572092,1.0390949,0.46957564
348,tm,0.9513625,0.9436823,0.58212316
349,tm,0.9068459,0.8627147,0.46687612
350,tm,0.81026024,0.8295353,0.6288169
351,tm,0.95087636,0.98989654,0.52617395
352,tm,0.74214417,0.8851859,0.44543368
353,tm,0.9216742,0.9500305,0.3505911
354,tm,0.8667719,0.858255,0.55274063
355,tm,0.8155134,0.9305035,0.34992293
356,tm,0.93466306,0.9100525,0.50683933
357,tm,1.1517531,1.1051145,0.504498
358,tm,0.95357084,0.9978549,0.40324235
359,tm,1.1685065,0.9339853,0.45284784
360,tm,1.1021198,1.0325502,0.4415753
361,tm,0.8249699,0.86356777,0.50529504
362,tm,1.003824,0.8766599,0.46143624
363,tm,0.82254684,0.93745995,0.48593643
364,tm,1.0492395,0.9810124,0.43349802
365,tm,1.0040072,0.79612666,0.5409478
366,tm,0.94633436,0.91229534,0.5401165
367,tm,0.91626114,0.83540434,0.3891852
368,tm,0.88244385,0.88956934,0.34301606
369,tm,0.9758481,0.9174891,0.5296888
370,tm,0.8971071,0.92020935,0.4933165
371,tm,0.917138,0.9790699,0.31806722
372,tm,0.75797874,0.8915925,0.5123611
373,tm,0.84029377,0.8457365,0.5450378
374,tm,1.0325243,0.9623473,0.44076174
375,tm,0.9055566,0.85621744,0.5445353
376,tm,0.979726,1.0871717,0.53827655
377,tm,0.89651614,0.8320733,0.40255198
378,tm,1.0353891,0.9556625,0.6364011
379,tm,1.0782423,1.0112165,0.50151676
380,tm,0.93899137,0.88176495,0.45362648
381,tm,0.92417437,0.89308035,0.5554539
382,tm,1.1052648,0.90511394,0.4759319
383,tm,1.1047423,1.0648642,0.5931414
384,tm,1.0736758,0.99281603,0.535824
385,tm,0.96195424,0.89971364,0.5124208
386,tm,1.1077657,1.0021955,0.48365238
387,tm,0.88134456,0.8149652,0.62649006
388,tm,1.3789575,0.81132364,0.4077203
389,tm,0.81646794,0.92781043,0.49562916
390,tm,1.0712167,0.85992104,0.45695636
391,tm,1.0995642,1.0107058,0.5173532
392,tm,0.82559043,0.80400056,0.38626918
393,tm,1.0159171,0.77732784,0.4047607
394,tm,0.92995536,0.9098604,0.42385978
395,tm,1.0661016,0.8327464,0.5620467
396,tm,0.8337201,0.85650754,0.45742372
397,tm,1.1870116,1.0045339,0.48286438
398,tm,0.80170816,0.8180781,0.43416873
399,tm,0.9265169,1.0544375,0.594098
400,tm,0.9090885,0.82115114,0.4225748
401,tm,0.9867868,0.90682995,0.4026634
402,tm,1.1653309,0.9773824,0.5899872
403,tm,0.97972846,0.987271,0.5777714
404,tm,0.8591794,0.7938157,0.45873642
405,tm,1.0303644,0.9820531,0.46442047
406,tm,0.9685308,1.0219568,0.4674214
407,tm,0.8449696,0.9225952,0.4857375
408,tm,0.9729046,0.94076616,0.3686598
409,tm,0.9762693,0.9446557,0.5172698
410,tm,1.0504581,0.85526913,0.51576006
411,tm,0.95724636,0.87249756,0.45440772
412,tm,1.0503209,0.8807945,0.44798905
413,tm,1.0249835,1.0553185,0.43981078
414,tm,0.76166284,0.89511645,0.53335434
415,tm,0.72826225,0.6942677,0.2712386
416,tm,0.7179835,1.1939981,0.32557762
417,tm,0.86490977,0.9581388,0.50617844
418,tm,1.0078505,0.9980909,0.46033236
419,tm,0.9624366,0.90364504,0.4348266
420,tm,1.0005255,0.96098924,0.5062874
421,tm,1.4187536,0.95046806,0.5262078
422,tm,1.111758,1.234451,0.43152103
423,tm,1.0083653,0.95827407,0.52347845
424,tm,0.7726175,0.8537174,0.5568508
425,tm,1.2849624,1.0444596,0.5995837
426,tm,0.9731449,0.9718688,0.49028608
427,tm,0.92368984,0.9564964,0.4911731
428,tm,0.9263497,0.87699014,0.37313464
429,tm,0.9320184,0.89215046,0.4915337
430,tm,1.0957291,1.0159954,0.5194273
431,tm,0.92326546,0.9796038,0.46783188
432,tm,1.0139292,1.0588256,0.41906235
433,tm,1.0145086,0.99778736,0.4173542
434,tm,1.0645195,0.8511065,0.4754868
435,tm,0.85954964,0.85089207,0.48434606
436,tm,0.9367018,0.84978557,0.42302692
437,tm,1.2044085,1.024868,0.63386035
438,tm,1.1223991,0.92570573,0.606782
439,tm,0.905662,0.86187255,0.57099295
440,tm,0.896048,0.9016455,0.57169384
441,tm,1.0819635,0.9405646,0.35953087
442,tm,1.0209432,1.2280421,0.52943516
443,tm,0.9171858,1.0326053,0.63276005
444,tm,0.9603224,0.9359556,0.53192616
445,tm,1.2198462,0.9649627,0.5645553
446,tm,0.89663804,0.9344056,0.5431278
447,tm,0.8257306,1.1097881,0.52202934
448,tm,0.9295671,0.8916938,0.54683286
449,tm,0.9965934,0.9616433,0.59781885
450,tm,0.9761459,0.9545366,0.43146095
451,tm,0.83894616,0.80166,0.5370443
452,tm,0.94696295,0.87367755,0.5275871
453,tm,0.97494054,0.8856007,0.38558155
454,tm,1.0284477,0.8901636,0.5047102
455,tm,0.79526067,0.7786096,0.5868078
456,tm,0.8548192,0.89618164,0.42943606
457,tm,0.9435931,0.9522836,0.34954602
458,tm,0.5739105,0.8013888,0.3136454
459,tm,1.174754,0.9762092,0.35595694
460,tm,1.1793586,1.0025407,0.65250206
461,tm,1.0417247,0.9025079,0.5824103
462,tm,1.4397914,1.0965475,0.41827452
463,tm,0.99162406,0.9548392,0.42797586
464,tm,0.87416357,1.0314794,0.42846105
465,tm,0.8438717,0.87416166,0.47698757
466,tm,0.86711216,0.91779625,0.5682679
467,tm,1.0057427,0.9738485,0.34019262
468,tm,0.8886341,0.817788,0.5780085
469,tm,0.9864584,0.98513865,0.51808906
470,tm,0.8894617,0.9029214,0.5900327
471,tm,1.0136968,0.91936874,0.5835243
472,tm,0.96697474,1.0807813,0.55195564
473,tm,0.6272303,0.87773377,0.37371016
474,tm,1.23853,1.0649567,0.6218097
475,tm,0.8328565,0.8437442,0.5176191
476,tm,1.0965259,0.9728189,0.5101198
477,tm,1.144378,1.0558063,0.53826976
478,tm,0.69110155,0.8558977,0.53072244
479,tm,0.83435386,0.9581316,0.5664114
480,tm,0.93238986,0.9030334,0.47404683
481,tm,1.0135748,1.0082407,0.45584667
482,tm,1.0112655,1.0403917,0.39716253
483,tm,0.7835332,0.81110734,0.621016
484,tm,1.050986,0.87559927,0.47416446
485,tm,1.027948,0.9992031,0.4202278
486,tm,0.90201116,1.1817883,0.67771405
487,tm,1.0223556,0.744064,0.5379973
488,tm,0.9415122,0.8120766,0.43649587
489,tm,0.9486454,1.0649772,0.57460904
490,tm,1.0565639,0.8595282,0.6479765
491,tm,0.9407825,0.7767983,0.46006486
492,tm,0.86081463,0.9791583,0.48666587
493,tm,0.9685505,0.7146904,0.4408942
494,tm,0.86541253,0.9232521,0.42596287
495,tm,1.5011926,0.8517394,0.3940961
496,tm,0.7429854,0.9849576,0.36774895
497,tm,0.82246596,0.89086694,0.64054525
498,tm,0.7612647,0.7919766,0.44794166
499,tm,0.8348687,0.82383233,0.5038712
500,tm,0.9964331,0.9158841,0.4471021
501,tm,1.0197359,0.9069512,0.54702663
502,tm,0.7487759,0.8238733,0.48512182
503,tm,0.8164133,0.7885989,0.41602978
504,tm,0.868315,1.1233718,0.2901867
505,tm,0.85747194,0.99428827,0.48052043
506,tm,1.0842453,0.82523,0.5321939
507,tm,1.0557157,1.1109372,0.5052392
508,tm,0.96392477,0.8464992,0.45182988
509,tm,1.0612077,1.0480427,0.46877292
510,tm,1.0949422,1.1395164,0.7030898
511,tm,0.8623434,0.9115004,0.46001348
512,tm,0.8597956,0.95750856,0.36332604
513,tm,1.0488311,0.8047853,0.5402299
514,tm,0.8970747,0.8435178,0.40440398
515,tm,0.75069994,0.8759675,0.61763
516,tm,0.8297042,0.9185745,0.44078702
517,tm,0.8382011,0.8177422,0.57323873
518,tm,0.91677415,0.91893166,0.5803756
519,tm,0.8396136,0.9051115,0.5398222
520,tm,1.0212286,0.9970034,0.58545184
521,tm,0.8924829,1.0449369,0.5163829
522,tm,1.1024644,0.96843743,0.5125211
523,tm,0.68712604,0.82626384,0.63331467
524,tm,0.850928,0.8438817,0.5163807
525,tm,0.9147116,0.93090516,0.44529244
526,tm,0.9860259,0.8243485,0.49154297
527,tm,1.0291743,0.8592851,0.49239013
528,tm,1.0659454,0.8862589,0.49843502
529,tm,0.8516008,1.0289587,0.71552205
530,tm,1.0178878,0.9793724,0.5908016
531,tm,0.89530647,1.0388721,0.48478988
532,tm,0.79614794,0.82252663,0.43857646
533,tm,0.99174154,0.90240896,0.6138035
534,tm,0.7916758,0.9388476,0.52571535
535,tm,0.93695676,0.9091191,0.4894623
536,tm,0.9465721,0.9521613,0.56430954
537,tm,0.8561033,0.909355,0.4629459
538,tm,0.91947657,1.0634105,0.3631869
539,tm,0.95008165,0.8264443,0.5265999
540,tm,1.0110327,0.8573837,0.5725564
541,tm,0.82926255,0.8913629,0.4774623
542,tm,1.0234734,1.1235203,0.57303977
543,tm,0.77912074,0.96016854,0.50805855
544,tm,1.0269276,0.87948,0.5811368
545,tm,0.85892904,0.7768897,0.52621603
546,tm,1.0449796,1.0268365,0.5934586
547,tm,0.9711546,1.0344745,0.400653
548,tm,1.1099236,0.8959017,0.5934666
549,tm,0.9696788,1.4158002,0.6858265
550,tm,1.0155473,0.9004039,0.47605476
551,tm,0.75167674,0.85825807,0.6011607
552,tm,0.8468435,0.80660826,0.49754563
553,tm,0.86864746,0.8559094,0.386321
554,tm,1.0226761,0.90095675,0.5711605
555,tm,0.87890595,0.9582936,0.57608974
556,tm,0.9907834,0.9197064,0.4885121
557,tm,0.86437815,0.8681634,0.6209648
558,tm,0.8098313,1.2466434,0.33178267
559,tm,0.7776231,1.2886252,0.47842106
560,tm,0.831977,0.82021576,0.37653017
561,tm,0.9622588,0.929499,0.54098916
562,tm,0.914788,0.82509404,0.48731425
563,tm,0.9432737,0.8437851,0.6549192
564,tm,0.83985674,0.8516198,0.57334137
565,tm,1.0658582,0.8555777,0.4906792
566,tm,0.90714306,0.9662406,0.4868428
567,tm,0.8687378,0.8568803,0.45335603
568,tm,0.8864065,0.90502787,0.36081737
569,tm,0.89159805,0.82127655,0.38356772
570,tm,1.0044851,0.89961433,0.6894425
571,tm,1.1709558,0.9503345,0.6172673
572,tm,0.98925704,0.85970056,0.5945471
573,tm,1.0032216,0.803003,0.54631376
574,tm,0.9547519,1.0039145,0.43156675
575,tm,0.9835999,0.9127385,0.49825084
576,tm,0.81277835,0.8646257,0.4564799
577,tm,0.91402334,0.70483834,0.38363802
578,tm,0.8785866,0.8272628,0.38349205
579,tm,0.8344924,0.8960889,0.54650664
580,tm,1.1230068,0.96585286,0.5976798
581,tm,0.8205524,0.8378147,0.57338905
582,tm,0.94930047,0.96784496,0.3877674
583,tm,0.95975065,1.0337939,0.3680799
584,tm,0.8688394,0.84115565,0.5899009
585,tm,0.81785357,0.9556171,0.5413272
586,tm,0.7940023,0.88768125,0.6078423
587,tm,1.0267096,1.1028973,0.350615
588,tm,0.987069,0.93346626,0.5232753
589,tm,1.0614101,0.9061686,0.4784673
590,tm,0.74177897,0.9031264,0.62005395
591,tm,0.866136,0.84180343,0.52044517
592,tm,0.8591214,1.4006863,0.33894417
593,tm,0.9207709,0.83322006,0.46513006
594,tm,0.9636016,0.88360035,0.4316517
595,tm,0.9576944,0.9248177,0.49653345
596,tm,0.96959066,0.91712016,0.49253476
597,tm,0.9580413,0.827184,0.58750916
598,tm,1.0525008,0.8672012,0.41474292
599,tm,0.95352024,0.8507471,0.56386715
600,tm,0.9025214,0.90517485,0.49781308
601,tm,1.0106857,0.82497245,0.5905313
602,tm,0.9978309,1.4101257,0.69372094
603,tm,1.0067168,0.96387875,0.39613745
604,tm,0.86448085,0.9224869,0.42774358
605,tm,1.16726,0.8527627,0.468225
606,tm,0.7536741,0.8177746,0.40002742
607,tm,0.8253862,0.86534625,0.44829825
608,tm,0.8556232,0.9276009,0.5223519
609,tm,0.92701834,0.9822473,0.42612952
610,tm,0.9836824,0.83947337,0.6015272
611,tm,0.92635363,0.9431469,0.43455505
612,tm,0.92648554,0.9449521,0.40621454
613,tm,0.92910784,1.1336484,0.46115056
614,tm,0.9300479,0.9560044,0.5865439
615,tm,0.90241164,0.8645175,0.57731557
616,tm,0.8394783,0.8487847,0.5985082
617,tm,1.0276122,0.8541729,0.60663646
618,tm,0.81581956,0.79256475,0.45516622
619,tm,1.0857804,0.84339786,0.43441594
620,tm,0.7979373,0.8854404,0.47309047
621,tm,0.7781305,0.8736185,0.4253337
622,tm,0.9637957,0.90659916,0.5025139
623,tm,0.9961316,0.9580735,0.5826144
624,tm,0.90771717,0.81862277,0.45885512
625,tm,0.9774581,0.9084767,0.62586
626,tm,0.71363413,0.90721506,0.3668723
627,tm,0.9850606,0.78697115,0.57537633
628,tm,0.9665767,0.87786007,0.60975564
629,tm,0.83263004,0.79445887,0.5302347
630,tm,0.8811763,0.90923005,0.55887055
631,tm,0.98621905,0.8895845,0.49141753
632,tm,0.8647183,0.83592564,0.4602457
633,tm,0.73426086,0.8800934,0.62932515
634,tm,0.9412607,0.7761299,0.4811293
635,tm,1.062387,0.8679014,0.4923161
636,tm,0.8699214,0.905592,0.29116958
637,tm,1.0950683,1.0844921,0.34194738
638,tm,0.8485504,0.8666037,0.5033756
639,tm,1.125355,0.8190159,0.51042116
640,tm,1.0370327,0.84090614,0.5241319
641,tm,0.943913,0.80703497,0.37027624
642,tm,1.1510888,0.87091243,0.59423375
643,tm,0.7456113,0.9089385,0.46539497
644,tm,0.90188664,0.8630796,0.49337912
645,tm,1.0852168,0.89304525,0.60627776
646,tm,0.64494574,0.9393958,0.42798862
647,tm,0.8491142,0.8563408,0.3916696
648,tm,0.99170035,0.8439274,0.48334107
649,tm,1.1148641,0.98205346,0.41670036
650,tm,0.7792568,0.8800764,0.40777192
651,tm,0.85172933,0.8135857,0.5325233
652,tm,1.0227273,0.8349409,0.43569982
653,tm,1.1164544,0.925725,0.4845268
654,tm,1.1291296,1.1195868,0.5147591
655,tm,1.0081753,1.022434,0.52587485
656,tm,0.96519685,0.9454625,0.4773019
657,tm,1.0837581,0.9699055,0.4899045
658,tm,1.0982676,1.0250397,0.50184554
659,tm,0.86353385,0.83985585,0.48792216
660,tm,0.9356981,0.8493648,0.38423145
661,tm,1.2713903,0.977173,0.6468735
662,tm,0.9851079,0.8405972,0.44899204
663,tm,0.9369196,0.9306419,0.47368494
664,tm,1.0132687,0.8970126,0.52869266
665,tm,1.1173359,0.93602407,0.51817816
666,tm,0.9573431,0.9329617,0.39934245
667,tm,0.807257,0.8566652,0.48366472
668,tm,0.86158365,1.0488027,0.38871148
669,tm,0.8563383,0.87684906,0.60098314
670,tm,0.95657253,0.90444523,0.37965858
671,tm,1.3293382,0.917138,0.42768753
672,tm,0.8411428,0.9110089,0.5725904
673,tm,0.7913036,0.9404003,0.55699277
674,tm,0.9981844,0.93231046,0.4980152
675,tm,1.0018083,0.93190026,0.56428146
676,tm,0.9732541,0.82644546,0.53857434
677,tm,0.95781046,0.98798513,0.55755264
678,tm,0.9052465,0.8351211,0.677304
679,tm,0.7821858,0.80278754,0.38657975
680,tm,1.020895,0.95472044,0.5649616
681,tm,0.97159225,0.96524084,0.36918437
682,tm,1.0920471,0.81099045,0.6090146
683,tm,1.2176896,0.9296315,0.5438474
684,tm,0.9500896,0.8675092,0.4115737
685,tm,0.97447425,0.8393638,0.56730425
686,tm,0.96549094,1.0150667,0.41167992
687,tm,0.7721184,0.8873914,0.5352466
688,tm,0.9488112,1.0374049,0.6380841
689,tm,0.8491411,0.7853173,0.55011886
690,tm,1.1515688,0.94019955,0.41957504
691,tm,1.0381495,1.0412405,0.49263844
692,tm,0.8754703,0.86582977,0.5857104
693,tm,0.9062898,0.85442144,0.43559322
694,tm,1.0345451,0.9292042,0.49212316
695,tm,1.0525544,0.9021338,0.41489422
696,tm,0.9029469,0.8466962,0.5664722
697,tm,1.041657,0.9073269,0.60672534
698,tm,0.7509704,0.78386205,0.44991943
699,tm,0.9646454,0.8716234,0.60387933
700,tm,1.0562344,1.147864,0.4683631
701,tm,0.93161005,0.88346696,0.54972035
702,tm,0.8927826,1.1106571,0.5505924
703,tm,0.7467114,0.88631725,0.5186631
704,tm,0.9539354,0.9619063,0.47001418
705,tm,0.9970285,1.2937342,0.309584
706,tm,0.9854146,0.9602212,0.38653642
707,tm,1.0125648,0.9159721,0.5018048
708,tm,0.8091509,0.9820782,0.43487355
709,tm,0.8028353,1.0500878,0.40945923
710,tm,0.90052843,1.0038887,0.5335222
711,tm,0.95184237,0.88007116,0.5929736
712,tm,1.0014509,0.97002596,0.48379984
713,tm,0.97746134,0.8304726,0.41591942
714,tm,1.0221304,0.82953084,0.47547066
715,tm,0.81491077,1.1077234,0.6292424
716,tm,0.92774755,0.9343392,0.48226818
717,tm,0.9272255,0.89988357,0.53249246
718,tm,0.8457603,0.73511124,0.55564004
719,tm,0.7775073,0.8256753,0.52028185
720,tm,0.9044473,0.8624225,0.5548475
721,tm,0.9197956,0.9091517,0.44677597
722,tm,0.9619407,0.9579902,0.4752677
723,tm,0.7985768,1.114688,0.260425
724,tm,0.9329669,1.0293415,0.6224991
725,tm,1.0019761,1.081342,0.67907465
726,tm,0.8659802,0.94863224,0.4859994
727,tm,1.078662,0.9646161,0.35995352
728,tm,1.0733004,0.98847425,0.39517787
729,tm,0.9331611,0.8019903,0.5311813
730,tm,0.81714493,0.99348366,0.41176668
731,tm,1.015957,0.9260761,0.38733628
732,tm,0.8229776,0.8552312,0.6129395
733,tm,0.9501723,0.8540871,0.33941615
734,tm,0.87251395,0.91884786,0.41915756
735,tm,1.1702008,0.99023235,0.587107
736,tm,1.0250356,0.94796234,0.45510504
737,tm,0.9422742,0.9069038,0.4926516
738,tm,0.9684103,0.782495,0.4117141
739,tm,1.0804806,0.9271874,0.632665
740,tm,0.8548286,0.9155574,0.51052594
741,tm,1.0318378,0.9857702,0.57358056
742,tm,1.0394037,1.0140655,0.49979854
743,tm,0.8596661,0.80158776,0.5185813
744,tm,0.8050264,0.7719949,0.54470974
745,tm,0.9966222,0.85289097,0.38733247
746,tm,1.0611168,1.0006263,0.44585064
747,tm,1.0366101,1.029972,0.48146695
748,tm,1.0153915,1.0296044,0.49414855
749,tm,1.0242075,0.96696746,0.5424055
750,tm,1.0068053,0.8529081,0.37435704
751,tm,0.9345539,0.8238761,0.57971615
752,tm,0.9112395,0.9809969,0.44223434
753,tm,0.99307394,0.90715814,0.6488722
754,tm,0.8552572,0.9063783,0.51142824
755,tm,0.7881691,0.8814498,0.39043716
756,tm,0.9759855,1.0106417,0.51831675
757,tm,1.0327499,0.95970064,0.51603746
758,tm,0.9180419,0.7430003,0.43841654
759,tm,0.9393387,0.9205387,0.646902
760,tm,0.91388327,0.88945746,0.42925897
761,tm,0.8946278,0.84358776,0.43489724
762,tm,0.74563193,0.8450694,0.42527935
763,tm,1.0613598,1.0129814,0.43887696
764,tm,0.9578817,0.87668246,0.46231723
765,tm,0.97711873,1.0111146,0.4941102
766,tm,0.98328394,0.88013774,0.44400522
767,tm,1.1441811,1.0743728,0.31221887
768,tm,0.9885718,0.98851126,0.4654978
769,tm,0.79827046,0.7826875,0.6393555
770,tm,1.1039228,0.86350083,0.4811634
771,tm,0.9946932,0.9090041,0.5815941
772,tm,1.0404913,0.9239398,0.44523147
773,tm,1.3477484,0.97108096,0.58651066
774,tm,0.9537868,0.85459703,0.4530393
775,tm,0.94678557,1.1120914,0.3144026
776,tm,0.94460756,1.0839962,0.29484165
777,tm,1.0824443,0.9831805,0.49456275
778,tm,0.87544006,0.87077117,0.62218475
779,tm,0.7766392,0.88780147,0.6083345
780,tm,0.9821989,1.0728432,0.5947053
781,tm,0.7891744,0.87742645,0.43552482
782,tm,0.92349523,1.0967747,0.63317573
783,tm,1.072764,1.107874,0.40318596
784,tm,0.81293404,0.7904024,0.448944
785,tm,1.1046385,0.99979573,0.44672507
786,tm,0.83959746,0.83698434,0.58592933
787,tm,0.7927175,0.7838551,0.5335159
788,tm,0.87534934,0.90783215,0.5698033
789,tm,0.98732257,0.9808164,0.46603736
790,tm,1.1507583,1.0481375,0.61797154
791,tm,0.9898682,0.84632826,0.40337607
792,tm,0.79035205,0.9022797,0.67759514
793,tm,0.92147285,0.92890877,0.41041875
794,tm,0.90379703,0.881349,0.5254716
795,tm,0.60822654,0.83132845,0.66545236
796,tm,0.9542334,1.1165987,0.49289107
797,tm,1.0348449,0.93317026,0.5017087
798,tm,0.8446408,0.82024807,0.5814113
799,tm,0.9665474,0.88517815,0.4700646
800,tm,0.8511101,0.8632248,0.57680583
801,tm,0.8950359,1.0860329,0.3965108
802,tm,0.86392236,0.84729093,0.58032185
803,tm,1.0021547,0.9408216,0.49092376
804,tm,0.8451058,0.88300496,0.42317492
805,tm,0.904785,0.920908,0.5162398
806,tm,0.81143737,0.77767783,0.46336958
807,tm,0.9190586,0.9450187,0.611037
808,tm,1.0648975,0.9297717,0.5471058
809,tm,1.0480397,0.96329665,0.36381152
810,tm,0.9498076,0.83833706,0.46215126
811,tm,0.77967995,0.8839215,0.50946224
812,tm,1.0229325,0.94205594,0.52489907
813,tm,0.79711705,0.9407101,0.542117
814,tm,0.94753796,0.9075801,0.6282544
815,tm,0.8945632,0.7807493,0.543353
816,tm,0.77202374,0.9190496,0.40971887
817,tm,0.90264696,0.83355004,0.5992599
818,tm,0.96805453,0.92480946,0.4814702
819,tm,0.98600614,1.1197666,0.6189011
820,tm,0.8394118,0.8530046,0.30522317
821,tm,0.98204136,0.8378469,0.5320586
822,tm,1.0685942,1.021213,0.34047416
823,tm,0.8937197,0.77875745,0.5295968
824,tm,0.9586205,0.86369437,0.43980247
825,tm,0.99891335,0.9391139,0.5533549
826,tm,0.9786743,0.9111338,0.47055086
827,tm,0.9679039,1.0594665,0.48118752
828,tm,0.9418631,0.9982182,0.37235916
829,tm,0.9979376,0.9961423,0.5408482
830,tm,0.9150709,0.8578122,0.5390541
831,tm,1.1191484,1.0471997,0.43664345
832,tm,1.0012617,0.9562504,0.5754971
833,tm,0.8434962,0.82568395,0.57017994
834,tm,0.8660867,0.90273196,0.5514266
835,tm,0.84120804,0.99697095,0.5646284
836,tm,1.021494,0.8782489,0.30734053
837,tm,0.88974184,0.959153,0.4754702
838,tm,1.0249193,0.99304,0.3748629
839,tm,1.1863912,0.9536663,0.48222238
840,tm,0.9928793,0.8243749,0.3054968
841,tm,1.0520425,1.0068687,0.55071276
842,tm,1.1263105,1.1429083,0.47078523
843,tm,0.95604545,0.9349188,0.49735403
844,tm,0.9212845,0.8825547,0.5936428
845,tm,0.9555788,0.8648003,0.38022178
846,tm,1.0008287,1.0135169,0.4100199
847,tm,1.1852814,1.1225657,0.40645766
848,tm,0.90595,0.8234222,0.5445947
849,tm,1.0969429,0.8614033,0.5121122
850,tm,0.78496253,0.91520655,0.49979445
851,tm,0.90552217,0.8842487,0.5634805
852,tm,0.92268246,0.85041714,0.4402621
853,tm,1.0958449,0.88827354,0.5387681
854,tm,1.043114,0.9292793,0.4918677
855,tm,0.84748125,0.81249654,0.533198
856,tm,0.89651257,1.0142282,0.3648393
857,tm,1.0150981,0.843471,0.5598016
858,tm,0.915496,0.8360564,0.5387124
859,tm,0.96462756,0.93410224,0.52701396
860,tm,0.8489762,0.8944834,0.48284957
861,tm,0.9539304,0.9610008,0.4861145
862,tm,0.94109523,0.94662505,0.5234616
863,tm,0.9174522,0.9040626,0.53643507
864,tm,0.7958229,0.8797806,0.5851429
865,tm,0.8761348,0.9713892,0.47141507
866,tm,1.1812955,0.95589167,0.57801926
867,tm,0.9102057,0.9635972,0.4682418
868,tm,0.91209275,0.8358247,0.4822172
869,tm,1.149444,0.99343514,0.6236123
870,tm,0.95080936,0.9055804,0.5707405
871,tm,1.261884,0.87856036,0.41552117
872,tm,0.86443686,0.8994853,0.5286758
873,tm,1.0383614,0.89358133,0.5227703
874,tm,0.818694,0.90357983,0.4922119
875,tm,0.9625816,0.8390327,0.42249122
876,tm,1.0236297,0.98557484,0.5378015
877,tm,0.9986242,0.88620347,0.36103353
878,tm,0.9738697,1.0216357,0.6243634
879,tm,1.0139027,0.8300223,0.43834168
880,tm,0.84368694,0.9725566,0.48512912
881,tm,0.9565042,0.81091523,0.39345276
882,tm,0.93043727,0.91509575,0.58536375
883,tm,1.0478575,0.95737326,0.6337427
884,tm,0.8246093,0.9113531,0.5756873
885,tm,1.0103472,1.0131942,0.4766847
886,tm,0.7602742,0.90463877,0.4882205
887,tm,0.8932797,0.8882534,0.50825876
888,tm,1.04832,0.9341656,0.5213752
889,tm,0.9073606,0.85749793,0.436393
890,tm,1.1004256,1.1252664,0.4958566
891,tm,0.96862566,0.85728306,0.46290982
892,tm,0.9764922,0.8813057,0.38448757
893,tm,0.8744258,0.8920743,0.6184792
894,tm,0.7831674,0.79061645,0.52646697
895,tm,1.0485545,0.8227714,0.43415245
896,tm,1.0181988,0.9500498,0.44532564
897,tm,0.8242251,0.9326181,0.36763126
898,tm,0.99193734,0.7976839,0.49787357
899,tm,0.96197575,0.77155054,0.46663025
900,tm,0.9683615,0.7910631,0.57873464
901,tm,0.97356594,1.0453624,0.49704978
902,tm,0.8127675,0.99252725,0.4107881
903,tm,0.8690547,1.0226189,0.47965318
904,tm,0.83260083,0.9401849,0.5267716
905,tm,1.1636405,0.94250447,0.4963595
906,tm,1.0046046,1.0592395,0.35822585
907,tm,0.853407,0.9464339,0.3743668
908,tm,1.0017269,0.8500577,0.5035647
909,tm,1.0704561,1.0358219,0.5443801
910,tm,0.88186175,0.96743137,0.5473693
911,tm,0.8568888,0.9315924,0.35047087
912,tm,0.9437101,0.9603952,0.595391
913,tm,0.9906911,1.0679125,0.3641366
914,tm,0.8237903,0.7746392,0.5219112
915,tm,1.0704399,0.819865,0.4028286
916,tm,1.1683067,0.7263163,0.58721083
917,tm,0.919117,0.9438418,0.37346217
918,tm,1.0049574,0.91321385,0.48199034
919,tm,0.9240119,0.8881822,0.56516725
920,tm,0.9014762,0.86476356,0.5126227
921,tm,0.82857424,0.9700989,0.5107374
922,tm,0.8469217,0.78418213,0.52418256
923,tm,0.88731676,0.8113576,0.6176592
924,tm,1.0454497,0.8553426,0.5342868
925,tm,0.9430612,1.0081866,0.47664034
926,tm,0.8862483,0.8616403,0.46621206
927,tm,1.0942798,0.82856923,0.48270637
928,tm,0.9286292,0.9134688,0.5085133
929,tm,0.8474127,0.8808635,0.3739889
930,tm,1.048436,0.7691913,0.5908676
931,tm,1.0330642,0.85692877,0.5030064
932,tm,0.81861645,0.8657652,0.57364184
933,tm,0.8912813,0.9052119,0.49804994
934,tm,0.9219434,0.8736748,0.38177317
935,tm,0.8145673,1.0130957,0.34711206
936,tm,1.0670278,0.9413271,0.36941507
937,tm,0.79214305,0.8429899,0.5515985
938,tm,0.9480621,0.9452493,0.60825473
939,tm,0.8460526,0.889532,0.41091052
940,tm,1.1724932,0.8877193,0.406925
941,tm,0.9402659,0.97872007,0.5700557
942,tm,1.0187769,0.9293644,0.37601796
943,tm,1.054821,0.80659413,0.5682737
944,tm,0.9024292,0.806886,0.44238353
945,tm,0.94548905,0.83931047,0.55977225
946,tm,0.91130793,0.95477885,0.41722742
947,tm,0.93407255,0.87406754,0.3475636
948,tm,0.7492155,0.8730737,0.37481493
949,tm,0.8467428,0.7778437,0.6071326
950,tm,1.0343319,0.860235,0.5212132
951,tm,1.1163481,1.2348334,0.42667726
952,tm,1.0283465,0.88898647,0.46517256
953,tm,0.83798116,0.8574304,0.5962032
954,tm,0.881851,0.7828129,0.54679596
955,tm,1.0340818,0.8966164,0.5265434
956,tm,0.98630875,0.99002784,0.5110414
957,tm,1.0458535,0.9804731,0.3132258
958,tm,0.94780874,0.7990784,0.42315862
959,tm,0.9492674,1.0180423,0.49865368
960,tm,1.0196539,0.88775027,0.55926776
961,tm,0.82158715,0.871374,0.60883677
962,tm,0.84289247,0.8773983,0.4496614
963,tm,0.9782479,0.92528504,0.527152
964,tm,0.6888436,1.0518085,0.54366803
965,tm,1.0391852,0.8869018,0.58611834
966,tm,1.1918175,1.1270684,0.47789234
967,tm,0.9288329,0.8857527,0.53861797
968,tm,0.85217094,0.8775962,0.58507687
969,tm,0.95005846,0.9005897,0.47148755
970,tm,0.9835935,0.89916056,0.4687113
971,tm,0.8751374,0.7793545,0.42741638
972,tm,0.9528477,0.8317314,0.43373606
973,tm,0.8010817,0.9392543,0.45108607
974,tm,1.2017002,0.8879997,0.5841723
975,tm,0.9196806,0.8542384,0.5204227
976,tm,1.007165,0.88763,0.57001173
977,tm,0.89634925,1.0108945,0.5031529
978,tm,0.8911107,0.95038617,0.6070559
979,tm,0.9825636,0.8908097,0.54507524
980,tm,1.0102242,0.94220495,0.46485966
981,tm,0.9749974,0.89886796,0.53518635
982,tm,0.8457212,0.88260484,0.56911653
983,tm,0.9912751,0.8361776,0.5727855
984,tm,1.0553951,0.9848188,0.71399134
985,tm,0.9658349,0.8697119,0.49083015
986,tm,0.9212585,1.0544432,0.3503921
987,tm,0.8652228,0.90412056,0.5083983
988,tm,1.1067559,0.9127328,0.44323298
989,tm,1.4273269,0.97383416,0.41931546
990,tm,0.9935913,0.97672427,0.44306424
991,tm,1.2464225,0.89655757,0.4553607
992,tm,1.0540278,1.1016346,0.5307542
993,tm,1.0041522,0.8207397,0.44181648
994,tm,0.96220255,0.98790616,0.3843585
995,tm,0.9295538,0.8662682,0.45902133
996,tm,1.013637,0.8162567,0.36766577
997,tm,0.8281455,0.9607415,0.49890485
998,tm,1.0341796,0.9674152,0.5665635
999,tm,1.0566074,1.0491037,0.7304368
