k,rule,real_inc,real_dino,place,endpoint_gap
0,ot,0.9565163254737854,0.8971821665763855,0.4741215407848358,0.8238239884376526
0,ot_sharp,0.8964243531227112,0.8958126902580261,0.4543347656726837,0.7573423981666565
0,exact,0.9783825874328613,0.9171228408813477,0.46075624227523804,0.7302351593971252
0,nn,0.9569316506385803,0.9134499430656433,0.4636966586112976,0.7714004516601562
0,gauss,0.880005419254303,0.8956617712974548,0.44275298714637756,0.6776260733604431
0,uniform,0.8060964345932007,0.9074108600616455,0.4729818105697632,0.932739794254303
0,random,1.0588629245758057,1.0571802854537964,0.4625391662120819,1.2267247438430786
0,pixel_linear,0.8712207078933716,0.8955358862876892,0.4893435537815094,0.34279417991638184
0,texton_linear,0.7507032752037048,0.8445762395858765,0.5046102404594421,0.0
1,ot,1.0080097913742065,0.7446064949035645,0.5035680532455444,0.9351361393928528
1,ot_sharp,1.1355972290039062,0.9515275359153748,0.2349790334701538,0.9590560793876648
1,exact,0.9210096597671509,0.7373378276824951,0.5203139781951904,0.8211778998374939
1,nn,0.9432380199432373,0.8637226819992065,0.47508659958839417,1.0011216402053833
1,gauss,0.9201276302337646,0.7832741737365723,0.46957728266716003,0.8334198594093323
1,uniform,0.8919137120246887,0.735022246837616,0.509185254573822,1.0120373964309692
1,random,1.1384167671203613,0.9432553648948669,0.48597145080566406,1.090380072593689
1,pixel_linear,0.9043107032775879,0.858761191368103,0.5998300909996033,0.39962583780288696
1,texton_linear,0.8845546245574951,0.8016601800918579,0.6173425316810608,0.0
2,ot,0.8031754493713379,0.7283422350883484,0.37695351243019104,0.9170333743095398
2,ot_sharp,0.8204631805419922,0.7583790421485901,0.3731287717819214,0.8750948905944824
2,exact,0.853341281414032,0.7442556023597717,0.4455964267253876,0.8162503242492676
2,nn,0.8291263580322266,0.7934064269065857,0.3956916034221649,0.8087530732154846
2,gauss,0.8511162400245667,0.7099826335906982,0.3760594427585602,0.9267380237579346
2,uniform,0.7889039516448975,0.7500967383384705,0.37409597635269165,0.8955019116401672
2,random,1.0077459812164307,0.809469997882843,0.46623581647872925,0.9996542930603027
2,pixel_linear,0.8666515946388245,0.8064959049224854,0.5392337441444397,0.25113585591316223
2,texton_linear,0.899083137512207,0.7487451434135437,0.5317012071609497,0.0
3,ot,0.9825430512428284,0.9188451170921326,0.40156370401382446,0.8829164505004883
3,ot_sharp,0.9551784992218018,0.959017276763916,0.3713952898979187,0.7069575786590576
3,exact,0.9743343591690063,0.9644589424133301,0.3938053548336029,0.5883876085281372
3,nn,0.9600940346717834,0.8597171902656555,0.4614286720752716,0.5667374134063721
3,gauss,0.9473312497138977,1.0127078294754028,0.3735983669757843,0.7564050555229187
3,uniform,0.9815524816513062,0.9958733320236206,0.3491598069667816,0.8741073608398438
3,random,1.1394106149673462,0.9357836246490479,0.5615971088409424,0.8280346989631653
3,pixel_linear,0.9582478404045105,0.9399187564849854,0.4149753749370575,0.3438087999820709
3,texton_linear,0.9820119738578796,0.8866544961929321,0.5278724431991577,0.0
4,ot,0.9332096576690674,0.8646721839904785,0.47457218170166016,1.149159550666809
4,ot_sharp,0.9676740765571594,0.8685684204101562,0.4606228768825531,1.0408790111541748
4,exact,1.0357846021652222,0.8434908986091614,0.4638594388961792,1.0319408178329468
4,nn,0.9587215185165405,0.808334469795227,0.45879384875297546,0.9590125679969788
4,gauss,0.8671627044677734,0.8385175466537476,0.4115450084209442,0.89384526014328
4,uniform,0.8366368412971497,0.8555769920349121,0.466091126203537,1.1746947765350342
4,random,1.18047034740448,0.9826234579086304,0.5723393559455872,1.182867169380188
4,pixel_linear,0.9338358044624329,0.933038055896759,0.4572032392024994,0.49769771099090576
4,texton_linear,0.8101181387901306,0.8099561333656311,0.48225441575050354,0.0
5,ot,0.9141960740089417,0.8819349408149719,0.41766414046287537,0.7733790278434753
5,ot_sharp,0.9337599873542786,0.9198858141899109,0.39928558468818665,0.707542359828949
5,exact,0.9892504215240479,0.9072064757347107,0.44667553901672363,0.7307149171829224
5,nn,0.9437974095344543,0.8976067304611206,0.43236666917800903,0.6517443656921387
5,gauss,0.973328173160553,0.8271467685699463,0.40595918893814087,0.7147722840309143
5,uniform,0.9041577577590942,0.7486326694488525,0.4864107668399811,0.9121595621109009
5,random,1.0580675601959229,0.9218164682388306,0.43755781650543213,1.0691453218460083
5,pixel_linear,0.9804537296295166,0.8290453553199768,0.46818509697914124,0.2844718098640442
5,texton_linear,0.9978544116020203,0.8241121172904968,0.4016965925693512,0.0
6,ot,0.8822770714759827,0.8277226686477661,0.4537174105644226,0.9724070429801941
6,ot_sharp,0.9066029191017151,0.8274896740913391,0.4022456109523773,0.9423246383666992
6,exact,0.9203423857688904,0.901821494102478,0.46683743596076965,0.9845589399337769
6,nn,0.9150049090385437,0.8321431279182434,0.42885810136795044,0.9228914976119995
6,gauss,0.9271253347396851,0.8623665571212769,0.44570887088775635,0.9508014917373657
6,uniform,0.8965957164764404,0.8810079097747803,0.43138888478279114,0.9989064335823059
6,random,1.2635869979858398,0.909516453742981,0.4867902994155884,1.0485143661499023
6,pixel_linear,0.8544829487800598,0.8544690608978271,0.45774218440055847,0.4843198359012604
6,texton_linear,0.9128558039665222,0.803064227104187,0.5279106497764587,0.0
7,ot,0.8196917772293091,0.8404104709625244,0.4959964454174042,0.9122715592384338
7,ot_sharp,0.8408228754997253,0.8326895833015442,0.5050080418586731,0.9425216913223267
7,exact,0.9588803648948669,0.8416187167167664,0.5027320384979248,1.0087507963180542
7,nn,0.988654375076294,0.8557596802711487,0.47987738251686096,1.0184059143066406
7,gauss,0.8361327648162842,0.8452791571617126,0.45776328444480896,0.9399111866950989
7,uniform,0.7870928645133972,0.8240444660186768,0.4720134437084198,0.9053608179092407
7,random,1.1342016458511353,1.0079092979431152,0.4811360836029053,1.1615643501281738
7,pixel_linear,0.8249191641807556,0.8629379272460938,0.5886170864105225,0.4298195540904999
7,texton_linear,0.7982643246650696,0.8390595316886902,0.5680865049362183,0.0
8,ot,0.9152587056159973,0.9122710824012756,0.44661083817481995,0.9415477514266968
8,ot_sharp,0.824154257774353,0.9355452060699463,0.45259228348731995,0.8869660496711731
8,exact,0.9130760431289673,0.8736186027526855,0.510196328163147,0.849463164806366
8,nn,0.9343854188919067,0.9225462079048157,0.515467643737793,0.6806380748748779
8,gauss,0.9568656086921692,0.9925355911254883,0.4214685559272766,0.8482038974761963
8,uniform,0.9380518794059753,0.9195903539657593,0.43681690096855164,0.9293276071548462
8,random,1.139194369316101,1.0737802982330322,0.47354552149772644,1.038185715675354
8,pixel_linear,0.952766478061676,0.8625133633613586,0.4944661855697632,0.3978968858718872
8,texton_linear,0.8989454507827759,0.8927549123764038,0.5103374123573303,0.0
9,ot,1.1289719343185425,0.8247841000556946,0.36944320797920227,0.9530975818634033
9,ot_sharp,1.1218217611312866,0.841636061668396,0.364959716796875,0.8712457418441772
9,exact,1.0807576179504395,0.8600062727928162,0.4322684109210968,0.6864131093025208
9,nn,1.04264497756958,0.8728578090667725,0.3745659291744232,0.7813782691955566
9,gauss,1.078798770904541,0.9432500004768372,0.38377845287323,0.8265175223350525
9,uniform,0.9946890473365784,0.8291999101638794,0.3526388108730316,0.8917638659477234
9,random,0.9763267040252686,0.8510345220565796,0.39761215448379517,0.980437159538269
9,pixel_linear,1.065792441368103,0.8436673879623413,0.4722222685813904,0.21959123015403748
9,texton_linear,1.0291590690612793,0.8436053991317749,0.47380802035331726,0.0
10,ot,1.080291986465454,0.8269949555397034,0.37091830372810364,0.9021286368370056
10,ot_sharp,1.0511400699615479,0.8335912823677063,0.39208680391311646,0.8739948868751526
10,exact,1.0121419429779053,0.8523474931716919,0.4040040671825409,0.9127395749092102
10,nn,1.0427160263061523,0.8271521329879761,0.4137694239616394,0.9158250689506531
10,gauss,1.0645453929901123,0.8500522375106812,0.357427716255188,0.7100451588630676
10,uniform,1.0260576009750366,0.8351979851722717,0.4688274562358856,0.8802386522293091
10,random,1.0161526203155518,0.9121090173721313,0.4195030927658081,1.3212512731552124
10,pixel_linear,1.0173372030258179,0.8852336406707764,0.4457044303417206,0.30153313279151917
10,texton_linear,0.9682506918907166,0.8546849489212036,0.5209557414054871,0.0
11,ot,1.0312411785125732,0.8972487449645996,0.4533117711544037,0.946130633354187
11,ot_sharp,1.109468698501587,0.909012496471405,0.4324551224708557,0.8866897225379944
11,exact,1.2106572389602661,0.887087345123291,0.4700927436351776,0.9980350136756897
11,nn,1.1231029033660889,0.8366135358810425,0.4622344970703125,0.880406379699707
11,gauss,1.0442951917648315,0.8884134888648987,0.420226126909256,0.8032552599906921
11,uniform,1.0256271362304688,0.9132872819900513,0.46349722146987915,1.1206583976745605
11,random,1.1161211729049683,1.0578837394714355,0.5000738501548767,1.2373288869857788
11,pixel_linear,0.9820543527603149,0.8885721564292908,0.48075997829437256,0.5956674218177795
11,texton_linear,0.9876378178596497,0.8286402821540833,0.5206735730171204,0.0
12,ot,1.0167064666748047,0.8935360908508301,0.5509997010231018,0.5909448266029358
12,ot_sharp,0.9985138177871704,0.8839643001556396,0.568998396396637,0.4371253252029419
12,exact,0.9469919204711914,0.8711852431297302,0.5834646224975586,0.44572460651397705
12,nn,0.9742199182510376,0.8881534934043884,0.5540862083435059,0.4847320318222046
12,gauss,0.9514555931091309,0.8265472650527954,0.48667317628860474,0.43731239438056946
12,uniform,1.0247142314910889,0.89082932472229,0.5245624780654907,0.7834417819976807
12,random,1.1171103715896606,0.8533726334571838,0.5258969664573669,0.6483724117279053
12,pixel_linear,0.9440450072288513,0.9172223210334778,0.5709826946258545,0.11959753930568695
12,texton_linear,0.9754656553268433,0.8384672403335571,0.4903635084629059,0.0
13,ot,0.8488146066665649,0.8710120320320129,0.3871203064918518,0.5824458599090576
13,ot_sharp,0.8840622901916504,0.8451330065727234,0.4310198128223419,0.538149356842041
13,exact,0.8253135681152344,0.8437404632568359,0.5090470910072327,0.6604668498039246
13,nn,0.8898460865020752,0.8900890946388245,0.38840481638908386,0.8522481918334961
13,gauss,0.8591967821121216,0.8703427314758301,0.4232455790042877,0.5916788578033447
13,uniform,0.9153931140899658,0.8283186554908752,0.35385259985923767,0.6904705762863159
13,random,0.9328062534332275,0.9652024507522583,0.46289512515068054,1.0236562490463257
13,pixel_linear,0.8200201392173767,0.8224033713340759,0.4910130202770233,0.38795334100723267
13,texton_linear,0.818080723285675,0.8046455979347229,0.5175325870513916,0.0
14,ot,1.1338911056518555,0.9170979857444763,0.46042850613594055,1.0638066530227661
14,ot_sharp,1.0925086736679077,0.9557110071182251,0.4928898811340332,0.9612860679626465
14,exact,1.1709707975387573,0.8556717038154602,0.5137338638305664,0.80496746301651
14,nn,1.0613795518875122,0.8662092089653015,0.48930108547210693,0.8250229358673096
14,gauss,1.0730359554290771,0.9143069982528687,0.4028414785861969,0.8294310569763184
14,uniform,1.1942424774169922,1.104350209236145,0.4046398997306824,0.9990374445915222
14,random,1.101973295211792,0.9521483778953552,0.5062493085861206,1.2555510997772217
14,pixel_linear,1.0725582838058472,0.8880327939987183,0.5113410353660583,0.3406637907028198
14,texton_linear,1.0454946756362915,0.8962894082069397,0.4889518618583679,0.0
15,ot,0.931158185005188,0.7801231741905212,0.3981379270553589,0.900879979133606
15,ot_sharp,0.9704504013061523,0.767453134059906,0.4142208993434906,0.910309910774231
15,exact,1.0143463611602783,0.7988941073417664,0.4199466109275818,0.8934693932533264
15,nn,0.8799609541893005,0.7153047323226929,0.4541892111301422,0.9267885088920593
15,gauss,0.9801470637321472,0.8326897025108337,0.3909340798854828,0.9065202474594116
15,uniform,1.0036780834197998,0.8022107481956482,0.3850363492965698,0.9097657203674316
15,random,1.0414237976074219,0.9543159008026123,0.4597456157207489,0.9754343032836914
15,pixel_linear,0.9404649138450623,0.7636425495147705,0.3954927325248718,0.6014391183853149
15,texton_linear,0.8259708285331726,0.900243878364563,0.5953760743141174,0.0
16,ot,0.9026687741279602,1.0072059631347656,0.35915541648864746,0.8663431406021118
16,ot_sharp,0.8873987793922424,0.9903583526611328,0.35182103514671326,0.8480272889137268
16,exact,0.8829986453056335,0.9043806195259094,0.3888413608074188,0.7984367609024048
16,nn,0.986084520816803,0.9105875492095947,0.39616355299949646,0.9470670223236084
16,gauss,0.9048346281051636,0.9536694288253784,0.3443577289581299,0.8261394500732422
16,uniform,0.831797182559967,1.0430326461791992,0.3664831221103668,0.9619320034980774
16,random,1.0344305038452148,0.9094486236572266,0.43826889991760254,0.9812764525413513
16,pixel_linear,0.8790706396102905,0.8550384640693665,0.44930097460746765,0.22533944249153137
16,texton_linear,0.9400841593742371,0.9520037174224854,0.4492446184158325,0.0
17,ot,0.8989275097846985,0.816937267780304,0.46533453464508057,0.656055212020874
17,ot_sharp,0.9429785013198853,0.8221940398216248,0.4653342366218567,0.6018906235694885
17,exact,0.9283328652381897,0.8878676295280457,0.4708910286426544,0.49867314100265503
17,nn,0.9659305214881897,0.8393150568008423,0.4665866792201996,0.5535558462142944
17,gauss,0.9132542014122009,0.8086220622062683,0.43440842628479004,0.715079128742218
17,uniform,0.9232057929039001,0.8071895241737366,0.4769938290119171,0.7884007692337036
17,random,1.0285362005233765,0.9127570390701294,0.4194905459880829,0.9916737079620361
17,pixel_linear,0.8897156119346619,0.8812108039855957,0.4839443862438202,0.2785806953907013
17,texton_linear,0.9518184661865234,0.9746730327606201,0.5578080415725708,0.0
18,ot,1.1050177812576294,0.9604198336601257,0.3674147427082062,0.7550848722457886
18,ot_sharp,1.0822356939315796,0.9818993806838989,0.3698757290840149,0.6006801128387451
18,exact,1.040406584739685,0.9635496139526367,0.4080481231212616,0.6657549142837524
18,nn,1.1169028282165527,0.9508684873580933,0.41967183351516724,0.7381669878959656
18,gauss,1.0809359550476074,0.9424599409103394,0.3784741759300232,0.7241420149803162
18,uniform,1.0319397449493408,0.9673058390617371,0.4322834014892578,0.8718318343162537
18,random,1.003908395767212,1.013034462928772,0.38379746675491333,1.0042825937271118
18,pixel_linear,0.9634404182434082,0.9357008934020996,0.47551971673965454,0.28253600001335144
18,texton_linear,0.9927104711532593,0.9177159667015076,0.43779587745666504,0.0
19,ot,0.8777610063552856,0.8581334352493286,0.5142614841461182,1.004434585571289
19,ot_sharp,0.9189720749855042,0.8208341598510742,0.3993803858757019,0.9407219886779785
19,exact,0.898128867149353,0.8538013100624084,0.527483344078064,0.7280030846595764
19,nn,0.8180660605430603,0.8059530854225159,0.44608381390571594,1.0362929105758667
19,gauss,0.8581201434135437,0.8366448879241943,0.5167933702468872,0.7940411567687988
19,uniform,0.9002061486244202,0.824751615524292,0.5173251628875732,1.0013352632522583
19,random,0.827568769454956,0.8926326036453247,0.5244829654693604,1.0694280862808228
19,pixel_linear,0.9465861916542053,0.7928398251533508,0.5620598196983337,0.37596365809440613
19,texton_linear,0.9456729888916016,0.8739861249923706,0.5659646391868591,0.0
20,ot,0.9729438424110413,0.8254373669624329,0.4451260268688202,0.6865650415420532
20,ot_sharp,1.0172053575515747,0.8047865629196167,0.4682476222515106,0.66769939661026
20,exact,1.0642104148864746,0.9003778100013733,0.3963450789451599,0.8391181826591492
20,nn,1.0245778560638428,0.8844146728515625,0.41818365454673767,0.8307421803474426
20,gauss,0.8949680328369141,0.85769122838974,0.3845842480659485,0.8514706492424011
20,uniform,0.9463308453559875,0.8113897442817688,0.4426995813846588,0.9918801784515381
20,random,1.2039166688919067,1.0361242294311523,0.43386897444725037,0.9798153042793274
20,pixel_linear,0.953494668006897,0.8313258290290833,0.4482719898223877,0.26449018716812134
20,texton_linear,0.982718825340271,0.8883600831031799,0.4687049686908722,0.0
21,ot,0.8932356238365173,0.7727236151695251,0.4396783709526062,0.7437027096748352
21,ot_sharp,0.9206883907318115,0.8254979252815247,0.46196097135543823,0.6608003973960876
21,exact,0.8864431977272034,0.9346689581871033,0.4901987612247467,0.8338630199432373
21,nn,0.9174184203147888,0.8698291778564453,0.5340385437011719,0.8312625885009766
21,gauss,0.9584986567497253,0.8137797117233276,0.3625638484954834,0.8367021083831787
21,uniform,0.8260908722877502,0.8010839819908142,0.4177575409412384,0.9019623398780823
21,random,1.0333393812179565,1.005447268486023,0.537469744682312,0.9241936206817627
21,pixel_linear,0.9060530066490173,0.8741910457611084,0.48267820477485657,0.33591213822364807
21,texton_linear,0.9066379070281982,0.8238434791564941,0.5065876245498657,0.0
22,ot,0.9463998675346375,0.8555245995521545,0.4434666931629181,0.6737778186798096
22,ot_sharp,0.9983201622962952,0.8528912663459778,0.4579356610774994,0.6403500437736511
22,exact,1.0215661525726318,0.8839192986488342,0.5388885140419006,0.7029664516448975
22,nn,0.9811812043190002,0.9323366284370422,0.5449815988540649,0.6173735857009888
22,gauss,0.9531473517417908,0.8806470036506653,0.45126381516456604,0.6476521492004395
22,uniform,0.9320929646492004,0.8213672041893005,0.4526556730270386,0.7157451510429382
22,random,1.0366621017456055,0.8913305401802063,0.5038502216339111,1.0168070793151855
22,pixel_linear,0.8844903111457825,0.913373589515686,0.5335087776184082,0.24123354256153107
22,texton_linear,0.8930258750915527,0.8591373562812805,0.5923367738723755,0.0
23,ot,0.968824565410614,0.8453866839408875,0.30523085594177246,0.9847366213798523
23,ot_sharp,0.9300647974014282,0.8508814573287964,0.31069204211235046,0.9004393815994263
23,exact,0.9127694964408875,0.8581691384315491,0.38393905758857727,0.866381824016571
23,nn,0.8721896409988403,0.8539956212043762,0.38826486468315125,0.8296617269515991
23,gauss,0.8212155699729919,0.8526420593261719,0.24716441333293915,0.9154199957847595
23,uniform,0.9829567074775696,0.9000983238220215,0.35543373227119446,0.9648409485816956
23,random,1.060609221458435,0.8865440487861633,0.3854760527610779,1.0438992977142334
23,pixel_linear,0.832149088382721,0.8901709318161011,0.3945365846157074,0.42900118231773376
23,texton_linear,0.895663321018219,0.8525339365005493,0.40023335814476013,0.0
24,ot,1.113085150718689,0.7854832410812378,0.40519919991493225,0.8920823931694031
24,ot_sharp,1.1621209383010864,0.7674841284751892,0.40507569909095764,0.917898416519165
24,exact,1.0457404851913452,0.9020200371742249,0.44900190830230713,0.8035106062889099
24,nn,1.1367720365524292,0.909824788570404,0.5144466161727905,0.8292466402053833
24,gauss,1.0380231142044067,0.7562047243118286,0.388266384601593,0.9220234751701355
24,uniform,1.067219614982605,0.9020494818687439,0.46518707275390625,1.04896080493927
24,random,1.1871205568313599,1.0606862306594849,0.4663437306880951,1.1573920249938965
24,pixel_linear,1.134024739265442,1.0149593353271484,0.5244924426078796,0.3350510001182556
24,texton_linear,0.8642260432243347,0.8687354922294617,0.4871639907360077,0.0
25,ot,1.0971462726593018,0.7757770419120789,0.48395606875419617,0.8774909377098083
25,ot_sharp,1.128343939781189,0.8087189197540283,0.48164132237434387,0.76873779296875
25,exact,1.2157691717147827,0.8539180755615234,0.47788944840431213,0.8575839400291443
25,nn,1.1252516508102417,0.809622585773468,0.474783718585968,0.9012323617935181
25,gauss,1.2493904829025269,0.9487670063972473,0.42731156945228577,0.813517689704895
25,uniform,1.054641842842102,0.7958769202232361,0.47940942645072937,0.9389921426773071
25,random,1.1624598503112793,1.1190141439437866,0.4152030646800995,1.085294246673584
25,pixel_linear,1.2771716117858887,1.0096553564071655,0.5963032245635986,0.178872212767601
25,texton_linear,1.2484893798828125,1.0524647235870361,0.608436107635498,0.0
26,ot,1.015355110168457,0.845364511013031,0.5012847781181335,0.6763014197349548
26,ot_sharp,0.9567316770553589,0.8174774646759033,0.5151819586753845,0.6552103161811829
26,exact,0.9304353594779968,0.7985948324203491,0.5172762870788574,0.6838060617446899
26,nn,1.0021559000015259,0.8478652238845825,0.4983638823032379,0.6298757791519165
26,gauss,1.0219545364379883,0.8496785759925842,0.4560524523258209,0.7465047240257263
26,uniform,1.0356191396713257,0.8486154675483704,0.519018292427063,0.5091092586517334
26,random,0.9392592906951904,0.8145413398742676,0.5491329431533813,0.7065942883491516
26,pixel_linear,0.982589602470398,0.8528105020523071,0.4898797273635864,0.41480639576911926
26,texton_linear,1.081801176071167,0.8083019852638245,0.48895785212516785,0.0
27,ot,0.9704959988594055,0.9847484230995178,0.3539445400238037,0.7898350358009338
27,ot_sharp,0.8586077690124512,0.9401915669441223,0.26672616600990295,1.1002000570297241
27,exact,0.9863645434379578,0.9393972158432007,0.420664519071579,0.8173796534538269
27,nn,0.9978994727134705,0.9672481417655945,0.31773701310157776,0.9106871485710144
27,gauss,1.0216953754425049,0.8931382298469543,0.3599141538143158,0.8831722736358643
27,uniform,0.9215347170829773,0.9974880814552307,0.3618620038032532,0.8544909358024597
27,random,0.9680940508842468,0.9030172824859619,0.4358067512512207,1.1572673320770264
27,pixel_linear,0.8774966597557068,0.9194861650466919,0.41197752952575684,0.3584235906600952
27,texton_linear,0.9476431608200073,0.8921341896057129,0.4788355529308319,0.0
28,ot,0.8753963708877563,0.7186871767044067,0.38293272256851196,0.8022540211677551
28,ot_sharp,0.8917587995529175,0.7324687242507935,0.4084961414337158,0.7405501008033752
28,exact,0.9144963026046753,0.7857031226158142,0.4600374102592468,0.814882218837738
28,nn,0.9986727833747864,0.7755333185195923,0.46036848425865173,0.7440631985664368
28,gauss,0.9389718770980835,0.7072831392288208,0.37429726123809814,0.778285801410675
28,uniform,0.8915207982063293,0.7313364148139954,0.3866816759109497,0.8648338317871094
28,random,0.9852787852287292,0.9870578050613403,0.5596756935119629,0.9518987536430359
28,pixel_linear,0.880557119846344,0.7453899383544922,0.4301677942276001,0.2773420214653015
28,texton_linear,0.8298232555389404,0.8214297890663147,0.5437407493591309,0.0
29,ot,0.9941249489784241,0.8150774836540222,0.38389521837234497,1.0674582719802856
29,ot_sharp,1.0614765882492065,0.8205714225769043,0.3796190917491913,1.0423321723937988
29,exact,1.0145750045776367,0.8197208642959595,0.43062713742256165,0.9378141164779663
29,nn,0.9554678797721863,0.8282580971717834,0.42577287554740906,0.8932254910469055
29,gauss,1.0146360397338867,0.8289625644683838,0.3999808132648468,0.9710182547569275
29,uniform,0.799735426902771,0.8309688568115234,0.4232724905014038,1.0903642177581787
29,random,0.9367123246192932,0.8279023170471191,0.45870840549468994,1.129723310470581
29,pixel_linear,0.926118791103363,0.8289893269538879,0.49470216035842896,0.3010026514530182
29,texton_linear,0.8596116304397583,0.7746208310127258,0.5503864288330078,0.0
30,ot,1.1279300451278687,0.8532758951187134,0.5000312924385071,0.7455652952194214
30,ot_sharp,1.113840937614441,0.927699863910675,0.48323890566825867,0.7410162687301636
30,exact,1.0985915660858154,0.8653755784034729,0.5441932082176208,0.6369378566741943
30,nn,0.967552900314331,0.8968640565872192,0.5417096614837646,0.5515895485877991
30,gauss,1.0664277076721191,0.8329534530639648,0.36545228958129883,0.6662743091583252
30,uniform,1.1264588832855225,0.973112165927887,0.4938468635082245,0.8120684623718262
30,random,1.1648427248001099,0.9236053824424744,0.549065887928009,0.8356369137763977
30,pixel_linear,1.0417752265930176,0.8762131333351135,0.5461944937705994,0.2302529215812683
30,texton_linear,0.7934718132019043,0.8189688324928284,0.5632781982421875,0.0
31,ot,0.9087807536125183,1.0644961595535278,0.288899302482605,0.8821972608566284
31,ot_sharp,0.9646679162979126,1.007187008857727,0.29509031772613525,0.8736096024513245
31,exact,0.8968812227249146,0.8229418396949768,0.3983578681945801,0.8155878186225891
31,nn,0.8381608724594116,0.8673301339149475,0.4338008463382721,0.8724676370620728
31,gauss,0.8339507579803467,0.989052951335907,0.29975372552871704,0.919174313545227
31,uniform,0.8480901718139648,0.9645018577575684,0.31439369916915894,0.972629189491272
31,random,1.0449678897857666,0.9072527289390564,0.4509623944759369,0.9197153449058533
31,pixel_linear,1.0140407085418701,0.7735278606414795,0.5119814872741699,0.2834087014198303
31,texton_linear,0.9118085503578186,0.7977035641670227,0.45840179920196533,0.0
32,ot,0.8855059146881104,0.8855059146881104,0.40079760551452637,0.8754178881645203
32,ot_sharp,0.9000423550605774,0.9026474952697754,0.4118959307670593,0.8127878904342651
32,exact,0.8339862823486328,0.8612605333328247,0.4705660939216614,0.7425920367240906
32,nn,0.8404089212417603,0.921076238155365,0.4692644476890564,0.7531289458274841
32,gauss,0.8976781368255615,0.8646678328514099,0.43694108724594116,0.6639036536216736
32,uniform,0.9625208973884583,0.8876206874847412,0.3998253345489502,0.8482703566551208
32,random,1.0365065336227417,0.9778770208358765,0.5154897570610046,0.8705271482467651
32,pixel_linear,0.8258413672447205,0.8703953623771667,0.4189170002937317,0.5355444550514221
32,texton_linear,0.7808855772018433,0.7836285829544067,0.48399484157562256,0.0
33,ot,0.9937267303466797,0.8231690526008606,0.49317702651023865,0.9666463732719421
33,ot_sharp,1.0690479278564453,0.8048545122146606,0.48462221026420593,0.9204425811767578
33,exact,0.9407567977905273,0.9266670942306519,0.5277066230773926,0.8688390254974365
33,nn,0.966494083404541,0.8134130239486694,0.5044650435447693,0.904089629650116
33,gauss,0.8040732741355896,0.7885773181915283,0.4935719668865204,0.8358787298202515
33,uniform,0.9079291224479675,0.778297483921051,0.4856717884540558,0.8702870011329651
33,random,1.3638200759887695,0.9144487380981445,0.4999018907546997,0.9503735303878784
33,pixel_linear,0.8857618570327759,0.8507859706878662,0.5605066418647766,0.2516848146915436
33,texton_linear,0.8414994478225708,0.9425737261772156,0.5828439593315125,0.0
34,ot,1.0536739826202393,0.9042826890945435,0.3443542420864105,0.8748559355735779
34,ot_sharp,1.0538337230682373,0.9240474104881287,0.3396438956260681,0.8867654800415039
34,exact,0.9114453196525574,0.7851525545120239,0.4273912310600281,0.8986856341362
34,nn,0.8492797613143921,0.8164425492286682,0.43985745310783386,0.9156730771064758
34,gauss,0.9419199228286743,0.9676737189292908,0.28077298402786255,0.8771914839744568
34,uniform,1.0148407220840454,0.9734029173851013,0.331528902053833,0.9832653999328613
34,random,1.031031847000122,1.0002663135528564,0.44808119535446167,0.9441695809364319
34,pixel_linear,0.9204210042953491,0.7907044887542725,0.4248987138271332,0.21965940296649933
34,texton_linear,0.9449210166931152,0.8254696726799011,0.46261465549468994,0.0
35,ot,1.2348309755325317,0.8277004361152649,0.3663114905357361,0.8116346597671509
35,ot_sharp,1.2289351224899292,0.8023585081100464,0.3699629306793213,0.785255491733551
35,exact,1.1295920610427856,0.8945418000221252,0.435323029756546,0.8317631483078003
35,nn,1.088979721069336,0.855015754699707,0.3927960693836212,0.7674039602279663
35,gauss,1.1346696615219116,0.8801130652427673,0.38469719886779785,0.6995022296905518
35,uniform,1.1001801490783691,0.808713972568512,0.39510056376457214,0.8496963381767273
35,random,1.3410296440124512,1.0505262613296509,0.44773900508880615,1.001338005065918
35,pixel_linear,1.1217483282089233,0.8759863972663879,0.4536800980567932,0.2628534734249115
35,texton_linear,1.0642387866973877,0.8052361607551575,0.4482821524143219,0.0
36,ot,0.8658628463745117,0.8742716312408447,0.48714959621429443,0.8459354639053345
36,ot_sharp,0.8994805812835693,0.8923314213752747,0.30488550662994385,1.0504356622695923
36,exact,0.9046797156333923,0.9056544899940491,0.49018993973731995,0.8744157552719116
36,nn,0.8159534335136414,0.8403988480567932,0.4894881248474121,0.9263337850570679
36,gauss,0.9260562062263489,0.9757959246635437,0.4616462290287018,0.7731552720069885
36,uniform,0.7773752808570862,0.9382222294807434,0.510694146156311,0.9010654091835022
36,random,0.9987183213233948,0.9130523204803467,0.5031005144119263,1.0705734491348267
36,pixel_linear,0.9110734462738037,0.976719081401825,0.5446270704269409,0.4632321894168854
36,texton_linear,0.9561651945114136,0.9172412157058716,0.5322659015655518,0.0
37,ot,0.9349448084831238,0.906259298324585,0.4838794767856598,0.8712406158447266
37,ot_sharp,0.9552813768386841,0.9052081108093262,0.47010838985443115,0.8761462569236755
37,exact,0.8407961130142212,0.8989286422729492,0.49560439586639404,0.9650691151618958
37,nn,0.9518791437149048,0.9411271810531616,0.4992409944534302,0.8768967390060425
37,gauss,0.9954354166984558,0.8224564790725708,0.4698805809020996,0.783536434173584
37,uniform,0.9900164008140564,0.8668031096458435,0.39872002601623535,0.9357070922851562
37,random,1.1148779392242432,1.0405508279800415,0.5364623069763184,1.0538581609725952
37,pixel_linear,0.8332672119140625,0.8289223909378052,0.5521125793457031,0.27661773562431335
37,texton_linear,0.9022875428199768,0.8593528270721436,0.4367729425430298,0.0
38,ot,0.8678907752037048,0.9078415632247925,0.3763491213321686,0.8275357484817505
38,ot_sharp,0.8199489116668701,0.862703263759613,0.3533702492713928,0.6858314275741577
38,exact,1.1034928560256958,0.8553138971328735,0.4173940420150757,0.9249070286750793
38,nn,0.8228400945663452,0.8717593550682068,0.4565163552761078,1.1020748615264893
38,gauss,0.9386141300201416,0.8370668292045593,0.42430728673934937,0.8479288220405579
38,uniform,0.8893039226531982,0.9340605735778809,0.4039851129055023,0.8315714001655579
38,random,1.052019476890564,0.9725173711776733,0.427423894405365,1.0225030183792114
38,pixel_linear,0.7576937675476074,1.057693600654602,0.6361731290817261,0.22115494310855865
38,texton_linear,0.8674662709236145,0.8833541870117188,0.4715586006641388,0.0
39,ot,0.7670043706893921,0.837651252746582,0.5053257346153259,0.7291902899742126
39,ot_sharp,0.740902841091156,0.8179407715797424,0.5209113359451294,0.6542432904243469
39,exact,0.7223402261734009,0.8171461820602417,0.5531671047210693,0.5676284432411194
39,nn,0.8104429244995117,0.8187094330787659,0.5552060008049011,0.5776782035827637
39,gauss,0.7287182807922363,0.8421915769577026,0.4550355076789856,0.6348465085029602
39,uniform,0.8802632093429565,0.7774792909622192,0.4716280996799469,0.8836745619773865
39,random,0.8835667371749878,0.9079987406730652,0.5486384034156799,0.9603866338729858
39,pixel_linear,0.7335740923881531,0.8595349192619324,0.5025123953819275,0.43701499700546265
39,texton_linear,0.8430799245834351,0.816875696182251,0.5214409232139587,0.0
40,ot,0.8673796653747559,0.9103559255599976,0.39947789907455444,0.9256405830383301
40,ot_sharp,0.8796223402023315,0.8663747906684875,0.3835524022579193,0.8711698055267334
40,exact,0.7191367149353027,0.883946418762207,0.4424598217010498,0.9379276037216187
40,nn,0.8093979358673096,0.8998599648475647,0.42309364676475525,0.8687095642089844
40,gauss,0.8213427066802979,0.8878630995750427,0.37234488129615784,0.9207693338394165
40,uniform,0.8150676488876343,0.8945496678352356,0.36482250690460205,0.9488162994384766
40,random,0.8696321845054626,0.8853906989097595,0.4833226203918457,1.0421273708343506
40,pixel_linear,0.8963508009910583,0.9487541317939758,0.4802708029747009,0.3306533992290497
40,texton_linear,0.8035630583763123,0.8703668117523193,0.49474963545799255,0.0
41,ot,0.9394160509109497,0.7766417264938354,0.4855770468711853,0.729877769947052
41,ot_sharp,0.9709699153900146,0.7976288199424744,0.522998571395874,0.7420289516448975
41,exact,0.9273994565010071,0.8704360723495483,0.5905497670173645,0.5895640850067139
41,nn,0.8855485916137695,0.8905683755874634,0.5431399345397949,0.5211690068244934
41,gauss,0.8991717100143433,0.8995744585990906,0.5073933005332947,0.6240841746330261
41,uniform,0.9167173504829407,0.7666026949882507,0.4325461685657501,0.7464706897735596
41,random,1.023436188697815,0.9262995719909668,0.5100594162940979,0.8985132575035095
41,pixel_linear,0.9064804315567017,0.9483113288879395,0.5961900353431702,0.18520760536193848
41,texton_linear,0.8730488419532776,0.8756905794143677,0.5256563425064087,0.0
42,ot,0.9313764572143555,0.8056739568710327,0.3945589065551758,1.089782476425171
42,ot_sharp,0.8949347138404846,0.811053454875946,0.39848944544792175,1.052912950515747
42,exact,0.8911966681480408,0.8380241990089417,0.4652170240879059,1.0096927881240845
42,nn,1.000352382659912,0.7970079183578491,0.4652523100376129,1.013668179512024
42,gauss,0.833610475063324,0.8183156847953796,0.3836880326271057,0.8965237736701965
42,uniform,0.8632602691650391,0.8161150217056274,0.41576501727104187,1.1275285482406616
42,random,0.9166001081466675,0.8539291620254517,0.46527206897735596,1.1489529609680176
42,pixel_linear,0.8875725865364075,0.7877890467643738,0.46693652868270874,0.31236380338668823
42,texton_linear,0.8135225772857666,0.7636350393295288,0.44230732321739197,0.0
43,ot,0.6163623929023743,0.8408684134483337,0.28769567608833313,1.1964387893676758
43,ot_sharp,0.6768099665641785,0.8115097284317017,0.30235955119132996,1.0209341049194336
43,exact,0.776261031627655,0.8219130635261536,0.375173419713974,0.9598678946495056
43,nn,0.8028530478477478,0.7859793901443481,0.4860633611679077,1.015606164932251
43,gauss,0.7992811799049377,0.79690021276474,0.3480771780014038,0.8966811895370483
43,uniform,0.6602512001991272,0.8417093753814697,0.29076915979385376,1.248958706855774
43,random,0.931706428527832,0.819259524345398,0.4013749957084656,1.2770766019821167
43,pixel_linear,0.7653779983520508,0.782127320766449,0.41685259342193604,0.3055447041988373
43,texton_linear,0.7378737926483154,0.8331043720245361,0.4988980293273926,0.0
44,ot,0.9968114495277405,0.763108491897583,0.47473224997520447,0.96663898229599
44,ot_sharp,1.034238338470459,0.7698145508766174,0.4052201211452484,1.0569514036178589
44,exact,1.016161322593689,0.792229950428009,0.4304627776145935,0.9454534649848938
44,nn,0.969590961933136,0.8432343006134033,0.4119333028793335,1.0136497020721436
44,gauss,0.9718011021614075,0.7445524334907532,0.45920124650001526,0.9055857062339783
44,uniform,0.9158620834350586,0.8207926750183105,0.41884031891822815,1.0249407291412354
44,random,1.2581161260604858,1.0185257196426392,0.44206711649894714,1.007250189781189
44,pixel_linear,1.0376464128494263,0.7469342947006226,0.5553991198539734,0.33603495359420776
44,texton_linear,1.0109747648239136,0.7583127021789551,0.5031529068946838,0.0
45,ot,1.0160658359527588,0.899104118347168,0.40240219235420227,0.8900814056396484
45,ot_sharp,1.0976916551589966,0.8883001208305359,0.42458757758140564,0.8642125129699707
45,exact,1.0870466232299805,0.8597261309623718,0.5024518370628357,0.7258244752883911
45,nn,1.0742782354354858,0.8791688680648804,0.499492883682251,0.6565185189247131
45,gauss,1.0392357110977173,0.8569172620773315,0.4239771068096161,0.6793373823165894
45,uniform,1.0636025667190552,0.8659763336181641,0.36374571919441223,1.0021917819976807
45,random,1.1593631505966187,0.837199866771698,0.469878613948822,1.0082206726074219
45,pixel_linear,1.0365012884140015,0.8548539280891418,0.44133976101875305,0.2877490222454071
45,texton_linear,1.0835089683532715,0.8638004064559937,0.47812312841415405,0.0
46,ot,1.0636061429977417,0.8773572444915771,0.3442832827568054,1.0276203155517578
46,ot_sharp,1.0248780250549316,0.8452234268188477,0.37669578194618225,0.975927472114563
46,exact,1.2427310943603516,0.7961904406547546,0.4176826775074005,1.0215424299240112
46,nn,1.1886696815490723,1.0149645805358887,0.32264047861099243,0.9590680599212646
46,gauss,1.1312506198883057,1.023413062095642,0.36702102422714233,0.9371718168258667
46,uniform,1.088822603225708,0.8979220390319824,0.330170214176178,1.1030625104904175
46,random,1.2441530227661133,1.1600158214569092,0.3556158244609833,1.088625192642212
46,pixel_linear,1.1320358514785767,0.8428718447685242,0.4554317891597748,0.3603881299495697
46,texton_linear,0.9723712801933289,0.7843824625015259,0.49215424060821533,0.0
47,ot,0.9030247330665588,0.8715131282806396,0.464151531457901,0.911034882068634
47,ot_sharp,0.9414892196655273,0.8906002044677734,0.46204298734664917,0.8558772206306458
47,exact,0.9010546803474426,0.9254393577575684,0.4605683982372284,0.8532693386077881
47,nn,0.879647433757782,0.900895357131958,0.4661019742488861,0.8410584926605225
47,gauss,0.960578441619873,0.7702265977859497,0.37200847268104553,0.8614611029624939
47,uniform,0.8346332907676697,0.8592205047607422,0.43521931767463684,1.0337728261947632
47,random,0.8424881100654602,0.9165059924125671,0.4558590054512024,1.0674105882644653
47,pixel_linear,0.8714350461959839,0.8535182476043701,0.5041142106056213,0.19588449597358704
47,texton_linear,0.9515811204910278,0.8635063767433167,0.4625928997993469,0.0
48,ot,0.8465268015861511,0.7337474226951599,0.49342620372772217,0.8124568462371826
48,ot_sharp,0.8986707925796509,0.7532809376716614,0.4851030111312866,0.7385025024414062
48,exact,0.948697566986084,0.7926572561264038,0.49511638283729553,0.8371437788009644
48,nn,0.8057336211204529,0.7738176584243774,0.4821435511112213,0.669445812702179
48,gauss,0.898461103439331,0.764447033405304,0.4511346220970154,0.7279601097106934
48,uniform,0.8173543214797974,0.7362882494926453,0.4887848198413849,0.8975471258163452
48,random,0.9438554644584656,0.9486229419708252,0.4698967933654785,0.9897741675376892
48,pixel_linear,0.8073862791061401,0.7351943254470825,0.4895080029964447,0.2815459668636322
48,texton_linear,0.7720508575439453,0.749906063079834,0.5227305889129639,0.0
49,ot,1.0056509971618652,0.8519923686981201,0.3795713186264038,0.797600507736206
49,ot_sharp,0.9469153881072998,0.7867559194564819,0.3840199410915375,0.6790601015090942
49,exact,0.988882839679718,0.8293363451957703,0.4168209433555603,0.6632698774337769
49,nn,1.01695716381073,0.7718642950057983,0.45280691981315613,0.7848535180091858
49,gauss,1.0289846658706665,0.8340021967887878,0.3486555814743042,0.9235317707061768
49,uniform,0.8458391427993774,0.7847157716751099,0.43917185068130493,0.9202900528907776
49,random,0.9261256456375122,0.9237735867500305,0.5250176787376404,0.9248324036598206
49,pixel_linear,0.914290189743042,0.8527864813804626,0.3965073823928833,0.2842702865600586
49,texton_linear,0.9845303297042847,0.9251378178596497,0.5864763259887695,0.0
50,ot,0.8029628992080688,0.7242523431777954,0.3717835545539856,0.9586250185966492
50,ot_sharp,0.823525607585907,0.7134098410606384,0.40933141112327576,0.8675624132156372
50,exact,0.979820728302002,0.7597422003746033,0.45415616035461426,0.9038175940513611
50,nn,0.8579686880111694,0.8202067017555237,0.4694069027900696,0.7960164546966553
50,gauss,0.8621150851249695,0.7480750679969788,0.30428752303123474,0.8123317956924438
50,uniform,0.8857764601707458,0.8185498714447021,0.3750722408294678,0.9748889207839966
50,random,0.9945201277732849,0.9327750205993652,0.44409438967704773,1.0464519262313843
50,pixel_linear,1.1240885257720947,0.8299336433410645,0.5364232659339905,0.23628965020179749
50,texton_linear,1.098336935043335,0.8771306872367859,0.6142458319664001,0.0
51,ot,0.9990419149398804,0.8382946252822876,0.38502398133277893,0.3786168396472931
51,ot_sharp,0.9969881772994995,0.8017801642417908,0.40797632932662964,0.33156752586364746
51,exact,0.9899266362190247,0.8404401540756226,0.43467265367507935,0.581063449382782
51,nn,0.9018217921257019,0.8644689917564392,0.4447404444217682,0.6174572110176086
51,gauss,0.9760481119155884,0.7684473991394043,0.38158106803894043,0.6974114179611206
51,uniform,0.9880359768867493,0.8120841383934021,0.417728066444397,0.7448740601539612
51,random,1.0887364149093628,1.047097086906433,0.49045270681381226,1.0190662145614624
51,pixel_linear,0.8359459638595581,0.8262476325035095,0.5325246453285217,0.19675908982753754
51,texton_linear,0.9120180606842041,0.796867847442627,0.5098621249198914,0.0
52,ot,0.9543634653091431,0.8262321352958679,0.4133884906768799,0.8754539489746094
52,ot_sharp,0.8635462522506714,0.8286889791488647,0.41171321272850037,0.7885000109672546
52,exact,1.0464529991149902,0.8609570264816284,0.3892061710357666,0.8655836582183838
52,nn,1.0773396492004395,0.8997214436531067,0.3985804617404938,0.8293969631195068
52,gauss,0.9150382876396179,0.828848659992218,0.36042776703834534,0.8369609117507935
52,uniform,0.9182894229888916,0.8908359408378601,0.3935908079147339,0.9505961537361145
52,random,1.4548981189727783,0.9567546844482422,0.43744128942489624,0.9886861443519592
52,pixel_linear,0.8736088275909424,0.8485224843025208,0.46893972158432007,0.18854138255119324
52,texton_linear,0.8546895384788513,0.8059097528457642,0.5778780579566956,0.0
53,ot,1.0317398309707642,1.1023786067962646,0.3061682879924774,0.8993894457817078
53,ot_sharp,1.0942325592041016,1.088223934173584,0.33821845054626465,0.9190682768821716
53,exact,0.9908703565597534,0.9774050116539001,0.4238086938858032,0.8236364722251892
53,nn,1.0471237897872925,1.0217570066452026,0.3585410416126251,0.8710929155349731
53,gauss,1.070107102394104,1.0824122428894043,0.2982276678085327,0.7992494106292725
53,uniform,1.034324049949646,1.069738507270813,0.31293487548828125,0.9834544062614441
53,random,1.0438095331192017,0.9508066773414612,0.44633814692497253,1.1195619106292725
53,pixel_linear,0.9265064597129822,0.897487998008728,0.49698856472969055,0.3905498683452606
53,texton_linear,0.8832274079322815,0.8987690210342407,0.47502443194389343,0.0
54,ot,0.8562811613082886,0.8182390332221985,0.4528145492076874,0.7878845930099487
54,ot_sharp,0.9421664476394653,0.8268499374389648,0.4418066740036011,0.7426214814186096
54,exact,1.0060256719589233,0.8471249341964722,0.4441840648651123,0.7183197736740112
54,nn,0.9344080686569214,0.9043920636177063,0.47494709491729736,0.7500770092010498
54,gauss,0.9242072701454163,0.7810260057449341,0.3395639955997467,0.7340378761291504
54,uniform,0.8583855032920837,0.8030285239219666,0.41872653365135193,0.9686982035636902
54,random,1.0476611852645874,0.876488983631134,0.42304661870002747,1.1352535486221313
54,pixel_linear,0.941124677658081,0.8275541663169861,0.4942774176597595,0.2582714557647705
54,texton_linear,0.9266873002052307,0.8351631760597229,0.5160622596740723,0.0
55,ot,0.7439674139022827,0.8217844367027283,0.36818286776542664,0.8610976934432983
55,ot_sharp,0.7720749378204346,0.8183556199073792,0.4024496376514435,0.7181726694107056
55,exact,0.8314070701599121,0.8054841756820679,0.4514020085334778,0.6845414042472839
55,nn,0.9132602214813232,0.8448292016983032,0.48321184515953064,0.7278413772583008
55,gauss,0.8367539048194885,0.7859705686569214,0.3674785792827606,0.8064196109771729
55,uniform,0.8032601475715637,0.8480348587036133,0.2970142960548401,0.8830296397209167
55,random,1.04533052444458,0.8570066690444946,0.5041980147361755,0.9239879250526428
55,pixel_linear,0.9353070259094238,0.892425537109375,0.5612480640411377,0.16241197288036346
55,texton_linear,0.9145178198814392,0.9079225659370422,0.5495558381080627,0.0
56,ot,0.8556792736053467,0.8995330333709717,0.4672524333000183,0.86927729845047
56,ot_sharp,0.8708135485649109,0.8649758696556091,0.48203855752944946,0.8057525157928467
56,exact,1.0762521028518677,0.8556928634643555,0.4617822766304016,0.8931483030319214
56,nn,0.9350394606590271,0.8682218790054321,0.4873574674129486,0.8573551177978516
56,gauss,0.9153307676315308,0.8431486487388611,0.47862473130226135,0.8313391804695129
56,uniform,0.8694869875907898,0.8302883505821228,0.433531790971756,0.9005995988845825
56,random,0.9374402165412903,0.9470498561859131,0.4809686541557312,0.9890406727790833
56,pixel_linear,0.8196924328804016,0.8055450320243835,0.5459758639335632,0.24011503159999847
56,texton_linear,0.6495964527130127,0.9003540277481079,0.4754520058631897,0.0
57,ot,0.858464777469635,0.7943634390830994,0.4496515691280365,0.918947160243988
57,ot_sharp,0.8125607967376709,0.8016175627708435,0.4621976613998413,0.8614693284034729
57,exact,0.9105604887008667,0.7735775709152222,0.4556333124637604,0.9054280519485474
57,nn,0.8480479717254639,0.8236533999443054,0.4747622311115265,0.8647453784942627
57,gauss,0.817766010761261,0.7688761949539185,0.4419952929019928,0.8531354665756226
57,uniform,0.8326847553253174,0.7972476482391357,0.4033471941947937,1.0251545906066895
57,random,1.0671732425689697,0.9279370903968811,0.5146022439002991,1.0179558992385864
57,pixel_linear,0.7350620627403259,0.8099647164344788,0.5056708455085754,0.4349023103713989
57,texton_linear,0.8391993641853333,0.7598516345024109,0.571573793888092,0.0
58,ot,0.8550151586532593,0.7708137035369873,0.4079040586948395,0.7654985189437866
58,ot_sharp,0.9329351782798767,0.7689606547355652,0.4160400629043579,0.792734682559967
58,exact,0.9460444450378418,0.7888798713684082,0.524906575679779,0.8454321026802063
58,nn,0.9280945658683777,0.7558313608169556,0.5176874399185181,0.8146625757217407
58,gauss,0.9397547841072083,0.8402208685874939,0.34520915150642395,0.898614764213562
58,uniform,0.8447006940841675,0.8276923894882202,0.37074220180511475,0.7703068852424622
58,random,1.0359032154083252,0.8833838701248169,0.48634546995162964,0.9253904223442078
58,pixel_linear,0.8481599688529968,0.7676659822463989,0.5337085723876953,0.2959969639778137
58,texton_linear,1.025526762008667,0.7385203838348389,0.5330804586410522,0.0
59,ot,0.9304538369178772,0.8046700954437256,0.4843946397304535,0.7113175392150879
59,ot_sharp,0.9661666750907898,0.7937008738517761,0.4635440707206726,0.7512071132659912
59,exact,0.9438776969909668,0.8113470673561096,0.4702950417995453,0.7501178979873657
59,nn,0.9931498765945435,0.8215877413749695,0.47313088178634644,0.7240123152732849
59,gauss,0.8924304246902466,0.7784016728401184,0.4227466583251953,0.7534173727035522
59,uniform,0.843817949295044,0.8038625717163086,0.47614437341690063,0.7935181260108948
59,random,1.1186745166778564,0.949587345123291,0.4992104470729828,1.0020769834518433
59,pixel_linear,0.8840983510017395,0.8016754984855652,0.46301352977752686,0.24777983129024506
59,texton_linear,0.7642171382904053,0.8754832744598389,0.5379624366760254,0.0
60,ot,0.9106339812278748,0.900940477848053,0.3423958420753479,0.9455012083053589
60,ot_sharp,1.0175731182098389,0.9323526620864868,0.37352266907691956,0.957204282283783
60,exact,0.9837149977684021,0.9404352307319641,0.38320961594581604,0.9217320680618286
60,nn,1.0188982486724854,0.9488035440444946,0.40575599670410156,0.8635807037353516
60,gauss,0.9743708372116089,0.9027187824249268,0.38318318128585815,0.9028564095497131
60,uniform,0.9407421946525574,0.8611183762550354,0.3808385729789734,0.9648115634918213
60,random,1.1283092498779297,0.9418787956237793,0.3900602161884308,1.099272608757019
60,pixel_linear,0.8678571581840515,0.9029932022094727,0.5284765362739563,0.3533308207988739
60,texton_linear,0.8260251879692078,0.8451595306396484,0.4658629894256592,0.0
61,ot,0.7891494631767273,0.8003678917884827,0.46957024931907654,0.9982314705848694
61,ot_sharp,0.7836084961891174,0.7630348801612854,0.4801960587501526,0.9570901989936829
61,exact,0.8649025559425354,0.8490703105926514,0.4663778245449066,1.0183552503585815
61,nn,0.8645612597465515,0.8231313228607178,0.45738837122917175,0.9577853083610535
61,gauss,0.8068702816963196,0.7855691909790039,0.4777982831001282,0.8735501766204834
61,uniform,0.8642045855522156,0.861616313457489,0.42702409625053406,0.9950067400932312
61,random,1.0134063959121704,0.9703312516212463,0.46489840745925903,1.0738025903701782
61,pixel_linear,0.8979151844978333,0.7692638635635376,0.5522711277008057,0.21555478870868683
61,texton_linear,1.0024724006652832,0.9685055017471313,0.5694809556007385,0.0
62,ot,0.8305171132087708,0.8060909509658813,0.3942839503288269,0.7708889842033386
62,ot_sharp,0.7700660824775696,0.7599560022354126,0.41947072744369507,0.7630823254585266
62,exact,0.8138229250907898,0.7839720845222473,0.45434629917144775,0.794197678565979
62,nn,0.8369424939155579,0.7971379160881042,0.4395608901977539,0.9007096290588379
62,gauss,0.8097718954086304,0.7158092856407166,0.4116978049278259,0.8583494424819946
62,uniform,0.8747841119766235,0.8185576796531677,0.38699230551719666,0.8658892512321472
62,random,0.9691874384880066,0.9154600501060486,0.46308255195617676,0.9297057390213013
62,pixel_linear,0.8950833678245544,0.8220569491386414,0.46078142523765564,0.4776521623134613
62,texton_linear,0.7990930676460266,0.8762819170951843,0.48127907514572144,0.0
63,ot,0.7636542916297913,0.8718900084495544,0.2999277412891388,0.9745742678642273
63,ot_sharp,0.8689035773277283,0.9222423434257507,0.2818053960800171,0.8959063291549683
63,exact,0.9456018209457397,0.9446297883987427,0.3240911066532135,0.9541889429092407
63,nn,0.8399404883384705,0.8844538927078247,0.33932414650917053,0.950068473815918
63,gauss,0.8090681433677673,0.9139561653137207,0.31649085879325867,0.8344422578811646
63,uniform,0.9171034097671509,0.8902666568756104,0.3172042965888977,0.9611713290214539
63,random,1.1043587923049927,0.9956274032592773,0.4383249580860138,1.0288312435150146
63,pixel_linear,0.8970611691474915,0.7827771306037903,0.36294588446617126,0.22679707407951355
63,texton_linear,0.9371667504310608,0.8376392126083374,0.5034747123718262,0.0
64,ot,0.9561118483543396,0.7491281032562256,0.40065690875053406,0.5571692585945129
64,ot_sharp,0.8916717767715454,0.7453661561012268,0.42207565903663635,0.5756165981292725
64,exact,0.866743803024292,0.7451496124267578,0.44175562262535095,0.5201886296272278
64,nn,0.868073582649231,0.754213273525238,0.41778016090393066,0.6051965951919556
64,gauss,0.9108603596687317,0.7539360523223877,0.37604188919067383,0.8306315541267395
64,uniform,0.8442212343215942,0.744498610496521,0.4156414866447449,0.5522423386573792
64,random,1.065083384513855,0.9145835041999817,0.5607015490531921,0.6535148620605469
64,pixel_linear,0.8897307515144348,0.7787750959396362,0.421291708946228,0.22471076250076294
64,texton_linear,0.9512262344360352,0.8796530961990356,0.48315638303756714,0.0
65,ot,1.3250770568847656,0.8719092607498169,0.38961663842201233,0.934665858745575
65,ot_sharp,1.2951558828353882,0.8714704513549805,0.3838554620742798,0.914694607257843
65,exact,1.1921638250350952,0.8745363354682922,0.42242753505706787,0.6570757031440735
65,nn,1.0931570529937744,0.8721362352371216,0.47853225469589233,0.7797715663909912
65,gauss,1.1804605722427368,0.8148225545883179,0.3608066737651825,0.7135417461395264
65,uniform,1.0244557857513428,0.8883216381072998,0.44916489720344543,0.9121129512786865
65,random,1.085536241531372,0.853219747543335,0.47059422731399536,0.9232153296470642
65,pixel_linear,1.0527830123901367,0.8342025279998779,0.43611982464790344,0.3393542170524597
65,texton_linear,0.9534806609153748,0.8719147443771362,0.44882985949516296,0.0
66,ot,1.0796383619308472,0.9380548596382141,0.362474650144577,0.8332783579826355
66,ot_sharp,1.0770013332366943,0.9313669204711914,0.3587040305137634,0.8212561011314392
66,exact,1.055859923362732,0.9060181975364685,0.5374122262001038,0.7800415754318237
66,nn,1.0679210424423218,0.8123519420623779,0.47387000918388367,0.6693081855773926
66,gauss,1.1152063608169556,1.0366778373718262,0.2596711814403534,0.5561167597770691
66,uniform,1.0756421089172363,0.9150500893592834,0.3978968560695648,0.8967586159706116
66,random,1.0488941669464111,0.93600994348526,0.5863922238349915,0.883465588092804
66,pixel_linear,0.9837411642074585,0.8575220704078674,0.46593308448791504,0.29883190989494324
66,texton_linear,1.0613172054290771,0.8924104571342468,0.5515515804290771,0.0
67,ot,0.8092694878578186,0.9362083077430725,0.43960246443748474,0.7630661725997925
67,ot_sharp,0.7877737283706665,0.9645093083381653,0.4737328588962555,0.7326321005821228
67,exact,0.8465437293052673,0.8826656937599182,0.47931841015815735,0.6834580302238464
67,nn,0.8158115148544312,0.8558000922203064,0.4981447756290436,0.7577294707298279
67,gauss,0.7703191637992859,0.8870872855186462,0.44405248761177063,0.7167844176292419
67,uniform,0.7590376138687134,0.9074807167053223,0.4558020830154419,0.8599225878715515
67,random,0.9498480558395386,0.8929699063301086,0.5223643779754639,0.9625142812728882
67,pixel_linear,0.7583184242248535,1.0358268022537231,0.46596789360046387,0.26909828186035156
67,texton_linear,0.7820248603820801,0.905367374420166,0.4847486615180969,0.0
68,ot,0.9704140424728394,1.0573221445083618,0.38455235958099365,0.5478422045707703
68,ot_sharp,0.9687765836715698,1.0328245162963867,0.4031674563884735,0.5327455401420593
68,exact,0.8397461175918579,0.9742056727409363,0.4120159447193146,0.5902332067489624
68,nn,1.012961745262146,1.0299814939498901,0.38233375549316406,0.5503671765327454
68,gauss,0.9560316205024719,0.9910063743591309,0.36365795135498047,0.9508155584335327
68,uniform,1.0728245973587036,0.9787352681159973,0.38074028491973877,0.7650418281555176
68,random,0.8568711280822754,0.9446555972099304,0.41783177852630615,0.6809919476509094
68,pixel_linear,0.9231297373771667,0.9096574187278748,0.41680797934532166,0.23460902273654938
68,texton_linear,0.9804810881614685,0.9188754558563232,0.4109240770339966,0.0
69,ot,0.8522612452507019,0.778701663017273,0.417457640171051,0.6843045949935913
69,ot_sharp,0.8445473909378052,0.7783337831497192,0.40487605333328247,0.6630879640579224
69,exact,0.9822112321853638,0.8047179579734802,0.4717322885990143,0.46805301308631897
69,nn,1.0288954973220825,0.8951264023780823,0.5634636878967285,0.4930700361728668
69,gauss,0.8485474586486816,0.7852543592453003,0.40404313802719116,0.7205148339271545
69,uniform,0.8095251321792603,0.7700287103652954,0.38723456859588623,0.7913357615470886
69,random,0.8928676247596741,0.8195624351501465,0.4886457622051239,0.906758189201355
69,pixel_linear,0.8852390050888062,0.8529965877532959,0.5979251265525818,0.11335058510303497
69,texton_linear,0.9089264273643494,0.8680186867713928,0.5810806751251221,0.0
70,ot,0.8955491781234741,0.8575509786605835,0.5172380208969116,0.7660263180732727
70,ot_sharp,0.9226365685462952,0.8680553436279297,0.5174932479858398,0.7683708071708679
70,exact,0.8669371604919434,0.9497511386871338,0.5318154692649841,0.6701802611351013
70,nn,0.8371195197105408,0.8804773092269897,0.5305650234222412,0.6948480606079102
70,gauss,0.8536940217018127,0.845413863658905,0.41630563139915466,0.5596300363540649
70,uniform,0.844788134098053,0.8585268259048462,0.5031819343566895,0.8127100467681885
70,random,1.0176292657852173,1.0017935037612915,0.5613046288490295,0.9446920156478882
70,pixel_linear,0.961138129234314,0.9303070902824402,0.5227571129798889,0.3396546244621277
70,texton_linear,0.9493057131767273,0.9326887726783752,0.5335331559181213,0.0
71,ot,0.8768265247344971,0.8848720192909241,0.34404924511909485,1.1323286294937134
71,ot_sharp,0.9204607605934143,0.8883610367774963,0.36259496212005615,1.0652621984481812
71,exact,1.002387285232544,0.9251042008399963,0.4271630644798279,1.0768647193908691
71,nn,0.8529375791549683,0.8763757348060608,0.42946165800094604,1.094430923461914
71,gauss,0.9229642748832703,0.8801417350769043,0.3536204397678375,1.003035306930542
71,uniform,0.9320923089981079,0.9315055012702942,0.34735357761383057,1.1678550243377686
71,random,0.8709222674369812,0.927947461605072,0.4378434121608734,1.19879150390625
71,pixel_linear,0.8751851916313171,0.8580449223518372,0.470515638589859,0.16416014730930328
71,texton_linear,0.7946076393127441,0.8812336325645447,0.47762763500213623,0.0
72,ot,1.0672953128814697,0.8174699544906616,0.44152161478996277,0.7704346179962158
72,ot_sharp,0.9914167523384094,0.8150306940078735,0.4498226046562195,0.7382928729057312
72,exact,0.9792924523353577,0.8294739127159119,0.4487592279911041,0.7036423683166504
72,nn,0.8620213270187378,0.8464460968971252,0.473716139793396,0.7369104027748108
72,gauss,0.8699076771736145,0.7907888293266296,0.3606911599636078,0.7466984391212463
72,uniform,1.0507729053497314,0.8067047595977783,0.40735262632369995,0.8109493851661682
72,random,1.032226324081421,0.9097822308540344,0.4470008611679077,0.9589919447898865
72,pixel_linear,1.1035447120666504,0.8876222372055054,0.5358954071998596,0.30917152762413025
72,texton_linear,0.9225513935089111,0.8578619360923767,0.5351510643959045,0.0
73,ot,0.8884721994400024,0.8486810326576233,0.3845456540584564,0.9112414717674255
73,ot_sharp,0.930228054523468,0.8292140364646912,0.3829919099807739,0.8851154446601868
73,exact,1.0277408361434937,0.8510757088661194,0.42506977915763855,0.8102754950523376
73,nn,0.9283902645111084,0.8562476634979248,0.4471534192562103,0.7665621638298035
73,gauss,0.9477885961532593,0.8843392729759216,0.3370263874530792,0.8249081373214722
73,uniform,0.7828102707862854,0.8521576523780823,0.3522367477416992,0.8942665457725525
73,random,0.914349377155304,0.8417059779167175,0.4279192090034485,1.087533712387085
73,pixel_linear,0.9125407338142395,0.855694591999054,0.4790898263454437,0.2070503979921341
73,texton_linear,0.7872323989868164,0.8627161979675293,0.4611566960811615,0.0
74,ot,1.0409218072891235,0.9178133606910706,0.3397238254547119,1.0211459398269653
74,ot_sharp,1.0190364122390747,0.927989661693573,0.33929765224456787,0.9204204082489014
74,exact,0.8944708704948425,0.8797041177749634,0.4253907799720764,1.0001239776611328
74,nn,0.9434061050415039,0.8593999147415161,0.4670385420322418,1.053247332572937
74,gauss,0.9534905552864075,0.9600082039833069,0.2943609952926636,0.936588704586029
74,uniform,0.9998485445976257,0.8586790561676025,0.41270747780799866,1.0216636657714844
74,random,0.9472407102584839,1.0294190645217896,0.43045005202293396,1.0803048610687256
74,pixel_linear,0.9689836502075195,0.8939372301101685,0.3720861077308655,0.3540897071361542
74,texton_linear,0.9336476922035217,0.8086991906166077,0.4291110038757324,0.0
75,ot,1.035558819770813,0.8692642450332642,0.42439019680023193,0.9826903939247131
75,ot_sharp,0.991473376750946,0.9199273586273193,0.3951604962348938,0.9311321377754211
75,exact,1.0642369985580444,1.0056573152542114,0.43931394815444946,0.9484456181526184
75,nn,1.093442678451538,0.8496920466423035,0.4264838695526123,0.9766562581062317
75,gauss,0.9446142315864563,0.8614163398742676,0.3966796398162842,0.9375718832015991
75,uniform,0.9448594450950623,0.7738583087921143,0.4538719356060028,0.9852858781814575
75,random,1.0157209634780884,0.956000030040741,0.44801756739616394,1.0206236839294434
75,pixel_linear,0.9596738219261169,0.830887496471405,0.43493354320526123,0.2940158247947693
75,texton_linear,0.8972122669219971,0.8079832196235657,0.5094854831695557,0.0
76,ot,0.9779413938522339,0.9189708828926086,0.5142233371734619,0.42164501547813416
76,ot_sharp,1.0085322856903076,0.9363433122634888,0.5105572938919067,0.44643518328666687
76,exact,1.0360643863677979,0.8839821815490723,0.506177544593811,0.42645999789237976
76,nn,0.9890978336334229,0.8757462501525879,0.4633888602256775,0.5130213499069214
76,gauss,0.9767569303512573,0.8236605525016785,0.4722391664981842,0.5147659778594971
76,uniform,1.0228705406188965,0.9283329844474792,0.4899156093597412,0.6553540825843811
76,random,1.0886216163635254,1.015943169593811,0.5289087891578674,0.8146436810493469
76,pixel_linear,1.0298131704330444,0.8618603944778442,0.48660969734191895,0.3901975154876709
76,texton_linear,1.0017794370651245,0.8892349600791931,0.5465514063835144,0.0
77,ot,0.9659218192100525,1.1080245971679688,0.2533685266971588,0.8362986445426941
77,ot_sharp,0.9729882478713989,1.0844439268112183,0.29701316356658936,0.8181319832801819
77,exact,0.9412816762924194,0.9540299773216248,0.35245463252067566,0.7730422019958496
77,nn,0.9667143225669861,0.9863889813423157,0.3355840742588043,0.7812032103538513
77,gauss,0.9846240282058716,1.1194015741348267,0.255708783864975,0.7500765323638916
77,uniform,0.8571334481239319,1.091343641281128,0.2590028941631317,0.8680868148803711
77,random,0.9397124648094177,0.9152181148529053,0.523332417011261,0.9336085319519043
77,pixel_linear,0.9002748727798462,1.020119309425354,0.28144174814224243,0.5481830835342407
77,texton_linear,0.8972131609916687,0.8217009902000427,0.5588952898979187,0.0
78,ot,0.8126771450042725,0.8486303687095642,0.5505571365356445,0.8028022646903992
78,ot_sharp,0.8674615025520325,0.7767937183380127,0.323160320520401,0.8050661683082581
78,exact,0.8915969133377075,0.8781895637512207,0.5807640552520752,0.709489107131958
78,nn,0.707425594329834,0.8002371788024902,0.5344282388687134,0.8513537645339966
78,gauss,0.8432260155677795,0.8133623600006104,0.5561833381652832,0.6574885249137878
78,uniform,0.8707557320594788,0.8185258507728577,0.5387818813323975,0.819408118724823
78,random,0.9961593151092529,0.8282737731933594,0.5247052311897278,0.9634283781051636
78,pixel_linear,0.9051167964935303,0.7487652897834778,0.7109411954879761,0.19619299471378326
78,texton_linear,0.8473033308982849,0.7779127955436707,0.6415655016899109,0.0
79,ot,0.973003625869751,0.8398926854133606,0.48398610949516296,0.7311354875564575
79,ot_sharp,0.9439921379089355,0.8879716396331787,0.5115907788276672,0.6754746437072754
79,exact,1.0862702131271362,0.8728960156440735,0.5441194176673889,0.5490650534629822
79,nn,1.0038012266159058,0.9655938744544983,0.5388140678405762,0.6517079472541809
79,gauss,0.9809988141059875,0.9606919884681702,0.4372735321521759,0.6108955144882202
79,uniform,0.8100928068161011,0.7881549000740051,0.44453203678131104,0.8965477347373962
79,random,0.937652051448822,0.987858772277832,0.5213534832000732,0.7814777493476868
79,pixel_linear,0.8704696893692017,0.8517311215400696,0.5886445641517639,0.19206543266773224
79,texton_linear,0.8652600646018982,0.8650773167610168,0.4747438430786133,0.0
80,ot,1.2362780570983887,0.9902663826942444,0.28433510661125183,1.0154956579208374
80,ot_sharp,1.3693057298660278,0.9588989615440369,0.3045749068260193,0.9356687068939209
80,exact,1.2864962816238403,0.9583423733711243,0.3089904487133026,0.8801931142807007
80,nn,1.0315035581588745,0.916266679763794,0.37323999404907227,0.9363239407539368
80,gauss,1.7213661670684814,0.9714195728302002,0.29316991567611694,0.804959774017334
80,uniform,1.463585376739502,1.0160577297210693,0.2939467132091522,1.041377305984497
80,random,1.1046197414398193,1.0244812965393066,0.5174046158790588,1.0366569757461548
80,pixel_linear,1.5058244466781616,0.9687416553497314,0.37800368666648865,0.3081945478916168
80,texton_linear,0.9911847114562988,0.8691459894180298,0.4248172342777252,0.0
81,ot,1.2053139209747314,0.8902299404144287,0.38976672291755676,0.9765361547470093
81,ot_sharp,1.159237265586853,0.9167307615280151,0.36333733797073364,0.9293174743652344
81,exact,0.9781452417373657,0.9937959909439087,0.3849531412124634,0.8943913578987122
81,nn,1.2055468559265137,0.9283386468887329,0.3791934549808502,0.8755318522453308
81,gauss,1.1415317058563232,0.9739059209823608,0.3982255458831787,0.798027753829956
81,uniform,1.1693309545516968,0.8359689712524414,0.42241519689559937,0.9996057748794556
81,random,1.0148788690567017,0.893077552318573,0.4195575714111328,1.0421949625015259
81,pixel_linear,1.1589003801345825,0.9068393707275391,0.4280041456222534,0.24920837581157684
81,texton_linear,0.9131706357002258,0.827359139919281,0.3560958504676819,0.0
82,ot,0.9993724226951599,0.862829864025116,0.43008744716644287,0.8356404900550842
82,ot_sharp,1.0233157873153687,0.8483254909515381,0.4245266020298004,0.8383472561836243
82,exact,1.0449020862579346,0.7808153629302979,0.4204193949699402,0.9039640426635742
82,nn,0.8783831000328064,0.8541924953460693,0.4259951114654541,0.8067112565040588
82,gauss,0.943854808807373,0.8483333587646484,0.3593633770942688,0.7750023603439331
82,uniform,0.9500557780265808,0.8276755809783936,0.4243491291999817,0.9762575626373291
82,random,1.0089170932769775,1.051957130432129,0.47964635491371155,0.9930980801582336
82,pixel_linear,0.9342746734619141,0.8716599941253662,0.5378471612930298,0.25552037358283997
82,texton_linear,0.9270992279052734,0.8781002759933472,0.48420748114585876,0.0
83,ot,1.0571506023406982,0.8501361608505249,0.46061670780181885,0.8256951570510864
83,ot_sharp,1.0899912118911743,0.8651225566864014,0.45651450753211975,0.7951578497886658
83,exact,0.960414707660675,0.8523280620574951,0.4521285891532898,0.9339125752449036
83,nn,1.1016558408737183,0.898112416267395,0.4630381166934967,0.9246587753295898
83,gauss,0.938449501991272,0.9251271486282349,0.4141135513782501,0.8356163501739502
83,uniform,0.8470542430877686,0.8668601512908936,0.4484834372997284,1.0005898475646973
83,random,1.1682206392288208,0.8882297277450562,0.4688938558101654,1.1677637100219727
83,pixel_linear,0.8278012275695801,0.8239997029304504,0.5436241626739502,0.22077757120132446
83,texton_linear,0.8256715536117554,0.8217266201972961,0.5064129829406738,0.0
84,ot,0.8710910081863403,0.7683706283569336,0.5376086831092834,0.8268568515777588
84,ot_sharp,0.9712883234024048,0.7682295441627502,0.5133017301559448,0.8085871338844299
84,exact,0.919157862663269,0.7863782644271851,0.5217757821083069,0.7438391447067261
84,nn,0.9454432129859924,0.8173694610595703,0.5760833621025085,0.7200259566307068
84,gauss,0.8250718116760254,0.8425810933113098,0.31116506457328796,0.49827879667282104
84,uniform,0.8741103410720825,0.7821595072746277,0.5077835917472839,0.8996873497962952
84,random,0.9099874496459961,0.9354398846626282,0.5703138113021851,0.92160564661026
84,pixel_linear,0.9631883502006531,0.8308365941047668,0.6885001063346863,0.2582547664642334
84,texton_linear,0.7830967307090759,0.8387776613235474,0.5850134491920471,0.0
85,ot,0.8539085984230042,0.8055258393287659,0.38998687267303467,0.7077063322067261
85,ot_sharp,0.9015643000602722,0.7999039888381958,0.41992026567459106,0.6837223172187805
85,exact,0.9129494428634644,0.7704262137413025,0.5031077265739441,0.6732420325279236
85,nn,0.7786529660224915,0.8789695501327515,0.5360882878303528,0.6135616302490234
85,gauss,0.8954711556434631,0.8339953422546387,0.3739565908908844,0.8734933137893677
85,uniform,0.8752790093421936,0.8727425336837769,0.3605691194534302,0.7322509288787842
85,random,1.0304661989212036,0.9116748571395874,0.5417411923408508,0.8459040522575378
85,pixel_linear,0.8952299356460571,0.8083690404891968,0.5160214900970459,0.36599668860435486
85,texton_linear,0.7574334740638733,0.8070114850997925,0.5497919917106628,0.0
86,ot,0.9269324541091919,0.8512375354766846,0.51139235496521,0.6346191763877869
86,ot_sharp,0.9219587445259094,0.8591686487197876,0.5174318552017212,0.6092457175254822
86,exact,0.7597864866256714,0.8960810899734497,0.5189204216003418,0.7005760669708252
86,nn,0.9069452285766602,0.9203723669052124,0.5427424311637878,0.6593984961509705
86,gauss,0.8680998086929321,0.8142006993293762,0.448368638753891,0.7201899886131287
86,uniform,0.9346925616264343,0.8673850893974304,0.5163952708244324,0.6239680647850037
86,random,0.8710639476776123,0.8413878679275513,0.48193755745887756,0.937505841255188
86,pixel_linear,0.8526607155799866,0.7832159996032715,0.5310918092727661,0.35676857829093933
86,texton_linear,0.7083407044410706,0.7805135250091553,0.46742647886276245,0.0
87,ot,1.173656940460205,0.9576956033706665,0.3711312711238861,0.846530556678772
87,ot_sharp,1.1552048921585083,1.0300438404083252,0.3626924753189087,0.8624732494354248
87,exact,0.9349715113639832,0.9459255933761597,0.4346260130405426,0.7768771052360535
87,nn,1.0869923830032349,0.9117763042449951,0.39636701345443726,0.9398942589759827
87,gauss,1.1749078035354614,1.0098906755447388,0.37029874324798584,0.8425548076629639
87,uniform,1.1778205633163452,0.9015864133834839,0.36066657304763794,0.8597133755683899
87,random,1.0999956130981445,0.9529257416725159,0.4285466969013214,0.9928632974624634
87,pixel_linear,1.0647069215774536,0.8710217475891113,0.4747387766838074,0.270879864692688
87,texton_linear,1.079204797744751,0.8701764941215515,0.4746967852115631,0.0
88,ot,0.8486192226409912,0.8126752376556396,0.3811451494693756,0.9402962327003479
88,ot_sharp,0.8748041391372681,0.8219968676567078,0.387540340423584,0.824280858039856
88,exact,0.9548560380935669,0.9067279100418091,0.4692081809043884,0.8038709759712219
88,nn,0.7538301348686218,0.7957593202590942,0.44638878107070923,0.7820681929588318
88,gauss,0.8100195527076721,0.8428893089294434,0.41038355231285095,0.8777686357498169
88,uniform,0.7765429019927979,0.8511929512023926,0.35513490438461304,1.057180404663086
88,random,1.1428428888320923,0.9838655591011047,0.48549148440361023,1.1097418069839478
88,pixel_linear,1.026121735572815,0.8203738927841187,0.44436824321746826,0.26116785407066345
88,texton_linear,1.0554096698760986,0.7991152405738831,0.47053590416908264,0.0
89,ot,0.8807452321052551,0.8803325295448303,0.4631868600845337,0.9782406091690063
89,ot_sharp,0.8972509503364563,0.8505274057388306,0.4554378390312195,0.8837979435920715
89,exact,0.8417357802391052,0.8637978434562683,0.5069368481636047,0.8087206482887268
89,nn,0.906573474407196,0.870550811290741,0.5235168933868408,0.7393399477005005
89,gauss,0.8503379821777344,0.9103094339370728,0.40042081475257874,0.7398867607116699
89,uniform,0.94483882188797,0.8220661878585815,0.4274390637874603,0.8801670074462891
89,random,0.8583221435546875,0.8699025511741638,0.5789943933486938,1.0258485078811646
89,pixel_linear,1.0096817016601562,0.8675420880317688,0.5023490190505981,0.26009589433670044
89,texton_linear,0.8506483435630798,0.9235732555389404,0.42784562706947327,0.0
90,ot,0.9219130873680115,0.9095590114593506,0.39418452978134155,0.890119731426239
90,ot_sharp,0.9189305305480957,0.9359245300292969,0.3713255524635315,0.8459529876708984
90,exact,1.026527762413025,0.8639016151428223,0.5120510458946228,0.6501526832580566
90,nn,1.0086122751235962,0.908214271068573,0.4343855381011963,0.7499117851257324
90,gauss,0.9469496011734009,0.9066817760467529,0.3661189675331116,0.7511258721351624
90,uniform,0.7820969223976135,0.9067063331604004,0.38555219769477844,0.840569257736206
90,random,1.0636695623397827,0.8751657009124756,0.5126211643218994,0.9594934582710266
90,pixel_linear,0.9882516860961914,0.9503154754638672,0.39870694279670715,0.23519106209278107
90,texton_linear,0.8293955326080322,0.9330081939697266,0.4520832300186157,0.0
91,ot,0.885508120059967,0.7963114380836487,0.46820902824401855,0.6952102780342102
91,ot_sharp,0.9112335443496704,0.8054328560829163,0.47185805439949036,0.6266719698905945
91,exact,0.9873495101928711,0.8221302628517151,0.48724564909935,0.725144624710083
91,nn,0.9786149263381958,0.78708815574646,0.4550909698009491,0.7718087434768677
91,gauss,0.9576418995857239,0.8196399807929993,0.4244939684867859,0.8602133393287659
91,uniform,0.9016015529632568,0.7646077275276184,0.43180739879608154,0.8411423563957214
91,random,1.1084365844726562,0.8934620022773743,0.5650731921195984,0.7626673579216003
91,pixel_linear,1.0296159982681274,0.8140184879302979,0.4452900290489197,0.28069621324539185
91,texton_linear,0.9412544369697571,0.7773619294166565,0.43856799602508545,0.0
92,ot,0.9577345252037048,0.8573479056358337,0.4156305193901062,0.6350935101509094
92,ot_sharp,0.9217231869697571,0.8601832985877991,0.4361794590950012,0.6441773176193237
92,exact,0.93187016248703,0.8133153915405273,0.4837181568145752,0.7724874019622803
92,nn,0.9824992418289185,0.8527313470840454,0.44461163878440857,0.7393805384635925
92,gauss,0.9272794127464294,0.8317193388938904,0.3847321569919586,0.7605028748512268
92,uniform,0.9074076414108276,0.8723591566085815,0.41311463713645935,0.8959826827049255
92,random,1.1457297801971436,0.9241361021995544,0.46359139680862427,1.0305726528167725
92,pixel_linear,0.9642935991287231,0.8423337936401367,0.465847373008728,0.3746791183948517
92,texton_linear,0.866600513458252,0.8472427725791931,0.514617383480072,0.0
93,ot,0.8553975820541382,0.8533746004104614,0.4371746778488159,0.6630303859710693
93,ot_sharp,0.8670399188995361,0.8269742727279663,0.4285883605480194,0.6500495672225952
93,exact,0.8296211957931519,0.84111088514328,0.44960421323776245,0.8457780480384827
93,nn,0.8945589065551758,0.7864781022071838,0.44429945945739746,0.8564545512199402
93,gauss,0.9325397610664368,0.8832857012748718,0.42430558800697327,0.9086514711380005
93,uniform,0.8131684064865112,0.8818778395652771,0.49498942494392395,1.0120632648468018
93,random,1.0967074632644653,0.8966604471206665,0.48555663228034973,0.9625981450080872
93,pixel_linear,0.929362952709198,0.8337970972061157,0.5332174897193909,0.33294644951820374
93,texton_linear,0.8879721164703369,0.8442605137825012,0.48749634623527527,0.0
94,ot,0.9238970279693604,0.8054186701774597,0.36520665884017944,0.9958511590957642
94,ot_sharp,0.8324887752532959,0.7776819467544556,0.3571479022502899,0.9515138268470764
94,exact,0.7857503890991211,0.8148803114891052,0.4298015832901001,0.9932977557182312
94,nn,0.9033305644989014,0.8131747841835022,0.4193460941314697,0.9353760480880737
94,gauss,0.9868427515029907,0.8261719942092896,0.34296348690986633,0.9170607924461365
94,uniform,0.7958307266235352,0.8236923813819885,0.4233703017234802,0.9853816032409668
94,random,0.9626963138580322,0.8639277815818787,0.4414500892162323,1.1714750528335571
94,pixel_linear,0.9434335231781006,0.8847426176071167,0.4933185875415802,0.5212006568908691
94,texton_linear,0.896310031414032,0.8288037776947021,0.4958198368549347,0.0
95,ot,0.736625611782074,0.8041965961456299,0.4233066439628601,0.6237155199050903
95,ot_sharp,0.7330989241600037,0.7904382944107056,0.4993564784526825,0.6145240068435669
95,exact,0.9253252148628235,0.7682333588600159,0.5281954407691956,0.639964759349823
95,nn,1.1138954162597656,0.859427809715271,0.524304986000061,0.7508735656738281
95,gauss,0.8727649450302124,0.8201264142990112,0.4044418931007385,0.730934739112854
95,uniform,0.8481747508049011,0.8022199869155884,0.4859481155872345,0.7379357814788818
95,random,0.8556602001190186,0.8156185746192932,0.47328633069992065,0.853840708732605
95,pixel_linear,0.8098711371421814,0.8118962645530701,0.4631519615650177,0.28152549266815186
95,texton_linear,0.8620376586914062,0.796197235584259,0.5404108762741089,0.0
96,ot,0.97342848777771,0.8668583035469055,0.4564332664012909,0.4820041358470917
96,ot_sharp,0.9788008332252502,0.8622989058494568,0.4427737593650818,0.4803985357284546
96,exact,1.0466119050979614,0.8829257488250732,0.4314791262149811,0.4936198890209198
96,nn,1.0377016067504883,0.8655054569244385,0.440842866897583,0.46713992953300476
96,gauss,0.9035995602607727,0.8783689141273499,0.344729483127594,0.4872562885284424
96,uniform,1.046908974647522,0.897078812122345,0.5501583218574524,0.8189383745193481
96,random,1.0428487062454224,0.8544171452522278,0.4601677358150482,0.8661086559295654
96,pixel_linear,0.9936069250106812,0.895740270614624,0.551150381565094,0.1958416849374771
96,texton_linear,1.0163413286209106,0.8803564310073853,0.5077126622200012,0.0
97,ot,1.0944863557815552,0.8307927846908569,0.4874354898929596,0.8355594277381897
97,ot_sharp,1.1113148927688599,0.9930526614189148,0.46516406536102295,0.8033131957054138
97,exact,1.1325101852416992,0.8974147439002991,0.5374854803085327,0.6485766172409058
97,nn,1.2211335897445679,0.77589350938797,0.5499888062477112,0.6105604767799377
97,gauss,1.1234737634658813,0.9324896931648254,0.4787483513355255,0.782271146774292
97,uniform,1.0776094198226929,0.8900658488273621,0.46901577711105347,0.9022418856620789
97,random,1.3279190063476562,0.9973005652427673,0.47027823328971863,0.9135863780975342
97,pixel_linear,1.0929276943206787,0.8737003803253174,0.5524542331695557,0.3361837863922119
97,texton_linear,1.0555222034454346,0.8273597955703735,0.5360302329063416,0.0
98,ot,0.970051646232605,0.8534972667694092,0.49610766768455505,0.5140271186828613
98,ot_sharp,0.8851518034934998,0.8659026026725769,0.5160207152366638,0.45464152097702026
98,exact,0.8474792838096619,0.8301329016685486,0.4530743956565857,0.6669084429740906
98,nn,0.8667881488800049,0.8896689414978027,0.5294089317321777,0.5258120894432068
98,gauss,0.8539259433746338,0.8514533638954163,0.3734947741031647,0.47642379999160767
98,uniform,0.8604153990745544,0.8505632877349854,0.49808186292648315,0.7947317361831665
98,random,1.0306600332260132,0.8432811498641968,0.4711431860923767,1.069887399673462
98,pixel_linear,0.8167127966880798,0.8922907710075378,0.5624479651451111,0.15275394916534424
98,texton_linear,0.8784905076026917,0.8477694392204285,0.514458954334259,0.0
99,ot,1.2177833318710327,0.876789391040802,0.476824551820755,0.6160447001457214
99,ot_sharp,1.2139655351638794,0.9494256973266602,0.500131368637085,0.6330021619796753
99,exact,1.2065552473068237,0.9402821660041809,0.505072832107544,0.7269027829170227
99,nn,1.1807196140289307,0.970099925994873,0.486892968416214,0.7332192659378052
99,gauss,1.1971173286437988,0.8897919654846191,0.4496375322341919,0.6451206207275391
99,uniform,1.2154730558395386,0.8980470299720764,0.5147079825401306,0.8244786858558655
99,random,1.1478327512741089,1.0590450763702393,0.494137704372406,1.1102908849716187
99,pixel_linear,1.101365566253662,0.9398179054260254,0.49443551898002625,0.29278668761253357
99,texton_linear,0.9419649839401245,0.9060475826263428,0.4996740520000458,0.0
100,ot,1.099483609199524,0.7664236426353455,0.4560128152370453,0.6602956056594849
100,ot_sharp,0.9880883693695068,0.7656437158584595,0.4455907940864563,0.6679877042770386
100,exact,1.0467466115951538,0.7627809047698975,0.4248254895210266,0.6374219059944153
100,nn,1.0496724843978882,0.8085122108459473,0.4515022933483124,0.6103765964508057
100,gauss,0.98076331615448,0.7299149036407471,0.37747901678085327,0.8316327929496765
100,uniform,0.9581625461578369,0.7822272777557373,0.39823415875434875,0.7825451493263245
100,random,1.071539282798767,0.8851681351661682,0.4794464409351349,0.827659010887146
100,pixel_linear,0.9856759905815125,0.8465605974197388,0.46313855051994324,0.2824576199054718
100,texton_linear,0.8533792495727539,0.7884366512298584,0.5002332329750061,0.0
101,ot,0.8623480796813965,0.8459726572036743,0.38677743077278137,1.1245530843734741
101,ot_sharp,0.8920785784721375,0.8619339466094971,0.39956602454185486,1.0997921228408813
101,exact,0.8727894425392151,0.834449291229248,0.46456292271614075,1.0259305238723755
101,nn,0.9178028702735901,0.783828616142273,0.46772801876068115,1.007906436920166
101,gauss,0.9288227558135986,0.8467457294464111,0.40547624230384827,1.055114984512329
101,uniform,0.8446267247200012,0.8253644108772278,0.39250051975250244,1.032606840133667
101,random,1.217628002166748,1.0367268323898315,0.541710615158081,1.0753239393234253
101,pixel_linear,0.8529778122901917,0.9132592678070068,0.5189608335494995,0.2726454734802246
101,texton_linear,0.8191108703613281,0.8105443120002747,0.4135212004184723,0.0
102,ot,0.9192640781402588,0.7505545616149902,0.37377995252609253,0.6645402908325195
102,ot_sharp,0.8996945023536682,0.7596151232719421,0.29983317852020264,0.7868621945381165
102,exact,0.8674939870834351,0.7622005939483643,0.4084235727787018,0.6312894225120544
102,nn,0.7874437570571899,0.7537606358528137,0.3494282066822052,0.7454583644866943
102,gauss,0.919132649898529,0.7396925091743469,0.4061957001686096,0.7287859916687012
102,uniform,0.8822965025901794,0.7745843529701233,0.3546336889266968,0.6119601726531982
102,random,0.9614537954330444,0.822376549243927,0.45895352959632874,0.8270964622497559
102,pixel_linear,0.8832058906555176,0.7824620008468628,0.3924082815647125,0.2807590961456299
102,texton_linear,0.8492251038551331,0.7692295908927917,0.4278186857700348,0.0
103,ot,1.0690430402755737,0.9139655232429504,0.41316184401512146,0.9441651105880737
103,ot_sharp,1.1108757257461548,0.9661915898323059,0.398626446723938,0.8785682320594788
103,exact,1.0455420017242432,0.8722519278526306,0.4293525516986847,0.8864938020706177
103,nn,1.0210001468658447,0.8859742283821106,0.42474374175071716,0.8348877429962158
103,gauss,1.0214263200759888,0.8552623391151428,0.3846888244152069,0.8441874980926514
103,uniform,1.0326905250549316,0.9407893419265747,0.3720564842224121,0.9987795948982239
103,random,1.196284294128418,0.9498978853225708,0.5027977824211121,1.0163439512252808
103,pixel_linear,1.2087936401367188,0.8443139791488647,0.4233241677284241,0.33198246359825134
103,texton_linear,1.0648481845855713,0.866923451423645,0.4311899244785309,0.0
104,ot,0.8936456441879272,0.8469406962394714,0.4461505115032196,0.9543311595916748
104,ot_sharp,0.8496313691139221,0.8605445027351379,0.44426023960113525,0.8904105424880981
104,exact,0.8847506046295166,0.8119021654129028,0.47272735834121704,0.9004340767860413
104,nn,0.93035489320755,0.8269842267036438,0.48900744318962097,0.9303589463233948
104,gauss,0.7846850752830505,0.9631983637809753,0.4284426271915436,0.8732123970985413
104,uniform,0.7905289530754089,0.8567972183227539,0.4419226348400116,1.0056471824645996
104,random,1.0177708864212036,0.933211624622345,0.4886546730995178,0.9952390789985657
104,pixel_linear,0.9038116335868835,0.9313982725143433,0.4713537395000458,0.42776697874069214
104,texton_linear,0.8392030000686646,0.8357174396514893,0.5263959765434265,0.0
105,ot,0.936059832572937,0.7679402828216553,0.48299112915992737,0.8728126883506775
105,ot_sharp,0.8365611433982849,0.7990454435348511,0.4970242381095886,0.8616064190864563
105,exact,1.0043009519577026,0.8573737740516663,0.4974123537540436,0.8778693675994873
105,nn,1.0185840129852295,0.8800857663154602,0.45635971426963806,0.8733570575714111
105,gauss,0.8373510241508484,0.8500524163246155,0.33851322531700134,0.8603336215019226
105,uniform,0.8740653395652771,0.7888211607933044,0.4300229251384735,0.960165798664093
105,random,1.0988093614578247,0.997155487537384,0.47674933075904846,1.0044102668762207
105,pixel_linear,1.006028175354004,0.8389866352081299,0.4686645269393921,0.43946003913879395
105,texton_linear,0.8392598628997803,0.7684587240219116,0.4732733964920044,0.0
106,ot,0.9224902987480164,0.8977296352386475,0.3008190989494324,0.9020422101020813
106,ot_sharp,0.9597939252853394,0.9518817067146301,0.3116360902786255,0.8893291354179382
106,exact,0.9660403728485107,0.8540520668029785,0.37502551078796387,0.945140540599823
106,nn,1.018945336341858,0.8433135151863098,0.40003716945648193,0.9505447149276733
106,gauss,0.9807301163673401,0.9184694886207581,0.3312038779258728,0.902491569519043
106,uniform,0.8114767074584961,0.8817512392997742,0.31251177191734314,0.9393500089645386
106,random,1.425252914428711,1.0732144117355347,0.42466995120048523,0.9902635812759399
106,pixel_linear,0.8385706543922424,0.810439944267273,0.44239330291748047,0.1924101561307907
106,texton_linear,0.8214161396026611,0.8250682353973389,0.45177167654037476,0.0
107,ot,0.8499740958213806,0.9218111634254456,0.3518337607383728,0.9452429413795471
107,ot_sharp,0.889488697052002,0.8717174530029297,0.3583771288394928,0.8837641477584839
107,exact,0.8203079700469971,0.8646988868713379,0.45756006240844727,0.915193498134613
107,nn,1.026535153388977,0.8832102417945862,0.43702027201652527,0.9119080305099487
107,gauss,0.8427702784538269,0.8615536093711853,0.3668573498725891,0.8505034446716309
107,uniform,0.7817147374153137,0.8599634766578674,0.36252713203430176,0.9904500246047974
107,random,1.0614186525344849,0.9515386819839478,0.45919930934906006,1.025183916091919
107,pixel_linear,0.8350648283958435,0.8615047931671143,0.41995251178741455,0.4588109254837036
107,texton_linear,0.8515749573707581,0.7632812857627869,0.4835464060306549,0.0
108,ot,0.8028498888015747,0.8764636516571045,0.4167332947254181,0.9462468028068542
108,ot_sharp,0.747463583946228,0.8626680970191956,0.388298898935318,0.792534589767456
108,exact,0.7356439828872681,0.886605441570282,0.4507963955402374,0.7787582874298096
108,nn,0.7749897241592407,0.8894768357276917,0.44722044467926025,0.7938947677612305
108,gauss,0.8284238576889038,0.8862277269363403,0.3990623652935028,0.8518967628479004
108,uniform,0.8966641426086426,0.8729062676429749,0.3568040728569031,1.013190507888794
108,random,1.1145575046539307,0.8933263421058655,0.4683951139450073,1.0636790990829468
108,pixel_linear,0.7337164878845215,0.8417208790779114,0.4480518400669098,0.3424665331840515
108,texton_linear,0.7046917676925659,0.8655363917350769,0.45764070749282837,0.0
109,ot,0.9279007315635681,0.8523146510124207,0.3590392768383026,0.6736555695533752
109,ot_sharp,0.8240711688995361,0.8290172219276428,0.3767262399196625,0.6403681635856628
109,exact,0.8433976173400879,0.7672080993652344,0.4936974048614502,0.8539550304412842
109,nn,0.8232441544532776,0.7842326760292053,0.5176421403884888,0.8344483375549316
109,gauss,0.9149649143218994,0.8858467936515808,0.35528406500816345,0.7986133694648743
109,uniform,0.960929274559021,0.8419610261917114,0.396817684173584,0.7878847718238831
109,random,1.0273934602737427,0.8594185709953308,0.4753116965293884,1.000275731086731
109,pixel_linear,0.7456716299057007,0.7758259177207947,0.6094951629638672,0.3458794951438904
109,texton_linear,0.87863689661026,0.795259952545166,0.5193728804588318,0.0
110,ot,0.8606105446815491,0.8472383618354797,0.4144270122051239,0.9721177816390991
110,ot_sharp,0.8929418921470642,0.8357731699943542,0.4463070034980774,0.9341782927513123
110,exact,0.8490443825721741,0.8621038198471069,0.48478713631629944,0.802500307559967
110,nn,0.9614486694335938,0.9182687401771545,0.46384793519973755,0.9187007546424866
110,gauss,0.7795283198356628,0.8105984926223755,0.3942190408706665,0.8229774832725525
110,uniform,0.845634937286377,0.8690486550331116,0.3865198493003845,1.0161985158920288
110,random,0.916797399520874,0.9333004951477051,0.4862498939037323,1.0827733278274536
110,pixel_linear,0.8926900029182434,0.8289062976837158,0.5179339647293091,0.3748547434806824
110,texton_linear,0.8237193822860718,0.8222612142562866,0.5384548902511597,0.0
111,ot,0.9833325147628784,0.839458167552948,0.38098663091659546,0.818308413028717
111,ot_sharp,0.9972074627876282,0.8219729661941528,0.37654873728752136,0.6894146203994751
111,exact,0.8272401094436646,0.8119601011276245,0.5656372904777527,0.8209585547447205
111,nn,0.8396057486534119,0.8319471478462219,0.5702739953994751,0.790283203125
111,gauss,0.9805799722671509,0.866706907749176,0.3834077715873718,0.85319983959198
111,uniform,0.9450075030326843,0.8472693562507629,0.3301544487476349,0.9461392760276794
111,random,1.0239250659942627,0.9142475128173828,0.5850635170936584,0.885061502456665
111,pixel_linear,0.8485648036003113,0.9793035387992859,0.634317934513092,0.29300278425216675
111,texton_linear,0.8448817729949951,0.7773120999336243,0.5452215671539307,0.0
112,ot,0.9657922983169556,1.1248235702514648,0.2813301682472229,0.7865325808525085
112,ot_sharp,1.0238984823226929,1.0945733785629272,0.28748708963394165,0.7608840465545654
112,exact,0.9914221167564392,0.9367675185203552,0.4619671404361725,0.6580715179443359
112,nn,0.9905476570129395,0.931555986404419,0.462501585483551,0.5953138470649719
112,gauss,1.0089973211288452,1.1162179708480835,0.31458085775375366,0.6754260063171387
112,uniform,0.9968549013137817,1.137169361114502,0.30815955996513367,0.8490891456604004
112,random,1.1459962129592896,0.9125486016273499,0.47823473811149597,0.9472234845161438
112,pixel_linear,0.9786782264709473,0.9514801502227783,0.47635552287101746,0.3281051814556122
112,texton_linear,1.0116900205612183,0.9274053573608398,0.4418919086456299,0.0
113,ot,1.06324303150177,0.7669947743415833,0.3845750093460083,1.0375274419784546
113,ot_sharp,1.0248113870620728,0.7789098024368286,0.373396635055542,0.9900786876678467
113,exact,0.7882429361343384,0.7938544154167175,0.4758746325969696,0.8497933149337769
113,nn,0.7614677548408508,0.7872496247291565,0.4616500735282898,0.8080491423606873
113,gauss,0.8824593424797058,0.7265128493309021,0.3694622218608856,0.9554134011268616
113,uniform,0.8260051608085632,0.7290847897529602,0.4150802791118622,0.9618611335754395
113,random,0.975799560546875,0.8970640301704407,0.4716269373893738,1.0299054384231567
113,pixel_linear,0.885650098323822,0.8207589387893677,0.5151543617248535,0.25623559951782227
113,texton_linear,0.7297818064689636,0.8219831585884094,0.5018696784973145,0.0
114,ot,0.9663201570510864,0.7220005989074707,0.44911083579063416,0.7607718110084534
114,ot_sharp,0.9602622985839844,0.7457297444343567,0.45982256531715393,0.7681155204772949
114,exact,0.9438440799713135,0.7790666818618774,0.4155403971672058,0.8391101956367493
114,nn,0.7926138639450073,0.8109651803970337,0.4421180188655853,0.850690484046936
114,gauss,0.8541442155838013,0.760377824306488,0.3331032395362854,0.8039565682411194
114,uniform,0.8476130366325378,0.7651113271713257,0.4302285313606262,0.8915379047393799
114,random,1.0845394134521484,0.8810595273971558,0.5085169076919556,1.0098172426223755
114,pixel_linear,0.9452366828918457,0.7805044054985046,0.46889784932136536,0.35195741057395935
114,texton_linear,0.9394450187683105,0.861404299736023,0.47975024580955505,0.0
115,ot,1.1964930295944214,0.9305248260498047,0.5625925660133362,0.325666606426239
115,ot_sharp,1.0572923421859741,0.900032639503479,0.5613825917243958,0.35524943470954895
115,exact,1.1240314245224,0.899322509765625,0.5969681739807129,0.31232941150665283
115,nn,0.8958339095115662,0.8804203867912292,0.5284948348999023,0.2949044406414032
115,gauss,0.9583075046539307,0.8561183214187622,0.48482999205589294,0.46592217683792114
115,uniform,0.9212355017662048,0.8854197859764099,0.49493762850761414,0.7313584685325623
115,random,1.0440614223480225,0.8595143556594849,0.6017987132072449,0.43454909324645996
115,pixel_linear,0.918501615524292,0.9239192008972168,0.5255809426307678,0.11692219227552414
115,texton_linear,1.1748301982879639,0.8983257412910461,0.6131842732429504,0.0
116,ot,0.8741999268531799,0.872829794883728,0.3685814440250397,1.000260591506958
116,ot_sharp,0.8760169744491577,0.8307552933692932,0.38392436504364014,0.9865947365760803
116,exact,0.928099513053894,0.7746601700782776,0.4616006314754486,0.9256218671798706
116,nn,0.8452415466308594,0.7832614183425903,0.44926849007606506,0.9313434362411499
116,gauss,0.9713934659957886,0.9031920433044434,0.32137230038642883,0.8964373469352722
116,uniform,0.9045177102088928,0.8493790626525879,0.3819040358066559,1.0297824144363403
116,random,1.0675936937332153,0.9515307545661926,0.4562610685825348,1.0362696647644043
116,pixel_linear,0.9894126057624817,0.8568500280380249,0.42589181661605835,0.4471885561943054
116,texton_linear,0.8435360789299011,0.817973256111145,0.41904130578041077,0.0
117,ot,0.8699393272399902,0.8104601502418518,0.4758264124393463,1.0263581275939941
117,ot_sharp,0.829096257686615,0.7948150634765625,0.48405733704566956,0.9178803563117981
117,exact,0.9203867316246033,0.8140066266059875,0.5214627385139465,1.0251243114471436
117,nn,0.8829163312911987,0.7590275406837463,0.44311079382896423,0.9052138924598694
117,gauss,0.8816176652908325,0.791284441947937,0.4698992073535919,1.0202828645706177
117,uniform,0.7683318853378296,0.756263256072998,0.46795853972435,1.0151461362838745
117,random,1.0259466171264648,0.9320169687271118,0.5120522379875183,1.0920487642288208
117,pixel_linear,0.8691363334655762,0.8398264646530151,0.5797435641288757,0.3415175676345825
117,texton_linear,0.8204582333564758,0.7999500036239624,0.5339224338531494,0.0
118,ot,0.9147058129310608,0.8893536925315857,0.4729047119617462,0.8940398097038269
118,ot_sharp,0.8380969762802124,0.8477470874786377,0.4786832332611084,0.8447858095169067
118,exact,0.898438036441803,0.888297438621521,0.5004816055297852,0.8366068601608276
118,nn,0.7888779044151306,0.8572252988815308,0.48553457856178284,0.825398862361908
118,gauss,0.9573987126350403,0.7897186875343323,0.4708201289176941,0.8788111209869385
118,uniform,1.013596773147583,0.8786744475364685,0.47577813267707825,0.8897254467010498
118,random,1.005238652229309,0.8972283005714417,0.4583415985107422,1.0584710836410522
118,pixel_linear,0.8107889294624329,0.8496553301811218,0.575303852558136,0.3454262912273407
118,texton_linear,0.8945581316947937,0.8433175683021545,0.5833067297935486,0.0
119,ot,0.8227717280387878,0.7331581711769104,0.46142685413360596,0.5053759217262268
119,ot_sharp,0.8820332288742065,0.7592738270759583,0.47360759973526,0.5888671278953552
119,exact,0.8874220848083496,0.7560845017433167,0.4679211378097534,0.5739142298698425
119,nn,0.8562988042831421,0.7641450762748718,0.4444795846939087,0.5555068850517273
119,gauss,0.8363704681396484,0.7724115252494812,0.4154408574104309,0.8162428140640259
119,uniform,0.8533191084861755,0.7770406007766724,0.47421613335609436,0.45247045159339905
119,random,1.0679584741592407,0.9525994062423706,0.5316495895385742,0.698742687702179
119,pixel_linear,0.8761662840843201,0.8090813755989075,0.4647354483604431,0.5861638784408569
119,texton_linear,0.8898471593856812,0.8333703875541687,0.5313770174980164,0.0
120,ot,0.979156494140625,0.7266323566436768,0.48166295886039734,0.7490828633308411
120,ot_sharp,0.9755541086196899,0.8261616230010986,0.45163053274154663,0.8859191536903381
120,exact,1.0452388525009155,0.8701763153076172,0.5159231424331665,0.7985153198242188
120,nn,0.9829380512237549,0.8211603760719299,0.48361945152282715,0.6352654099464417
120,gauss,0.9198436141014099,0.8276129364967346,0.44813334941864014,0.6839820742607117
120,uniform,0.9262810349464417,0.7580669522285461,0.47506633400917053,0.8146036267280579
120,random,1.0360945463180542,0.9957116842269897,0.507676362991333,1.0076583623886108
120,pixel_linear,0.9469786882400513,0.7912434339523315,0.4636740982532501,0.42683926224708557
120,texton_linear,0.9502099752426147,0.7771854400634766,0.4924589693546295,0.0
121,ot,1.046811819076538,0.835304319858551,0.34579238295555115,0.6967412829399109
121,ot_sharp,1.0105196237564087,0.8689186573028564,0.3359292149543762,0.6667068004608154
121,exact,0.8792344927787781,0.7903251051902771,0.4706410765647888,0.676619291305542
121,nn,0.9312324523925781,0.7603166699409485,0.4410770833492279,0.6517163515090942
121,gauss,0.9493961930274963,0.9076774716377258,0.3333042860031128,0.7413923144340515
121,uniform,0.9923932552337646,0.8862086534500122,0.31182730197906494,0.880231499671936
121,random,1.0674811601638794,0.793384313583374,0.4463464319705963,0.8724310994148254
121,pixel_linear,0.9243050813674927,0.8521031737327576,0.42057004570961,0.2383197546005249
121,texton_linear,0.7932195067405701,0.8100731372833252,0.4645823538303375,0.0
122,ot,0.9299215078353882,0.8596429228782654,0.47837111353874207,0.7637640833854675
122,ot_sharp,0.86513352394104,0.8450300097465515,0.4691976010799408,0.8118264675140381
122,exact,0.9213196635246277,0.8857946395874023,0.44883930683135986,0.917851984500885
122,nn,0.9340865612030029,0.9561004042625427,0.44232016801834106,0.8837727308273315
122,gauss,0.8811538815498352,0.8557650446891785,0.441337525844574,0.7871435284614563
122,uniform,0.9002140760421753,0.8730130195617676,0.4621083438396454,0.9121794700622559
122,random,1.046689748764038,0.8425816297531128,0.391303688287735,1.0974347591400146
122,pixel_linear,0.9626309275627136,0.8722537755966187,0.5936398506164551,0.41660064458847046
122,texton_linear,0.8218480348587036,0.8207460045814514,0.6010175347328186,0.0
123,ot,1.0526349544525146,0.7735309600830078,0.4305405616760254,1.1476550102233887
123,ot_sharp,1.056908130645752,0.8116614818572998,0.4172775149345398,1.085496187210083
123,exact,1.0872942209243774,0.9678321480751038,0.41743728518486023,0.943202555179596
123,nn,1.0447704792022705,0.9403998851776123,0.3794231116771698,0.9540495872497559
123,gauss,0.9694462418556213,0.9168447256088257,0.36527565121650696,0.967657208442688
123,uniform,1.0824095010757446,0.8741253614425659,0.3658084571361542,1.1270021200180054
123,random,1.122818946838379,0.9322040677070618,0.4077381193637848,1.1018511056900024
123,pixel_linear,0.9846538305282593,1.0159591436386108,0.4456348717212677,0.36575162410736084
123,texton_linear,0.8507305383682251,0.8085557222366333,0.5180203914642334,0.0
124,ot,1.0084993839263916,0.8035867810249329,0.39376625418663025,0.9710626006126404
124,ot_sharp,0.9474513530731201,0.7798333168029785,0.40813103318214417,0.9581894874572754
124,exact,0.8363492488861084,0.7643889784812927,0.4674660265445709,0.816444456577301
124,nn,0.9128915667533875,0.7506494522094727,0.45043715834617615,0.8023059368133545
124,gauss,0.9959241151809692,0.8490447402000427,0.3419051766395569,0.9424893260002136
124,uniform,0.9992355108261108,0.881304919719696,0.29709744453430176,0.8772324919700623
124,random,0.954761266708374,0.8356428146362305,0.4881676733493805,1.09201180934906
124,pixel_linear,0.7304684519767761,0.7656821608543396,0.4990144371986389,0.25444546341896057
124,texton_linear,0.8652544617652893,0.7706847786903381,0.49244487285614014,0.0
125,ot,0.811199963092804,0.8533494472503662,0.3718806505203247,1.1001015901565552
125,ot_sharp,0.929185688495636,0.8790490627288818,0.38719573616981506,1.0229101181030273
125,exact,0.9549530148506165,0.9421728849411011,0.413473904132843,0.9293310642242432
125,nn,1.0296955108642578,0.8505534529685974,0.4550459682941437,0.9559735655784607
125,gauss,0.883688747882843,0.8836470246315002,0.36992546916007996,0.8871463537216187
125,uniform,0.7631654739379883,0.8618593811988831,0.37374377250671387,1.0586029291152954
125,random,1.054575800895691,0.8606070876121521,0.4483785629272461,1.1629953384399414
125,pixel_linear,0.9814788103103638,1.068994402885437,0.4050762355327606,0.49829721450805664
125,texton_linear,0.9012044668197632,0.9277528524398804,0.3502819240093231,0.0
126,ot,0.8403242230415344,0.8971500992774963,0.32266905903816223,1.0294976234436035
126,ot_sharp,0.8936683535575867,0.8839313387870789,0.33653688430786133,0.9706064462661743
126,exact,0.8098205327987671,0.7842058539390564,0.4829343855381012,0.8882002830505371
126,nn,0.9315035343170166,0.839057445526123,0.41979506611824036,0.8756811618804932
126,gauss,0.8944498896598816,0.8838691711425781,0.2982533276081085,0.966211199760437
126,uniform,0.9399316310882568,0.8861943483352661,0.357374370098114,1.019547939300537
126,random,1.076928973197937,0.9450441002845764,0.4741998314857483,1.0581032037734985
126,pixel_linear,0.8698531985282898,0.80512535572052,0.42078787088394165,0.28200098872184753
126,texton_linear,0.7844197154045105,0.7584325075149536,0.4858221411705017,0.0
127,ot,0.843734622001648,0.7086851000785828,0.48489323258399963,0.8306307196617126
127,ot_sharp,0.8690000176429749,0.7132608890533447,0.5042879581451416,0.7949487566947937
127,exact,0.8908500075340271,0.7476262450218201,0.5247061252593994,0.7830894589424133
127,nn,0.9247607588768005,0.7205172777175903,0.5094013810157776,0.802504301071167
127,gauss,0.8712296485900879,0.714725136756897,0.4706030488014221,0.724973738193512
127,uniform,0.7924903035163879,0.6948167681694031,0.4702647030353546,0.8389440774917603
127,random,0.9209393262863159,1.0622304677963257,0.514289140701294,1.0599712133407593
127,pixel_linear,0.8520784974098206,0.7208353877067566,0.4792958199977875,0.3979986608028412
127,texton_linear,0.8821191191673279,0.8142715692520142,0.5931596159934998,0.0
128,ot,0.9877902865409851,0.8447402715682983,0.36957547068595886,0.727458119392395
128,ot_sharp,0.9783865213394165,0.8073915243148804,0.365782231092453,0.6714748740196228
128,exact,1.0529500246047974,0.8704023361206055,0.4464830160140991,0.8058836460113525
128,nn,0.9585753083229065,0.8145052194595337,0.43833571672439575,0.8710231184959412
128,gauss,0.9879682064056396,0.8122939467430115,0.39282137155532837,0.6774845123291016
128,uniform,0.9109532833099365,0.8456642627716064,0.38018473982810974,0.8935512900352478
128,random,0.9746670126914978,0.9125282764434814,0.4647565484046936,0.9801745414733887
128,pixel_linear,0.8022438287734985,0.8364315032958984,0.5329183340072632,0.2161325067281723
128,texton_linear,0.8795280456542969,0.7904318571090698,0.49423763155937195,0.0
129,ot,0.8867128491401672,0.9713784456253052,0.44498956203460693,0.8011599779129028
129,ot_sharp,0.92197585105896,0.984836757183075,0.4206538796424866,0.7753462791442871
129,exact,1.0454509258270264,0.9850867986679077,0.4372551143169403,0.7130879759788513
129,nn,0.7827807664871216,0.9560729265213013,0.4504076838493347,0.7853835225105286
129,gauss,0.8415383100509644,0.9390342831611633,0.4250424802303314,0.7138751149177551
129,uniform,0.9195300936698914,0.9810306429862976,0.421965092420578,0.7527259588241577
129,random,0.9645026922225952,0.9896895289421082,0.5461204648017883,0.8364365696907043
129,pixel_linear,0.9440189599990845,0.9826586246490479,0.4021177291870117,0.37923571467399597
129,texton_linear,0.8928425312042236,0.8437973856925964,0.473115473985672,0.0
130,ot,0.980002224445343,0.952448308467865,0.3756190538406372,0.8726548552513123
130,ot_sharp,0.9866164922714233,0.9157078862190247,0.39439839124679565,0.8312363028526306
130,exact,0.948210597038269,0.9250146746635437,0.4606928527355194,0.725745439529419
130,nn,0.9583740830421448,0.881260097026825,0.46347224712371826,0.733106791973114
130,gauss,1.0403400659561157,1.0448600053787231,0.39582809805870056,0.7010539770126343
130,uniform,1.032036542892456,1.0389404296875,0.3541887104511261,0.905707061290741
130,random,1.040389895439148,0.8875417113304138,0.5226702690124512,0.9039671421051025
130,pixel_linear,0.8287104964256287,0.9561231136322021,0.40095680952072144,0.24076946079730988
130,texton_linear,0.7215238809585571,0.8995176553726196,0.45767152309417725,0.0
131,ot,0.9569259881973267,0.7969005703926086,0.41980379819869995,0.8663394451141357
131,ot_sharp,0.9154922962188721,0.794489860534668,0.3948769271373749,0.7017264366149902
131,exact,0.9458267688751221,0.7640931606292725,0.4393826127052307,0.8165757060050964
131,nn,0.9419946074485779,0.8251627087593079,0.4368424415588379,0.7871404886245728
131,gauss,0.9587616920471191,0.7412808537483215,0.38159555196762085,0.823007345199585
131,uniform,0.9369961023330688,0.8280286192893982,0.4430374801158905,0.9117254018783569
131,random,1.073390007019043,0.8626806139945984,0.5094770193099976,0.962518036365509
131,pixel_linear,0.9928802251815796,0.8597301244735718,0.4892159700393677,0.27360090613365173
131,texton_linear,0.9006719589233398,0.7692456841468811,0.46282532811164856,0.0
132,ot,1.1053816080093384,0.8572672605514526,0.3524789810180664,0.9246746301651001
132,ot_sharp,1.0367969274520874,0.8787331581115723,0.3437705636024475,0.8565210103988647
132,exact,1.04305899143219,0.8661859035491943,0.38663604855537415,0.7972338199615479
132,nn,1.170965313911438,0.8543201684951782,0.3301297724246979,0.8884121775627136
132,gauss,0.9764804244041443,0.9058082699775696,0.3546978831291199,0.7966851592063904
132,uniform,1.0618232488632202,0.8620353937149048,0.36141037940979004,0.8834038972854614
132,random,0.9873429536819458,1.0189552307128906,0.3690165579319,0.9739546775817871
132,pixel_linear,0.8785536289215088,0.8286088705062866,0.4659360945224762,0.3799203932285309
132,texton_linear,0.8893018960952759,0.8710875511169434,0.6421406269073486,0.0
133,ot,1.136074185371399,1.082222819328308,0.376771479845047,0.6520429849624634
133,ot_sharp,1.2716553211212158,1.0560789108276367,0.3983038663864136,0.6200839281082153
133,exact,1.1717326641082764,0.9998523592948914,0.46765169501304626,0.56711745262146
133,nn,1.1148641109466553,1.0769832134246826,0.4151080548763275,0.6537150740623474
133,gauss,1.1317811012268066,1.065617561340332,0.41759437322616577,0.525895893573761
133,uniform,1.1131970882415771,1.1433022022247314,0.37824344635009766,0.7381361126899719
133,random,1.1277422904968262,0.8572681546211243,0.5309767127037048,0.986181914806366
133,pixel_linear,1.1348265409469604,0.9659979343414307,0.43901047110557556,0.32492491602897644
133,texton_linear,0.7917189598083496,0.8780876398086548,0.5343061089515686,0.0
134,ot,0.95418781042099,0.990342915058136,0.36292439699172974,0.9390482306480408
134,ot_sharp,0.9300776124000549,0.9735267162322998,0.35759875178337097,0.8971927165985107
134,exact,0.8561323285102844,0.8303561210632324,0.4637852907180786,0.8613244295120239
134,nn,0.80137038230896,0.9033578038215637,0.36840736865997314,0.9354751706123352
134,gauss,0.9154379963874817,0.9191942811012268,0.3550414443016052,0.855074405670166
134,uniform,0.9304088950157166,0.8918946385383606,0.35554972290992737,0.9608227610588074
134,random,1.0432721376419067,0.9522280097007751,0.530372679233551,0.9056288003921509
134,pixel_linear,0.8532811403274536,0.8347142338752747,0.4334101676940918,0.548477053642273
134,texton_linear,0.8781946301460266,0.8672236204147339,0.45457637310028076,0.0
135,ot,0.9676747918128967,0.7650183439254761,0.3693808317184448,0.8629341125488281
135,ot_sharp,1.0338269472122192,0.8397658467292786,0.36891695857048035,0.7862441539764404
135,exact,1.0317667722702026,0.8359842300415039,0.42759788036346436,0.8025155067443848
135,nn,0.9218295812606812,0.8460296988487244,0.43808263540267944,0.7718924283981323
135,gauss,0.9521394968032837,0.7928473949432373,0.38105812668800354,0.7789503335952759
135,uniform,0.9984519481658936,0.7712849378585815,0.3747377395629883,0.9584923386573792
135,random,1.1088297367095947,1.0676565170288086,0.4888592064380646,0.9828194975852966
135,pixel_linear,0.9354533553123474,0.8310152888298035,0.4584975838661194,0.40521445870399475
135,texton_linear,0.9093354940414429,0.8637366890907288,0.5639755129814148,0.0
136,ot,0.9747456908226013,0.8714039325714111,0.4452046751976013,1.0732957124710083
136,ot_sharp,0.9367238879203796,0.8874499797821045,0.44592005014419556,1.0191795825958252
136,exact,0.9928043484687805,0.9125926494598389,0.48736411333084106,0.8184075951576233
136,nn,0.8356399536132812,0.8548266887664795,0.48536011576652527,0.8513228893280029
136,gauss,0.8669466376304626,0.8853868246078491,0.41415464878082275,0.87151038646698
136,uniform,0.9924584627151489,0.8362868428230286,0.43098706007003784,1.1035761833190918
136,random,0.9977742433547974,0.8815798163414001,0.5277038812637329,1.0747566223144531
136,pixel_linear,0.9445935487747192,0.9232561588287354,0.46131712198257446,0.41988474130630493
136,texton_linear,0.874280571937561,0.884779691696167,0.42004913091659546,0.0
137,ot,0.880391538143158,0.9528221487998962,0.25391659140586853,0.8688634634017944
137,ot_sharp,0.8162378668785095,0.8770058751106262,0.308719664812088,0.8403675556182861
137,exact,0.8349039554595947,0.8671504259109497,0.45828837156295776,0.7891575694084167
137,nn,0.9101253151893616,0.8135704398155212,0.4874629080295563,0.7388103008270264
137,gauss,0.8180978894233704,0.9009217023849487,0.2785680294036865,0.8539305329322815
137,uniform,0.8092832565307617,0.8832194805145264,0.325290709733963,0.9436895251274109
137,random,0.92132568359375,0.9078956842422485,0.5143694877624512,1.0004509687423706
137,pixel_linear,0.7595711946487427,0.7786715030670166,0.4283517301082611,0.40049588680267334
137,texton_linear,0.8015648722648621,0.8316482901573181,0.49730023741722107,0.0
138,ot,1.0094401836395264,0.9087337851524353,0.4040513336658478,0.7466487288475037
138,ot_sharp,0.9579684138298035,0.9048029184341431,0.3975953161716461,0.7359175682067871
138,exact,1.0014618635177612,0.949539065361023,0.4207858443260193,0.9354429244995117
138,nn,0.9618518948554993,0.8861500024795532,0.43085405230522156,0.8566634654998779
138,gauss,1.004402995109558,0.8748922348022461,0.40288984775543213,0.8013639450073242
138,uniform,1.0736359357833862,0.9166949391365051,0.39755555987358093,0.9520106911659241
138,random,1.0656769275665283,1.0274348258972168,0.45139285922050476,1.0885282754898071
138,pixel_linear,1.0806961059570312,0.8665459156036377,0.4416455328464508,0.290540874004364
138,texton_linear,0.995823860168457,0.9378902316093445,0.43783190846443176,0.0
139,ot,1.0429909229278564,0.9275266528129578,0.4310232400894165,0.9189516305923462
139,ot_sharp,1.071142554283142,0.822240948677063,0.45421192049980164,0.8915935754776001
139,exact,0.983056902885437,0.8340060114860535,0.48593956232070923,0.9725869297981262
139,nn,1.0653738975524902,0.9073590636253357,0.4377525746822357,1.0885440111160278
139,gauss,1.0163302421569824,0.874992847442627,0.47228336334228516,0.8384599089622498
139,uniform,1.071455717086792,0.8539427518844604,0.4597351849079132,0.9888949394226074
139,random,0.9590715765953064,0.8286929726600647,0.4700649380683899,1.1207025051116943
139,pixel_linear,0.9541394114494324,0.8867062330245972,0.564156711101532,0.32217979431152344
139,texton_linear,0.8247801065444946,0.898306131362915,0.4708541929721832,0.0
140,ot,0.9168280959129333,0.8758047819137573,0.513217568397522,0.6535568833351135
140,ot_sharp,0.8353927731513977,0.8756795525550842,0.5130221843719482,0.5788386464118958
140,exact,0.9841809868812561,0.9159247279167175,0.5483297109603882,0.6321523189544678
140,nn,0.8808251023292542,0.8685922026634216,0.5083709955215454,0.632919192314148
140,gauss,0.9798386096954346,0.8666098117828369,0.469880074262619,0.5330873131752014
140,uniform,0.7991270422935486,0.84822678565979,0.4840700626373291,0.9775773286819458
140,random,1.0330561399459839,0.9581989645957947,0.5633708834648132,0.7121870517730713
140,pixel_linear,0.8934793472290039,0.8720209002494812,0.5104683637619019,0.23887450993061066
140,texton_linear,0.9597823023796082,0.9086488485336304,0.5917563438415527,0.0
141,ot,0.8682740926742554,0.9442955851554871,0.41623276472091675,1.0027214288711548
141,ot_sharp,0.773953914642334,0.8130847811698914,0.4801188111305237,0.9545520544052124
141,exact,0.897504448890686,0.8500065803527832,0.5162467956542969,1.2007193565368652
141,nn,0.8612064719200134,0.886269211769104,0.4446170926094055,0.9396838545799255
141,gauss,0.7663550972938538,0.9200412034988403,0.44329214096069336,1.0464915037155151
141,uniform,0.8241491317749023,1.0746169090270996,0.4023290276527405,1.0983632802963257
141,random,0.9939673542976379,0.8885160684585571,0.5177759528160095,1.2769869565963745
141,pixel_linear,0.920660138130188,0.9248564839363098,0.5966299772262573,0.1564767062664032
141,texton_linear,0.9219027757644653,0.8698782920837402,0.5673456788063049,0.0
142,ot,0.8980270028114319,1.1782077550888062,0.2380918264389038,0.9396355152130127
142,ot_sharp,0.82839035987854,1.0889909267425537,0.2401701658964157,0.9223684072494507
142,exact,0.8894932866096497,1.087876796722412,0.3237723708152771,0.835277795791626
142,nn,0.9538409113883972,1.1152077913284302,0.2986932396888733,0.8217710256576538
142,gauss,0.9382755160331726,1.188347578048706,0.2624167203903198,0.8456645011901855
142,uniform,0.9666501879692078,1.109792947769165,0.24680326879024506,0.9669873714447021
142,random,0.9915554523468018,0.9892778992652893,0.5239894390106201,0.9456706643104553
142,pixel_linear,0.9749564528465271,1.1835403442382812,0.2944783568382263,0.5338879823684692
142,texton_linear,0.8522832989692688,0.8632676005363464,0.43854162096977234,0.0
143,ot,0.9171552062034607,1.0627423524856567,0.3137795031070709,0.9606921672821045
143,ot_sharp,0.9329966902732849,1.0702309608459473,0.3313944935798645,0.9533017873764038
143,exact,0.9519008994102478,0.9856606125831604,0.3909209072589874,0.8823515176773071
143,nn,0.9773712158203125,1.0310403108596802,0.4068721830844879,0.9102617502212524
143,gauss,0.9413497447967529,1.0159014463424683,0.3754238784313202,0.9312431812286377
143,uniform,0.9305034875869751,1.089801549911499,0.3197527527809143,0.9975873231887817
143,random,0.9549333453178406,0.8967084288597107,0.4696355164051056,1.0680186748504639
143,pixel_linear,0.926545262336731,0.9412000775337219,0.385099858045578,0.3998759388923645
143,texton_linear,0.7869704365730286,0.8405312895774841,0.4644499123096466,0.0
144,ot,0.8187748193740845,0.9369269013404846,0.3277530372142792,0.8740040063858032
144,ot_sharp,0.8472800254821777,0.9103192090988159,0.3580269515514374,0.8996307849884033
144,exact,0.9367510676383972,0.9077971577644348,0.3892575800418854,0.8324872851371765
144,nn,0.9156627058982849,0.9119523763656616,0.4410697817802429,0.884070098400116
144,gauss,0.8725026845932007,0.925361692905426,0.33420947194099426,0.8614357113838196
144,uniform,0.8288258910179138,0.970495343208313,0.3364664912223816,0.9887320399284363
144,random,0.8967796564102173,0.8664611577987671,0.46665915846824646,1.014045238494873
144,pixel_linear,0.8379451632499695,0.8814288377761841,0.48519009351730347,0.32478582859039307
144,texton_linear,0.7836544513702393,1.016409158706665,0.5205773711204529,0.0
145,ot,0.9138883352279663,0.9219158291816711,0.37254559993743896,0.8651124238967896
145,ot_sharp,0.9055777788162231,0.9983332753181458,0.3403327465057373,0.8537194132804871
145,exact,0.9801454544067383,0.9640791416168213,0.36793088912963867,0.6702539920806885
145,nn,0.9582780599594116,0.8923929929733276,0.4108768403530121,0.6966328024864197
145,gauss,0.95128333568573,1.0019052028656006,0.3635832667350769,0.8127720355987549
145,uniform,0.9420182108879089,0.9862887263298035,0.36117875576019287,0.8532370328903198
145,random,0.9789962768554688,0.9428046941757202,0.5108298659324646,0.7933568954467773
145,pixel_linear,0.9940754771232605,0.8874744176864624,0.4327366054058075,0.21178339421749115
145,texton_linear,0.927800714969635,0.802523672580719,0.5115343928337097,0.0
146,ot,0.8761284947395325,1.086165189743042,0.3562634587287903,0.8180713057518005
146,ot_sharp,0.8737143874168396,1.0793414115905762,0.3557930588722229,0.6363672018051147
146,exact,0.9042834639549255,1.1082451343536377,0.4445130228996277,0.662420928478241
146,nn,0.9234809875488281,0.8532885909080505,0.46984121203422546,0.7049642205238342
146,gauss,0.7769656181335449,1.0967191457748413,0.3643896281719208,0.8452247381210327
146,uniform,0.9109547138214111,0.9417435526847839,0.33344095945358276,0.9022805094718933
146,random,0.9422354102134705,0.9433651566505432,0.42620953917503357,0.9873529672622681
146,pixel_linear,0.9253884553909302,1.062468409538269,0.4457598030567169,0.2256600260734558
146,texton_linear,0.8947144746780396,1.0267107486724854,0.4267217814922333,0.0
147,ot,1.0399787425994873,0.8838990330696106,0.3543272614479065,0.8920371532440186
147,ot_sharp,0.9764906167984009,0.8924738168716431,0.34906402230262756,0.843467116355896
147,exact,0.9452970623970032,0.914952278137207,0.36813756823539734,0.7556260824203491
147,nn,0.9689798951148987,0.9602294564247131,0.38703256845474243,0.745058000087738
147,gauss,0.9007712602615356,0.9118215441703796,0.30058741569519043,0.764306366443634
147,uniform,0.9637647867202759,0.9211376905441284,0.3648764193058014,0.884391188621521
147,random,1.1246815919876099,0.9232355356216431,0.446083664894104,1.07651686668396
147,pixel_linear,0.8940568566322327,0.8631786108016968,0.4507423937320709,0.2133982628583908
147,texton_linear,0.8477379083633423,0.8579041361808777,0.46637237071990967,0.0
148,ot,1.0267935991287231,0.9172916412353516,0.41737493872642517,0.8039032220840454
148,ot_sharp,0.9963757395744324,0.9377335906028748,0.4243879020214081,0.691464900970459
148,exact,0.9573785662651062,0.8859316110610962,0.4607277512550354,0.9411813616752625
148,nn,0.9825831055641174,0.9282835721969604,0.47309985756874084,0.8702774047851562
148,gauss,0.8996192216873169,0.8254547715187073,0.4311278164386749,0.8818277716636658
148,uniform,0.9564797282218933,0.8764582872390747,0.3752540647983551,1.039147138595581
148,random,1.0787537097930908,0.9450017809867859,0.4424446225166321,1.0463457107543945
148,pixel_linear,0.8287603259086609,0.8707441687583923,0.4812333583831787,0.16815650463104248
148,texton_linear,0.7052779793739319,0.8600799441337585,0.4833563566207886,0.0
149,ot,0.9375260472297668,0.9450902938842773,0.3864266276359558,0.9370482563972473
149,ot_sharp,0.9840100407600403,1.1239404678344727,0.3429900109767914,0.9458407163619995
149,exact,1.0294016599655151,0.9158998727798462,0.4345938265323639,0.7786155343055725
149,nn,1.0112009048461914,1.186537504196167,0.40196526050567627,0.8416438102722168
149,gauss,0.9567333459854126,0.9072085022926331,0.37039345502853394,0.8430674076080322
149,uniform,0.9527886509895325,0.9619424939155579,0.334553986787796,1.0150078535079956
149,random,0.9899091124534607,1.1564053297042847,0.41489410400390625,1.001887559890747
149,pixel_linear,0.9016261100769043,0.8566639423370361,0.42348042130470276,0.42592430114746094
149,texton_linear,1.0090386867523193,0.9133502840995789,0.37684863805770874,0.0
150,ot,1.050728678703308,1.057843804359436,0.4725648760795593,1.2342002391815186
150,ot_sharp,1.0843592882156372,0.9843268394470215,0.4377133846282959,1.1333636045455933
150,exact,1.0760220289230347,0.9577100872993469,0.45557674765586853,1.1160639524459839
150,nn,1.2046006917953491,0.9787253141403198,0.4987693130970001,0.8714541792869568
150,gauss,1.1103603839874268,0.9807180166244507,0.35883253812789917,0.771799623966217
150,uniform,1.0360950231552124,0.9967447519302368,0.5166853070259094,1.2147107124328613
150,random,1.070052981376648,1.0879384279251099,0.5030602812767029,1.3594024181365967
150,pixel_linear,1.0358740091323853,1.0002347230911255,0.5566214323043823,0.4854293763637543
150,texton_linear,1.010772943496704,0.8675628900527954,0.37088435888290405,0.0
151,ot,1.0391099452972412,0.7895852327346802,0.4351354241371155,0.954695999622345
151,ot_sharp,1.0446168184280396,0.8049765825271606,0.4401162266731262,0.8894138336181641
151,exact,1.0187584161758423,0.8194994330406189,0.4640970230102539,0.7982116341590881
151,nn,1.0329036712646484,0.7888833284378052,0.44219812750816345,0.7866818904876709
151,gauss,1.0303000211715698,0.774274468421936,0.39097821712493896,0.6326486468315125
151,uniform,0.9245470762252808,0.7682885527610779,0.4453858733177185,0.9923295974731445
151,random,1.020830750465393,0.9255597591400146,0.4870046079158783,1.0450128316879272
151,pixel_linear,1.127439022064209,0.8600553274154663,0.46490052342414856,0.253797709941864
151,texton_linear,0.8464962840080261,0.7890985608100891,0.5695597529411316,0.0
152,ot,0.8604201078414917,0.9264127016067505,0.35655495524406433,0.9381289482116699
152,ot_sharp,0.883633017539978,0.9036831259727478,0.3696419298648834,0.965985894203186
152,exact,0.8607084155082703,0.8504260778427124,0.46811333298683167,0.8249321579933167
152,nn,0.9159305691719055,0.8931148052215576,0.42230260372161865,0.8236828446388245
152,gauss,0.8020899891853333,0.8442975282669067,0.4309957027435303,0.8689281940460205
152,uniform,0.7830974459648132,0.9463125467300415,0.32999134063720703,0.960482656955719
152,random,0.883309006690979,1.0173730850219727,0.43142130970954895,0.9610304236412048
152,pixel_linear,0.9148479104042053,0.8775773644447327,0.5126926302909851,0.3059544563293457
152,texton_linear,0.800645649433136,0.8531826734542847,0.4965401589870453,0.0
153,ot,1.033556580543518,0.8637234568595886,0.5244331955909729,0.9050896167755127
153,ot_sharp,1.1170368194580078,0.8929243087768555,0.5379889011383057,0.8479723930358887
153,exact,1.07186758518219,0.8248956203460693,0.5295497179031372,0.8723114132881165
153,nn,0.9820213317871094,0.7762662768363953,0.47922399640083313,0.695432722568512
153,gauss,1.1101843118667603,0.9475400447845459,0.2972904443740845,0.7622374296188354
153,uniform,1.0089448690414429,0.9181892275810242,0.5660730004310608,0.9846962094306946
153,random,1.077066421508789,0.9967242479324341,0.5339872241020203,1.0643727779388428
153,pixel_linear,0.7852709889411926,0.8961777687072754,0.5587340593338013,0.22996893525123596
153,texton_linear,0.9135105609893799,0.8189128637313843,0.565929651260376,0.0
154,ot,0.9333767294883728,1.0118505954742432,0.31629452109336853,0.6990983486175537
154,ot_sharp,0.9435140490531921,1.027100682258606,0.3199998438358307,0.6716930866241455
154,exact,0.9706360101699829,1.0174988508224487,0.3839362859725952,0.6971089839935303
154,nn,0.9794605374336243,0.9699708223342896,0.39158329367637634,0.7049943804740906
154,gauss,0.9871451258659363,0.9931597709655762,0.3287627398967743,0.7682876586914062
154,uniform,0.9211608171463013,1.0740737915039062,0.31156453490257263,0.8513562679290771
154,random,0.9979217052459717,0.8617846369743347,0.44379186630249023,0.8636244535446167
154,pixel_linear,0.9406816959381104,0.9127737283706665,0.4171995222568512,0.2788831889629364
154,texton_linear,0.8305420279502869,0.9596041440963745,0.5337862372398376,0.0
155,ot,0.8377178311347961,0.8604620695114136,0.46828609704971313,1.0679019689559937
155,ot_sharp,0.8358765244483948,0.8538581728935242,0.4674999415874481,0.9621374607086182
155,exact,0.7986200451850891,0.8955985903739929,0.4824431240558624,1.021884799003601
155,nn,0.8812016844749451,0.8917421698570251,0.472804993391037,0.9708049893379211
155,gauss,0.8996943235397339,0.8703555464744568,0.4100050926208496,0.8863455653190613
155,uniform,0.8759168386459351,0.8908279538154602,0.4286058843135834,1.184779405593872
155,random,0.9957048296928406,0.9620816707611084,0.45271986722946167,1.4808508157730103
155,pixel_linear,0.8140283226966858,0.8807084560394287,0.535348653793335,0.4233817756175995
155,texton_linear,0.8033030033111572,0.8250980377197266,0.5554091334342957,0.0
156,ot,0.8712450265884399,0.7722093462944031,0.47519591450691223,0.6598197817802429
156,ot_sharp,0.8576057553291321,0.7659576535224915,0.4784664511680603,0.6008903980255127
156,exact,0.8742761611938477,0.8421119451522827,0.48296359181404114,0.5694331526756287
156,nn,0.9907410740852356,0.8466735482215881,0.46095213294029236,0.5907807350158691
156,gauss,0.8710727095603943,0.7412733435630798,0.3645511567592621,0.7175708413124084
156,uniform,0.917875349521637,0.8074718713760376,0.4683450162410736,0.857886791229248
156,random,0.9066503643989563,0.9217225909233093,0.48424044251441956,0.8991307616233826
156,pixel_linear,0.9171182513237,0.8457062840461731,0.4883841872215271,0.17272089421749115
156,texton_linear,0.8572673201560974,0.8105714917182922,0.4687967300415039,0.0
157,ot,0.9545335173606873,0.779367983341217,0.5002613067626953,0.6614406704902649
157,ot_sharp,1.0164521932601929,0.8211308121681213,0.49467039108276367,0.6529638171195984
157,exact,0.9976691007614136,0.8268389105796814,0.4923712909221649,0.7380592823028564
157,nn,0.9095937013626099,0.7489380836486816,0.5246003270149231,0.6498708128929138
157,gauss,0.8963884711265564,0.8688653111457825,0.4905940592288971,0.7145901322364807
157,uniform,0.9720114469528198,0.8738832473754883,0.5034778118133545,0.7525467276573181
157,random,1.0508224964141846,0.9249113202095032,0.4654487371444702,0.9768694043159485
157,pixel_linear,0.9306204319000244,0.8814382553100586,0.5359126329421997,0.3191603422164917
157,texton_linear,0.8999365568161011,0.8907525539398193,0.5309977531433105,0.0
158,ot,1.0054752826690674,0.8985916972160339,0.4406026005744934,0.9413758516311646
158,ot_sharp,1.0294333696365356,0.9960271716117859,0.43269914388656616,0.8708869814872742
158,exact,0.9697917103767395,0.889755368232727,0.5237331390380859,0.6380704045295715
158,nn,0.9288167357444763,0.8130010366439819,0.5011335611343384,0.6239885687828064
158,gauss,1.0188299417495728,0.9489204287528992,0.4196957051753998,0.7657380700111389
158,uniform,0.9392561912536621,0.923155665397644,0.433879017829895,0.9188607931137085
158,random,1.1918715238571167,0.9273252487182617,0.48246273398399353,1.0406990051269531
158,pixel_linear,1.014261245727539,0.8453523516654968,0.526459276676178,0.2982841432094574
158,texton_linear,0.9762224555015564,0.8409853577613831,0.44479691982269287,0.0
159,ot,0.939892590045929,0.8722497224807739,0.4583970308303833,0.8738152384757996
159,ot_sharp,0.9825607538223267,0.8454700708389282,0.46646225452423096,0.874126136302948
159,exact,0.995180606842041,0.8933475613594055,0.477725625038147,0.8576391339302063
159,nn,0.9148194789886475,0.8718720078468323,0.44837719202041626,0.8535741567611694
159,gauss,0.8611994385719299,0.8850179314613342,0.4302866458892822,0.9276842474937439
159,uniform,0.969609797000885,0.8630527257919312,0.4663020670413971,0.9276503324508667
159,random,1.0710170269012451,0.9383952617645264,0.4882497787475586,0.9608889222145081
159,pixel_linear,1.0370173454284668,0.9617446660995483,0.495673805475235,0.3050897717475891
159,texton_linear,0.8733648657798767,0.920785129070282,0.4837518632411957,0.0
160,ot,1.069360375404358,0.7524872422218323,0.4533193111419678,0.8519205451011658
160,ot_sharp,1.0562204122543335,0.754838228225708,0.47554489970207214,0.8410997986793518
160,exact,1.0587248802185059,0.8184955716133118,0.5634466409683228,0.7299784421920776
160,nn,0.9657215476036072,0.7469977140426636,0.5330185294151306,0.8599421977996826
160,gauss,1.0348515510559082,0.799055278301239,0.4638831615447998,0.6858915090560913
160,uniform,1.0361602306365967,0.8169825077056885,0.46855488419532776,0.9594902396202087
160,random,1.1772338151931763,0.8994814157485962,0.554201602935791,0.9242287874221802
160,pixel_linear,0.9877888560295105,0.8858564496040344,0.5369986295700073,0.25401464104652405
160,texton_linear,1.0315965414047241,0.9358044862747192,0.5198689699172974,0.0
161,ot,1.1350250244140625,0.8104848265647888,0.41314029693603516,0.7484661340713501
161,ot_sharp,1.1146713495254517,0.8519904017448425,0.39053380489349365,0.7544389367103577
161,exact,1.2735283374786377,0.8424019813537598,0.4112001955509186,0.7928765416145325
161,nn,1.0688061714172363,0.8590098023414612,0.45059075951576233,0.8441498279571533
161,gauss,1.1376336812973022,0.8319375514984131,0.4286161959171295,0.5696710348129272
161,uniform,1.045926570892334,0.7878879308700562,0.44494619965553284,0.8567097783088684
161,random,1.1485480070114136,1.0163906812667847,0.40245723724365234,1.025521993637085
161,pixel_linear,1.0189844369888306,0.7690489888191223,0.5257312059402466,0.27961045503616333
161,texton_linear,1.095686435699463,0.8683122992515564,0.532840371131897,0.0
162,ot,0.8217979669570923,0.8107907176017761,0.44728755950927734,0.6495326161384583
162,ot_sharp,0.8185853362083435,0.8046995997428894,0.4418420195579529,0.6721977591514587
162,exact,0.9459906220436096,0.8369746208190918,0.48745250701904297,0.7241993546485901
162,nn,0.9220560193061829,0.8555639982223511,0.4871043264865875,0.7452996969223022
162,gauss,0.8742450475692749,0.8347218632698059,0.4005919098854065,0.8210787177085876
162,uniform,0.7577669024467468,0.8797400593757629,0.4707362949848175,0.6805261373519897
162,random,1.1381757259368896,1.000732421875,0.42288488149642944,0.9652616381645203
162,pixel_linear,0.8969559669494629,0.909050464630127,0.6267741322517395,0.21299050748348236
162,texton_linear,0.9125944375991821,0.8378706574440002,0.5348848104476929,0.0
163,ot,1.0055339336395264,0.9242246150970459,0.4486377537250519,0.5116057395935059
163,ot_sharp,1.0307869911193848,0.9482969641685486,0.44776901602745056,0.5326367020606995
163,exact,1.1104695796966553,0.9971411228179932,0.5297309160232544,0.5176954865455627
163,nn,0.9950937628746033,0.9441843628883362,0.5255540013313293,0.5730915665626526
163,gauss,0.9747676849365234,0.9244251251220703,0.4249119460582733,0.5223283767700195
163,uniform,0.9675374031066895,0.8741580843925476,0.3861781656742096,0.6414591670036316
163,random,0.9702870845794678,0.9786502122879028,0.49082303047180176,0.767782986164093
163,pixel_linear,1.0102200508117676,0.9383026957511902,0.49741899967193604,0.14974194765090942
163,texton_linear,0.9914071559906006,0.9371480345726013,0.5363220572471619,0.0
164,ot,0.8919888734817505,0.800773024559021,0.4594508409500122,0.9272610545158386
164,ot_sharp,0.9630503058433533,0.8160356283187866,0.45489925146102905,0.8401374816894531
164,exact,1.0915881395339966,0.783850371837616,0.4933619797229767,0.8329325318336487
164,nn,1.01226007938385,0.8161242008209229,0.46527040004730225,0.8201954960823059
164,gauss,0.8819425702095032,0.800291895866394,0.4651184678077698,0.7306509017944336
164,uniform,0.8138483762741089,0.7616637349128723,0.46981531381607056,1.0233640670776367
164,random,1.008675456047058,0.830064058303833,0.48946109414100647,1.0282983779907227
164,pixel_linear,0.9624892473220825,0.8464714884757996,0.5021765232086182,0.4374299645423889
164,texton_linear,0.9270099401473999,0.7952623963356018,0.546978771686554,0.0
165,ot,0.842170000076294,0.9551630020141602,0.26858463883399963,0.7433366775512695
165,ot_sharp,0.8801391124725342,0.930188000202179,0.2786789834499359,0.6409833431243896
165,exact,0.8754180073738098,0.9161821007728577,0.4248322546482086,0.5692887306213379
165,nn,0.9382959008216858,0.9414551854133606,0.4186055064201355,0.4866776168346405
165,gauss,0.8121538758277893,0.8823297619819641,0.3349887728691101,0.7804543972015381
165,uniform,0.9045476913452148,0.9535136818885803,0.2632943391799927,0.8341444134712219
165,random,1.0008331537246704,0.872340977191925,0.4625881016254425,0.8395508527755737
165,pixel_linear,0.9212005734443665,0.8552296161651611,0.5279136300086975,0.16462886333465576
165,texton_linear,0.9784559011459351,0.8560917973518372,0.5140364170074463,0.0
166,ot,0.8786783814430237,0.7561066746711731,0.3898468613624573,0.9342060685157776
166,ot_sharp,0.8258295059204102,0.7371277213096619,0.4215763509273529,0.9051094651222229
166,exact,0.946398138999939,0.7737625241279602,0.41314712166786194,0.8886541724205017
166,nn,1.0248725414276123,0.756092369556427,0.42500653862953186,0.8285804986953735
166,gauss,0.8058642148971558,0.7743850350379944,0.3460693359375,0.9385366439819336
166,uniform,0.8677785992622375,0.7516403794288635,0.37303587794303894,0.9511530995368958
166,random,1.0075796842575073,0.9733762741088867,0.48781663179397583,1.0368549823760986
166,pixel_linear,0.8293957114219666,0.7793565988540649,0.47958430647850037,0.5149354934692383
166,texton_linear,0.8369278311729431,0.8264397978782654,0.4624035060405731,0.0
167,ot,0.9138644933700562,0.7564216256141663,0.44938328862190247,1.000923752784729
167,ot_sharp,0.9229873418807983,0.7479889392852783,0.4316531717777252,0.9523067474365234
167,exact,0.8291179537773132,0.8072772026062012,0.4855920374393463,0.8880358934402466
167,nn,0.8552923798561096,0.8291264176368713,0.48986080288887024,0.8617458343505859
167,gauss,0.8258293271064758,0.739778995513916,0.3995164930820465,0.8362376689910889
167,uniform,0.8858810067176819,0.7420803904533386,0.4182851314544678,1.0435200929641724
167,random,0.8299380540847778,0.8071461319923401,0.5082049369812012,1.0628198385238647
167,pixel_linear,0.8716455698013306,0.7865648865699768,0.5349143743515015,0.29852351546287537
167,texton_linear,0.8312780857086182,0.8254148364067078,0.5287033319473267,0.0
168,ot,0.874070942401886,0.7842316031455994,0.3963533341884613,0.5459790825843811
168,ot_sharp,0.8648614287376404,0.7750308513641357,0.4188714325428009,0.4939090609550476
168,exact,0.7155452370643616,0.8402623534202576,0.4819461703300476,0.3173128664493561
168,nn,0.9220158457756042,0.8869683742523193,0.4767289161682129,0.4541366994380951
168,gauss,0.8537454009056091,0.8023814558982849,0.35736048221588135,0.8044520616531372
168,uniform,0.8100669384002686,0.7499640583992004,0.4256223142147064,0.7708056569099426
168,random,0.8646498918533325,0.887747585773468,0.44367197155952454,0.8276163339614868
168,pixel_linear,0.938007652759552,0.7923023700714111,0.4905121922492981,0.20980040729045868
168,texton_linear,0.9559547901153564,0.7925634980201721,0.46760305762290955,0.0
169,ot,0.9264992475509644,0.801289439201355,0.46694204211235046,0.8585255742073059
169,ot_sharp,0.9499944448471069,0.7900843024253845,0.4729686379432678,0.8318234086036682
169,exact,0.9928368926048279,0.8584982752799988,0.5100980401039124,0.7645936608314514
169,nn,0.8907728791236877,0.7898864150047302,0.47037747502326965,0.7514045238494873
169,gauss,0.9454432129859924,0.81803297996521,0.4645618796348572,0.7980223894119263
169,uniform,0.934314489364624,0.9130213856697083,0.4189177453517914,0.9028467535972595
169,random,1.071187138557434,1.0826433897018433,0.43580037355422974,1.0025960206985474
169,pixel_linear,0.9294731020927429,0.8293027877807617,0.5784097909927368,0.23240435123443604
169,texton_linear,0.8315395712852478,0.8253994584083557,0.545644223690033,0.0
170,ot,0.9825440049171448,0.8344446420669556,0.48149317502975464,0.9197854995727539
170,ot_sharp,0.9447841048240662,0.8638513684272766,0.49682745337486267,0.794834554195404
170,exact,0.9372302889823914,0.9159165024757385,0.521024763584137,0.8644163012504578
170,nn,0.9265734553337097,0.9570110440254211,0.5306669473648071,0.8108137845993042
170,gauss,0.9240396618843079,0.8409044742584229,0.4593505561351776,0.8225927948951721
170,uniform,0.9609295129776001,0.8163333535194397,0.4480770230293274,1.0170257091522217
170,random,1.009756326675415,1.0280345678329468,0.515695333480835,1.0046710968017578
170,pixel_linear,0.8581417798995972,0.9152136445045471,0.5000537633895874,0.4996775686740875
170,texton_linear,0.8037939071655273,0.8378676176071167,0.4891853332519531,0.0
171,ot,0.9361909031867981,0.8554472923278809,0.4350241422653198,0.9445551633834839
171,ot_sharp,0.955286979675293,0.8614420294761658,0.4584466218948364,0.9372296929359436
171,exact,0.9054505825042725,0.8989889621734619,0.4957732558250427,0.7023827433586121
171,nn,1.122887134552002,0.901248037815094,0.4977058172225952,0.7580777406692505
171,gauss,1.0153261423110962,0.8574793338775635,0.4556637704372406,0.8936434388160706
171,uniform,0.9471787810325623,0.9139093160629272,0.3606831133365631,0.9095526933670044
171,random,1.2075369358062744,0.9485579133033752,0.4743015766143799,0.9640623331069946
171,pixel_linear,0.9457787871360779,0.8381544351577759,0.5410957932472229,0.31418484449386597
171,texton_linear,0.9795472025871277,0.910132884979248,0.505523145198822,0.0
172,ot,1.117289423942566,0.8520253896713257,0.30813995003700256,0.9944078922271729
172,ot_sharp,1.1659741401672363,0.8849421739578247,0.17564591765403748,1.0893634557724
172,exact,1.2061936855316162,0.8166590929031372,0.34107667207717896,0.9837926030158997
172,nn,1.2090116739273071,0.8497821688652039,0.28922510147094727,1.0191948413848877
172,gauss,1.2675468921661377,0.8279898166656494,0.3039494454860687,0.9981940984725952
172,uniform,1.1570645570755005,0.9112785458564758,0.3106596767902374,1.0247405767440796
172,random,1.0153464078903198,0.8043532967567444,0.35614222288131714,1.0959758758544922
172,pixel_linear,0.9748777747154236,0.8214790225028992,0.37004613876342773,0.20189441740512848
172,texton_linear,1.16923189163208,0.7943698167800903,0.3655737042427063,0.0
173,ot,0.8435686826705933,0.8205201029777527,0.506231427192688,0.9118186235427856
173,ot_sharp,0.9016525745391846,0.9126060009002686,0.49504393339157104,0.8354840278625488
173,exact,0.9547322392463684,0.8282607793807983,0.5260850191116333,0.8252164721488953
173,nn,0.864951491355896,0.8185684680938721,0.544745147228241,0.768649697303772
173,gauss,0.871788740158081,0.8984236121177673,0.48954716324806213,0.7421054244041443
173,uniform,0.811799168586731,0.8259032368659973,0.5005362629890442,0.9894073009490967
173,random,1.0847550630569458,0.9741370677947998,0.46431493759155273,1.0291224718093872
173,pixel_linear,0.8727365732192993,0.9109140038490295,0.5681706070899963,0.31627827882766724
173,texton_linear,0.9462342262268066,0.8545001149177551,0.5065605044364929,0.0
174,ot,1.0321612358093262,0.8727819919586182,0.3897768259048462,0.8723638653755188
174,ot_sharp,0.9972378015518188,0.8770061731338501,0.39148399233818054,0.8343671560287476
174,exact,0.9724717736244202,0.8943515419960022,0.46067020297050476,0.7874409556388855
174,nn,1.0452659130096436,0.8903906345367432,0.46263185143470764,0.7397293448448181
174,gauss,0.9726475477218628,0.8903631567955017,0.3370446562767029,0.7299538254737854
174,uniform,1.069446086883545,0.8329440951347351,0.42941969633102417,0.9539321660995483
174,random,0.9836301207542419,0.9819492101669312,0.47700387239456177,1.0076078176498413
174,pixel_linear,0.9636338949203491,0.8806446194648743,0.5304438471794128,0.3030243217945099
174,texton_linear,0.8968319296836853,0.8945274353027344,0.567166268825531,0.0
175,ot,0.8273512721061707,0.751492977142334,0.47926634550094604,0.757897138595581
175,ot_sharp,0.8567022085189819,0.7162569165229797,0.5074717402458191,0.6759036779403687
175,exact,0.983936071395874,0.7523934841156006,0.5042967200279236,0.7278189659118652
175,nn,0.7843210101127625,0.7659925818443298,0.4699786901473999,0.6539189219474792
175,gauss,0.8780438899993896,0.7862737774848938,0.3935612142086029,0.7688740491867065
175,uniform,0.9406316876411438,0.7790502905845642,0.43544843792915344,0.9053833484649658
175,random,1.1251872777938843,0.8576988577842712,0.505911111831665,0.9852050542831421
175,pixel_linear,0.9609226584434509,0.7328947186470032,0.6434730291366577,0.251479834318161
175,texton_linear,0.8978312611579895,0.7878980040550232,0.5490853190422058,0.0
176,ot,0.950708270072937,0.8515981435775757,0.48935815691947937,0.8959027528762817
176,ot_sharp,0.9252680540084839,0.8672776818275452,0.48041781783103943,0.8359454274177551
176,exact,0.8996652364730835,0.8929885625839233,0.47280269861221313,0.8856403231620789
176,nn,0.8897750973701477,0.84718918800354,0.46958789229393005,0.9287236332893372
176,gauss,0.8790009617805481,0.8695124387741089,0.4657662808895111,0.8213220834732056
176,uniform,0.9247993230819702,0.8183429837226868,0.37990128993988037,0.9654802680015564
176,random,1.0066206455230713,0.8963152170181274,0.49874749779701233,0.9888227581977844
176,pixel_linear,0.8426443338394165,0.8371379971504211,0.5498414039611816,0.33436983823776245
176,texton_linear,1.0121219158172607,0.8166675567626953,0.41926053166389465,0.0
177,ot,0.869688868522644,0.8746488690376282,0.3625752329826355,0.8550915718078613
177,ot_sharp,0.8560070991516113,0.8500657677650452,0.38498586416244507,0.8294901847839355
177,exact,0.9905367493629456,0.898915708065033,0.45187053084373474,0.8727322816848755
177,nn,0.9494997262954712,0.8194491863250732,0.4560999572277069,0.7806565165519714
177,gauss,0.8415719866752625,0.8700360059738159,0.3908839821815491,0.8294333815574646
177,uniform,0.9577940106391907,0.8903504610061646,0.3241943120956421,0.9029806852340698
177,random,1.24161958694458,0.9941461682319641,0.5011637806892395,1.0326149463653564
177,pixel_linear,0.9331510663032532,0.8379473090171814,0.4295136034488678,0.383480042219162
177,texton_linear,0.8585214018821716,0.8360812067985535,0.42626726627349854,0.0
178,ot,1.0055794715881348,0.9750261306762695,0.35883527994155884,0.92938232421875
178,ot_sharp,0.9996588826179504,0.9014766812324524,0.3847150504589081,0.9037374258041382
178,exact,1.063870906829834,0.8894933462142944,0.46286317706108093,0.939801037311554
178,nn,0.9868531227111816,0.8832838535308838,0.3981597423553467,0.9361798167228699
178,gauss,1.0643186569213867,0.9470572471618652,0.40462103486061096,0.8521422147750854
178,uniform,1.0475037097930908,0.9350442886352539,0.3816588521003723,1.0093713998794556
178,random,1.1346930265426636,0.8855993747711182,0.44616830348968506,1.0933793783187866
178,pixel_linear,1.0132111310958862,0.9268837571144104,0.5451573133468628,0.2937024235725403
178,texton_linear,0.8597047924995422,0.8884860873222351,0.5840399861335754,0.0
179,ot,0.9293922781944275,0.9524293541908264,0.5505529642105103,1.0149577856063843
179,ot_sharp,0.935581624507904,0.9444441199302673,0.31397774815559387,0.9739060401916504
179,exact,1.0880392789840698,0.8456141352653503,0.4884835183620453,0.9209371209144592
179,nn,1.0674585103988647,0.8430932760238647,0.4822651445865631,0.9783039093017578
179,gauss,0.9709302186965942,0.974321722984314,0.5496026873588562,0.7738293409347534
179,uniform,1.011812686920166,0.950481653213501,0.5860109329223633,1.0092111825942993
179,random,1.141357660293579,1.12906014919281,0.533742368221283,1.1669487953186035
179,pixel_linear,1.06924307346344,0.9558727741241455,0.6013689637184143,0.3711838722229004
179,texton_linear,1.0127665996551514,0.8873328566551208,0.5767525434494019,0.0
180,ot,0.9194748997688293,0.9788910150527954,0.28779011964797974,0.5392817258834839
180,ot_sharp,0.9168255925178528,0.9661283493041992,0.30281028151512146,0.5516957640647888
180,exact,0.9332643151283264,0.8564866185188293,0.4074145555496216,0.4907305836677551
180,nn,1.0225201845169067,0.845496654510498,0.4503098130226135,0.6966643333435059
180,gauss,0.9448083639144897,0.9869880080223083,0.30377379059791565,0.7428216934204102
180,uniform,0.9071685671806335,0.9860361814498901,0.3080585300922394,0.8231393098831177
180,random,0.9107626080513,0.8419005870819092,0.44654926657676697,0.9730343222618103
180,pixel_linear,1.0605943202972412,0.9581170082092285,0.5378989577293396,0.09078707545995712
180,texton_linear,1.0996934175491333,0.8648180365562439,0.4372841417789459,0.0
181,ot,0.9515705704689026,0.8752543330192566,0.4824102222919464,0.5085250735282898
181,ot_sharp,0.9454855918884277,0.8699204921722412,0.4652685821056366,0.5047347545623779
181,exact,1.0112113952636719,0.8868867754936218,0.47413352131843567,0.570284903049469
181,nn,0.9784882664680481,0.93141108751297,0.4539740979671478,0.6900062561035156
181,gauss,1.0425149202346802,0.8012895584106445,0.39105740189552307,0.7647135257720947
181,uniform,0.964887797832489,0.9117544889450073,0.46644505858421326,0.8868229389190674
181,random,1.017795443534851,0.85395348072052,0.5442131161689758,0.7020844221115112
181,pixel_linear,0.8710759878158569,0.9273905754089355,0.5145569443702698,0.2084560990333557
181,texton_linear,0.859497606754303,0.8666492700576782,0.500618577003479,0.0
182,ot,1.1023931503295898,0.9866567254066467,0.5338948369026184,0.400864839553833
182,ot_sharp,1.1937693357467651,1.012372374534607,0.540304958820343,0.3689630627632141
182,exact,1.0711685419082642,0.9327252507209778,0.5345981121063232,0.4088594615459442
182,nn,1.1010162830352783,0.9900128841400146,0.5466139912605286,0.3207892179489136
182,gauss,0.8070038557052612,0.8778754472732544,0.46361660957336426,0.6899987459182739
182,uniform,0.9126394987106323,0.9179487228393555,0.4999519884586334,0.6038311123847961
182,random,1.0454514026641846,0.9899272918701172,0.5282013416290283,0.5248788595199585
182,pixel_linear,1.1570500135421753,0.8906599283218384,0.4991530478000641,0.12023425102233887
182,texton_linear,1.037072777748108,0.9009395837783813,0.5168451070785522,0.0
183,ot,0.8986467719078064,0.838529646396637,0.3619491159915924,1.080806016921997
183,ot_sharp,0.9133349657058716,0.8274369239807129,0.3620055019855499,0.9990090131759644
183,exact,1.1190472841262817,0.8261029720306396,0.4164053201675415,1.0320348739624023
183,nn,1.0227388143539429,0.8457363843917847,0.40570834279060364,1.0227961540222168
183,gauss,1.0286740064620972,0.8460238575935364,0.35710760951042175,1.0055079460144043
183,uniform,1.003310203552246,0.8470346927642822,0.35707035660743713,1.080006718635559
183,random,0.928142249584198,0.8579163551330566,0.4134596884250641,1.134731411933899
183,pixel_linear,0.825310468673706,0.8807983994483948,0.4396206736564636,0.20106510818004608
183,texton_linear,1.0025712251663208,0.8781258463859558,0.44782087206840515,0.0
184,ot,0.8530046939849854,0.9403056502342224,0.5419501662254333,0.8843585252761841
184,ot_sharp,0.8325513601303101,0.9487659335136414,0.5432491302490234,0.8576130867004395
184,exact,0.9095664024353027,0.9408072233200073,0.5583167672157288,0.9360975027084351
184,nn,0.9701847434043884,0.8918789625167847,0.5509312748908997,0.9567133784294128
184,gauss,0.8152421116828918,0.7757047414779663,0.4312097430229187,0.7967721223831177
184,uniform,0.8734939098358154,0.8400068879127502,0.5129458904266357,0.9986249804496765
184,random,0.9504014253616333,0.8902367353439331,0.5347822308540344,1.1090679168701172
184,pixel_linear,0.8561605215072632,0.7826573848724365,0.5573791265487671,0.3723923861980438
184,texton_linear,0.8151501417160034,0.7424486875534058,0.4931032657623291,0.0
185,ot,0.9950421452522278,0.8116825222969055,0.43589919805526733,0.9626052379608154
185,ot_sharp,0.9953610301017761,0.828533411026001,0.4210856854915619,0.9229593276977539
185,exact,1.0729961395263672,0.8426482081413269,0.4082261323928833,0.8879838585853577
185,nn,1.015762448310852,0.9024761319160461,0.4264717102050781,0.9038452506065369
185,gauss,1.0553401708602905,0.836107611656189,0.37354299426078796,0.9312827587127686
185,uniform,0.9576451778411865,0.819999098777771,0.44096410274505615,0.9969285726547241
185,random,1.035866141319275,1.0764186382293701,0.46581363677978516,0.9941762685775757
185,pixel_linear,0.8581255078315735,0.7623067498207092,0.48371127247810364,0.20498457551002502
185,texton_linear,0.8978565335273743,0.8049862384796143,0.5004140138626099,0.0
186,ot,0.8667923212051392,0.7888777256011963,0.4990522563457489,0.5475947856903076
186,ot_sharp,0.876677393913269,0.8065055012702942,0.4888055920600891,0.542555570602417
186,exact,0.9227827787399292,0.903704822063446,0.5419623851776123,0.48210063576698303
186,nn,0.9384260177612305,0.8330668210983276,0.5178446769714355,0.5444177389144897
186,gauss,0.7843170166015625,0.7742658853530884,0.46141815185546875,0.699430525302887
186,uniform,0.8282366394996643,0.8517648577690125,0.5037225484848022,0.8331173062324524
186,random,1.0268911123275757,0.9380609393119812,0.5168953537940979,0.7543859481811523
186,pixel_linear,0.8212843537330627,0.8271388411521912,0.5405624508857727,0.2535592317581177
186,texton_linear,0.7756238579750061,0.8329944610595703,0.5613475441932678,0.0
187,ot,1.0708388090133667,0.8948003649711609,0.4904147982597351,0.663818895816803
187,ot_sharp,1.0747708082199097,0.9179666042327881,0.4753274917602539,0.6497050523757935
187,exact,1.0304206609725952,0.9050663113594055,0.47671693563461304,0.6265639662742615
187,nn,0.9129890203475952,0.9716832637786865,0.4831095337867737,0.6271902322769165
187,gauss,0.9831980466842651,0.8742527961730957,0.46650364995002747,0.624697744846344
187,uniform,1.0174416303634644,0.8194808959960938,0.47913897037506104,0.7939942479133606
187,random,0.9766387939453125,0.9636692404747009,0.5637074708938599,0.8565439581871033
187,pixel_linear,1.0663009881973267,0.8555659651756287,0.47291678190231323,0.3876991868019104
187,texton_linear,1.0045138597488403,0.8630437254905701,0.5572951436042786,0.0
188,ot,1.1158925294876099,0.8792593479156494,0.4408995807170868,0.8613547682762146
188,ot_sharp,1.1019957065582275,0.985690712928772,0.4352007508277893,0.7802446484565735
188,exact,1.1514480113983154,1.0487980842590332,0.44718241691589355,0.7685505151748657
188,nn,1.024176836013794,1.023435115814209,0.41583436727523804,0.8008077144622803
188,gauss,1.0488601922988892,0.9087182879447937,0.3548906147480011,0.7824864387512207
188,uniform,1.0241742134094238,0.8671520352363586,0.42795249819755554,0.9894878268241882
188,random,1.1027662754058838,1.0527217388153076,0.5386803150177002,0.7602309584617615
188,pixel_linear,1.0963817834854126,1.1215015649795532,0.4883018732070923,0.24268852174282074
188,texton_linear,0.8961402773857117,0.8977357149124146,0.49547067284584045,0.0
189,ot,1.0275006294250488,0.8546233773231506,0.5188148021697998,0.7456400990486145
189,ot_sharp,1.0001308917999268,0.8440571427345276,0.5167686939239502,0.8545006513595581
189,exact,1.0660446882247925,0.8216636776924133,0.5446856021881104,0.807375431060791
189,nn,1.0118657350540161,0.8258060216903687,0.5198087096214294,0.8357572555541992
189,gauss,1.0385853052139282,0.88399338722229,0.5171339511871338,0.7174056768417358
189,uniform,1.0532370805740356,0.8426303863525391,0.5021184086799622,0.8742406964302063
189,random,1.219599723815918,0.8754056692123413,0.5314692854881287,1.0176271200180054
189,pixel_linear,1.006581425666809,0.8640878796577454,0.5205853581428528,0.25075647234916687
189,texton_linear,0.9441327452659607,0.8031496405601501,0.5286669135093689,0.0
190,ot,0.9736936092376709,0.7912618517875671,0.47825342416763306,0.7316652536392212
190,ot_sharp,0.9068020582199097,0.792469322681427,0.4741171896457672,0.6376090049743652
190,exact,1.0615603923797607,0.7745407223701477,0.4708075523376465,0.8445822596549988
190,nn,0.862886905670166,0.8142502903938293,0.5286445617675781,0.8156965970993042
190,gauss,0.9509139657020569,0.7988845705986023,0.41122713685035706,0.7617445588111877
190,uniform,0.915519118309021,0.843416154384613,0.4756595492362976,0.8864843249320984
190,random,1.320865511894226,1.038787841796875,0.4986104369163513,1.1067438125610352
190,pixel_linear,0.8375921845436096,0.8632270693778992,0.6009232401847839,0.3147274851799011
190,texton_linear,0.9082741737365723,0.899566113948822,0.5606346726417542,0.0
191,ot,0.9760136008262634,0.899234414100647,0.47699859738349915,0.63819420337677
191,ot_sharp,0.9145541787147522,0.853262722492218,0.5077847838401794,0.5483413338661194
191,exact,0.8760059475898743,0.8732564449310303,0.5448391437530518,0.5350773930549622
191,nn,0.7839281558990479,0.8491696715354919,0.5325859189033508,0.5666329860687256
191,gauss,0.8738757371902466,0.8698588013648987,0.4476197361946106,0.7868281602859497
191,uniform,0.885771632194519,0.8165289163589478,0.5118498206138611,0.833620548248291
191,random,0.850415050983429,0.9175751209259033,0.5408099889755249,1.003143548965454
191,pixel_linear,0.7589808106422424,0.8995234966278076,0.5111296772956848,0.2763195335865021
191,texton_linear,0.7804006338119507,0.9830005168914795,0.6288559436798096,0.0
192,ot,0.93135666847229,0.8083199858665466,0.5433509945869446,0.7319502830505371
192,ot_sharp,0.970986545085907,0.81354159116745,0.562577486038208,0.6312291622161865
192,exact,0.9453020095825195,0.8945645093917847,0.5694810748100281,0.7016313076019287
192,nn,0.9657132625579834,0.8750770092010498,0.5477300882339478,0.6872511506080627
192,gauss,0.866167426109314,0.8576241731643677,0.5401120781898499,0.5899304747581482
192,uniform,0.9428788423538208,0.8201404809951782,0.4935495853424072,0.8799799680709839
192,random,1.0862373113632202,0.8768240213394165,0.5640533566474915,1.0387396812438965
192,pixel_linear,1.03352689743042,0.9690708518028259,0.5621985197067261,0.22870665788650513
192,texton_linear,0.9288049936294556,0.834121823310852,0.47970736026763916,0.0
193,ot,0.7791387438774109,0.8453465700149536,0.3691384792327881,0.7414061427116394
193,ot_sharp,0.816935122013092,0.8503398895263672,0.37531334161758423,0.7003140449523926
193,exact,0.791936993598938,0.8297380208969116,0.38599902391433716,0.6074596643447876
193,nn,0.9337552189826965,0.8258156180381775,0.41429775953292847,0.7530279159545898
193,gauss,0.7811335325241089,0.8118624687194824,0.3014746606349945,0.9592806696891785
193,uniform,0.7947694659233093,0.8377506732940674,0.3681449890136719,0.9995363354682922
193,random,0.9039058089256287,0.797260046005249,0.4711299240589142,0.9327864646911621
193,pixel_linear,0.8030225038528442,0.8595755696296692,0.3801812529563904,0.31395408511161804
193,texton_linear,0.7750338912010193,0.7654280662536621,0.40803876519203186,0.0
194,ot,0.9649062156677246,0.9900369048118591,0.27578791975975037,0.9101898074150085
194,ot_sharp,0.9420092105865479,0.9867327213287354,0.2906785309314728,0.9116194248199463
194,exact,0.8883001804351807,1.01819908618927,0.3453831076622009,0.6698596477508545
194,nn,0.9524468183517456,1.1401968002319336,0.32596641778945923,0.6665273904800415
194,gauss,0.9981564879417419,1.0886256694793701,0.27063095569610596,0.7632948160171509
194,uniform,0.9567311406135559,1.1280477046966553,0.2624695599079132,0.907647430896759
194,random,0.788068413734436,0.9320566058158875,0.49546048045158386,0.8857788443565369
194,pixel_linear,0.9493445158004761,0.8970303535461426,0.3690958023071289,0.2128821462392807
194,texton_linear,0.8570989370346069,0.8353744149208069,0.42660263180732727,0.0
195,ot,0.9202640652656555,0.8810132741928101,0.44415923953056335,0.7640204429626465
195,ot_sharp,0.9805521965026855,0.9163263440132141,0.4150039255619049,0.7565723657608032
195,exact,1.0000149011611938,0.8871020674705505,0.4784376323223114,0.793287992477417
195,nn,0.9850361943244934,0.9007138013839722,0.4196184277534485,0.8961874842643738
195,gauss,0.9240681529045105,0.922670304775238,0.3825754225254059,0.7392338514328003
195,uniform,1.0087478160858154,0.9486303925514221,0.3641415536403656,0.9389312267303467
195,random,1.0314337015151978,0.9332985281944275,0.4560147821903229,1.1571354866027832
195,pixel_linear,0.9227485656738281,0.8590880632400513,0.526337206363678,0.40894845128059387
195,texton_linear,0.7788883447647095,0.9037436246871948,0.5051056742668152,0.0
196,ot,0.8263710141181946,0.7737613320350647,0.4038304388523102,1.0058701038360596
196,ot_sharp,0.8649164438247681,0.7712427973747253,0.4083629250526428,0.95466548204422
196,exact,1.068829894065857,0.7475473880767822,0.47722765803337097,0.9064061641693115
196,nn,0.915012776851654,0.7855847477912903,0.44399017095565796,0.954597532749176
196,gauss,0.8119839429855347,0.7205723524093628,0.3653651773929596,0.8284137845039368
196,uniform,0.8400139808654785,0.8229650855064392,0.37587231397628784,1.0914959907531738
196,random,0.9737012386322021,0.8794732689857483,0.4737606644630432,1.1338740587234497
196,pixel_linear,0.9277958869934082,0.7761720418930054,0.3968081474304199,0.3771423101425171
196,texton_linear,0.8410552144050598,0.7179548740386963,0.48515355587005615,0.0
197,ot,0.722303032875061,0.9479691982269287,0.34617725014686584,0.9617286324501038
197,ot_sharp,0.7178075313568115,0.8857666254043579,0.36705517768859863,0.9188910722732544
197,exact,0.7799490094184875,0.8344576954841614,0.44121628999710083,0.9366082549095154
197,nn,0.7331887483596802,0.9254782199859619,0.4335434138774872,0.8539342880249023
197,gauss,0.7322090268135071,0.8623306751251221,0.3968740701675415,0.9431379437446594
197,uniform,0.7292715311050415,0.9703727960586548,0.31087467074394226,0.9694092869758606
197,random,0.9272826910018921,0.9198009371757507,0.45990294218063354,1.04353666305542
197,pixel_linear,0.8781479597091675,0.7992666363716125,0.42225974798202515,0.28893226385116577
197,texton_linear,0.8144800662994385,0.8104506134986877,0.4084335267543793,0.0
198,ot,0.8122277855873108,0.7935500741004944,0.4959549903869629,0.8609939813613892
198,ot_sharp,1.0353924036026,0.9804741144180298,0.27243250608444214,0.9214504361152649
198,exact,0.8694575428962708,0.7449064254760742,0.5188124775886536,0.9217827320098877
198,nn,0.9207391142845154,0.9768827557563782,0.46848753094673157,0.8546696901321411
198,gauss,0.8876335620880127,0.8138809204101562,0.4994949400424957,0.8714169263839722
198,uniform,0.9636296629905701,0.7982842922210693,0.4805837869644165,0.8612233996391296
198,random,1.141750693321228,0.7843322157859802,0.4165261387825012,0.9892950654029846
198,pixel_linear,0.9285284876823425,0.8820526599884033,0.5666794180870056,0.6033121943473816
198,texton_linear,0.8233947157859802,0.882867157459259,0.570797324180603,0.0
199,ot,0.9188913702964783,0.8188540935516357,0.44082459807395935,0.8552784323692322
199,ot_sharp,0.9527831077575684,0.8284575939178467,0.4786101281642914,0.8631265759468079
199,exact,0.7650777101516724,0.8336647748947144,0.5007089376449585,0.8063780069351196
199,nn,0.9195373058319092,0.9060089588165283,0.5113487839698792,0.7617674469947815
199,gauss,0.9007771015167236,0.8275433778762817,0.40014955401420593,0.7765418887138367
199,uniform,0.87730473279953,0.8209050893783569,0.49973633885383606,0.8141171336174011
199,random,0.9289801120758057,0.8648958802223206,0.45276200771331787,1.0931133031845093
199,pixel_linear,0.8605466485023499,0.92267906665802,0.5949751138687134,0.18165484070777893
199,texton_linear,0.9617195129394531,0.8454638123512268,0.4904332458972931,0.0
